from,to,to_label,asset,amount,time_utc,tx,etherscan
0x52f08feb1b0da609a5442514e2bb43c99d25d284,0x600cfedc6bd65fa79b604dc44964f419e45784b2,,ETH,4326.460679,2026-09-28T11:52:47,0x1347d237d11e67ca989592ddc4e6e2cdc0427e180e973c76c3c0e6919c43c6fa,https://etherscan.io/tx/0x1347d237d11e67ca989592ddc4e6e2cdc0427e180e973c76c3c0e6919c43c6fa
0x600cfedc6bd65fa79b604dc44964f419e45784b2,0x5648b985f91616470edf7bba8775a3a5f7caf70c,,ETH,159.342385,2026-09-28T14:01:59,0x8a039129145db3b1b2732f4e6daa406eca27281e8681baf75628d2aa6f3e993c,https://etherscan.io/tx/0x8a039129145db3b1b2732f4e6daa406eca27281e8681baf75628d2aa6f3e993c
0x600cfedc6bd65fa79b604dc44964f419e45784b2,0x4a777646417b0fd34715d2b21d4a132c06aed330,,ETH,165.812175,2026-09-28T14:01:11,0x25e5de23dd4b2e345a29286399592c1775a6b10526e586c20468beebc14593b2,https://etherscan.io/tx/0x25e5de23dd4b2e345a29286399592c1775a6b10526e586c20468beebc14593b2
0x600cfedc6bd65fa79b604dc44964f419e45784b2,0x41c4f3c546d6fb5610bf146f58e70f866cd11e58,,ETH,9.024796,2026-09-28T14:00:23,0xeb12ba5eb6d2c292963bdc4c747fa2fddfecd574fb03be3188c5d9e5346801b8,https://etherscan.io/tx/0xeb12ba5eb6d2c292963bdc4c747fa2fddfecd574fb03be3188c5d9e5346801b8
0x600cfedc6bd65fa79b604dc44964f419e45784b2,0xa406a6465853791ffaf4278b6a4ff6e37eef9aa8,,ETH,63.403505,2026-09-28T13:59:23,0x8a5aa2411109e5bf1ff7d3c40a1a5fa649a979360fa9b7c64679c7ded2c6e627,https://etherscan.io/tx/0x8a5aa2411109e5bf1ff7d3c40a1a5fa649a979360fa9b7c64679c7ded2c6e627
0x600cfedc6bd65fa79b604dc44964f419e45784b2,0xa406a6465853791ffaf4278b6a4ff6e37eef9aa8,,ETH,63.389294,2026-09-28T13:33:35,0x79cfb7e8636f56ff8d0b6de5539f553a1f62ba192e24c0d1192c50eb2ad44d6a,https://etherscan.io/tx/0x79cfb7e8636f56ff8d0b6de5539f553a1f62ba192e24c0d1192c50eb2ad44d6a
0x600cfedc6bd65fa79b604dc44964f419e45784b2,0xc8df6ad1203598395777164519b81e49f11209e2,,ETH,20.102104,2026-09-28T13:32:47,0x41e22c431eb7e88776df06779693280a2d0193a83d434840be97c4644ee3e638,https://etherscan.io/tx/0x41e22c431eb7e88776df06779693280a2d0193a83d434840be97c4644ee3e638
0x600cfedc6bd65fa79b604dc44964f419e45784b2,0x4a777646417b0fd34715d2b21d4a132c06aed330,,ETH,117.918967,2026-09-28T13:31:35,0xf874740e3fcfd513e240214757be8dd6e7ac58adcd5aace55e37e00a829bb92f,https://etherscan.io/tx/0xf874740e3fcfd513e240214757be8dd6e7ac58adcd5aace55e37e00a829bb92f
0x600cfedc6bd65fa79b604dc44964f419e45784b2,0xa2638c9e25fb12b1edbc8e8fb270e8890382d58d,,ETH,292.613507,2026-09-28T13:30:59,0x2d41efc0f2b2eca9d27fe23014ae7b94ba0b2ab5a5a6d0cc7e629ac927ba6e0b,https://etherscan.io/tx/0x2d41efc0f2b2eca9d27fe23014ae7b94ba0b2ab5a5a6d0cc7e629ac927ba6e0b
0x600cfedc6bd65fa79b604dc44964f419e45784b2,0x5648b985f91616470edf7bba8775a3a5f7caf70c,,ETH,366.477969,2026-09-28T13:30:11,0x6152e7a91eef6ee7fe63f3ca41453eeed0d86dbde7b5002f3d89982a3be14d86,https://etherscan.io/tx/0x6152e7a91eef6ee7fe63f3ca41453eeed0d86dbde7b5002f3d89982a3be14d86
0x600cfedc6bd65fa79b604dc44964f419e45784b2,0xf7bc92103f23ef312658cd9b81dc2713f7b396c3,,ETH,53.609616,2026-09-28T13:08:47,0xbc193bf24480cad7b80c6c1c5b97dcc2ae493e6ba53b97796fbea499b016239f,https://etherscan.io/tx/0xbc193bf24480cad7b80c6c1c5b97dcc2ae493e6ba53b97796fbea499b016239f
0x600cfedc6bd65fa79b604dc44964f419e45784b2,0xa406a6465853791ffaf4278b6a4ff6e37eef9aa8,,ETH,127.056411,2026-09-28T13:08:11,0x0a2a1af33c10646a674ecec265f681c1b6e6253ab71582296abf2b8cf7cf9c0d,https://etherscan.io/tx/0x0a2a1af33c10646a674ecec265f681c1b6e6253ab71582296abf2b8cf7cf9c0d
0x600cfedc6bd65fa79b604dc44964f419e45784b2,0x5648b985f91616470edf7bba8775a3a5f7caf70c,,ETH,159.613464,2026-09-28T12:57:23,0x559453c8978d05741a96ef426b8f33c4572267b1048764c050c19e248bb11c60,https://etherscan.io/tx/0x559453c8978d05741a96ef426b8f33c4572267b1048764c050c19e248bb11c60
0x600cfedc6bd65fa79b604dc44964f419e45784b2,0x4a777646417b0fd34715d2b21d4a132c06aed330,,ETH,86.055595,2026-09-28T12:56:11,0xd422dd5c5c1f10940d799b6fe19ef99b3161688f46bfb8c4009076dcfc4c7c71,https://etherscan.io/tx/0xd422dd5c5c1f10940d799b6fe19ef99b3161688f46bfb8c4009076dcfc4c7c71
0x600cfedc6bd65fa79b604dc44964f419e45784b2,0x41c4f3c546d6fb5610bf146f58e70f866cd11e58,,ETH,4.946062,2026-09-28T12:41:11,0x20cb128be9633594ccf06fbcee0840989697267e58fdf8e9aa266dfa86bc68f5,https://etherscan.io/tx/0x20cb128be9633594ccf06fbcee0840989697267e58fdf8e9aa266dfa86bc68f5
0x600cfedc6bd65fa79b604dc44964f419e45784b2,0x8c701bcc2d3001bb22f474b8a182f58ef8d377b3,,ETH,165.068249,2026-09-28T12:40:35,0x47a78587a5ba56f7dfc2865e0fa8f7788999d91763af7965196b4cc94ad26977,https://etherscan.io/tx/0x47a78587a5ba56f7dfc2865e0fa8f7788999d91763af7965196b4cc94ad26977
0x600cfedc6bd65fa79b604dc44964f419e45784b2,0xa406a6465853791ffaf4278b6a4ff6e37eef9aa8,,ETH,127.199199,2026-09-28T12:39:59,0xa0188dde7b1c89a1c99658a4e1544ff76aa8581eec9d76d3fceef363fe668259,https://etherscan.io/tx/0xa0188dde7b1c89a1c99658a4e1544ff76aa8581eec9d76d3fceef363fe668259
0x600cfedc6bd65fa79b604dc44964f419e45784b2,0x20f3afe8feb485790194e608d88b60b050452c8a,,ETH,142.139406,2026-09-28T12:39:23,0xa36f7d8fad4091f35f4d9d9435d962ded10b06abcfee6953c3bf06003418d71d,https://etherscan.io/tx/0xa36f7d8fad4091f35f4d9d9435d962ded10b06abcfee6953c3bf06003418d71d
0x600cfedc6bd65fa79b604dc44964f419e45784b2,0x7766d2fcaa60eb3219e750182b80fcbe38b916a5,,ETH,213.426816,2026-09-28T12:38:47,0xcf8a2cd88151dcb0ab2db558413e2b96493f9171223ccc80d1a48e544eb54d15,https://etherscan.io/tx/0xcf8a2cd88151dcb0ab2db558413e2b96493f9171223ccc80d1a48e544eb54d15
0x600cfedc6bd65fa79b604dc44964f419e45784b2,0x5648b985f91616470edf7bba8775a3a5f7caf70c,,ETH,235.509277,2026-09-28T12:38:11,0xc68aa5c99470ea1afab20157d1e287dae4dc9277091d65de686f6db5e23da815,https://etherscan.io/tx/0xc68aa5c99470ea1afab20157d1e287dae4dc9277091d65de686f6db5e23da815
0x600cfedc6bd65fa79b604dc44964f419e45784b2,0x4a777646417b0fd34715d2b21d4a132c06aed330,,ETH,222.823424,2026-09-28T12:37:35,0x167c7004c6ed58a3c2851797acb15493a6795e2bba73fd2931bf1b30c24cc89d,https://etherscan.io/tx/0x167c7004c6ed58a3c2851797acb15493a6795e2bba73fd2931bf1b30c24cc89d
0x600cfedc6bd65fa79b604dc44964f419e45784b2,0xa2638c9e25fb12b1edbc8e8fb270e8890382d58d,,ETH,36.015606,2026-09-28T12:36:59,0x6367bca493ae807a44237095be18a35a2c8bedfa24debd5d2886ef5f7a5d0532,https://etherscan.io/tx/0x6367bca493ae807a44237095be18a35a2c8bedfa24debd5d2886ef5f7a5d0532
0x600cfedc6bd65fa79b604dc44964f419e45784b2,0xa2638c9e25fb12b1edbc8e8fb270e8890382d58d,,ETH,1248.997972,2026-09-28T12:05:47,0x3e6197ece72b5bc71e5c71fe043c34905233696b1c2d4f6d80273e97143baf18,https://etherscan.io/tx/0x3e6197ece72b5bc71e5c71fe043c34905233696b1c2d4f6d80273e97143baf18
0x600cfedc6bd65fa79b604dc44964f419e45784b2,0x4a777646417b0fd34715d2b21d4a132c06aed330,,ETH,222.978831,2026-09-28T11:29:59,0xd9e6412cc04895336653a3887e4659394cfd36403feef179e71a3631fb32e50e,https://etherscan.io/tx/0xd9e6412cc04895336653a3887e4659394cfd36403feef179e71a3631fb32e50e
0x600cfedc6bd65fa79b604dc44964f419e45784b2,0xa406a6465853791ffaf4278b6a4ff6e37eef9aa8,,ETH,127.458659,2026-09-28T11:20:47,0x16c310e81e67f7b9737be33d584a4c5d330097973fd461308cd121851f7d9baa,https://etherscan.io/tx/0x16c310e81e67f7b9737be33d584a4c5d330097973fd461308cd121851f7d9baa
0x600cfedc6bd65fa79b604dc44964f419e45784b2,0x41c4f3c546d6fb5610bf146f58e70f866cd11e58,,ETH,8.912744,2026-09-28T11:17:23,0xe2aed751e1b72eae549b81e35e80be3c917ecec2c62e58428a2a1c2c36151316,https://etherscan.io/tx/0xe2aed751e1b72eae549b81e35e80be3c917ecec2c62e58428a2a1c2c36151316
0x600cfedc6bd65fa79b604dc44964f419e45784b2,0xf7bc92103f23ef312658cd9b81dc2713f7b396c3,,ETH,84.950585,2026-09-28T10:46:47,0x9e517592c54f0ac8305cdc2dccc05355e211899da39e5b770b1f6e60b22362b0,https://etherscan.io/tx/0x9e517592c54f0ac8305cdc2dccc05355e211899da39e5b770b1f6e60b22362b0
0x600cfedc6bd65fa79b604dc44964f419e45784b2,0xa406a6465853791ffaf4278b6a4ff6e37eef9aa8,,ETH,63.758922,2026-09-28T10:34:35,0xae361d93ffddc4c4d0c57e0be87e1ae4cbd85c38aced420000287502c4eef45e,https://etherscan.io/tx/0xae361d93ffddc4c4d0c57e0be87e1ae4cbd85c38aced420000287502c4eef45e
0x600cfedc6bd65fa79b604dc44964f419e45784b2,0xee45a8d27b62e201a94d762915bd15686e5ce4af,,ETH,103.965753,2026-09-28T10:26:35,0xe04eb0d5a3e52f731386b73832427a522aa517afe20a861d67df96af5f11bebb,https://etherscan.io/tx/0xe04eb0d5a3e52f731386b73832427a522aa517afe20a861d67df96af5f11bebb
0x600cfedc6bd65fa79b604dc44964f419e45784b2,0xa406a6465853791ffaf4278b6a4ff6e37eef9aa8,,ETH,63.784082,2026-09-28T10:19:47,0xf0310e0bd0852017c46d16c5cdde55e43cc94ef8096e4f27ac3a1e9184cd2b79,https://etherscan.io/tx/0xf0310e0bd0852017c46d16c5cdde55e43cc94ef8096e4f27ac3a1e9184cd2b79
0x600cfedc6bd65fa79b604dc44964f419e45784b2,0x51190be1bac64a48f28043598f4c16c564e84e6c,,ETH,84.457058,2026-09-28T10:13:11,0x34b77723fd2f3e57ea0c7420c46dc2f8f132c23afb7cf78562f91aaeac0be7d4,https://etherscan.io/tx/0x34b77723fd2f3e57ea0c7420c46dc2f8f132c23afb7cf78562f91aaeac0be7d4
0x600cfedc6bd65fa79b604dc44964f419e45784b2,0xa406a6465853791ffaf4278b6a4ff6e37eef9aa8,,ETH,63.861996,2026-09-28T10:07:59,0xfdc580bc6dac1cd50c034b4a20fa57589e5b0c77391edfd37c10cb0aaee2989d,https://etherscan.io/tx/0xfdc580bc6dac1cd50c034b4a20fa57589e5b0c77391edfd37c10cb0aaee2989d
0x600cfedc6bd65fa79b604dc44964f419e45784b2,0xc62ce8962bfe11005be7039b70e1599ea5e1dd76,,ETH,18.848431,2026-09-28T09:19:59,0x2ecac3e45a244e41297c639b432ccce7e5f659ffb69a18299850329bb8006124,https://etherscan.io/tx/0x2ecac3e45a244e41297c639b432ccce7e5f659ffb69a18299850329bb8006124
0x600cfedc6bd65fa79b604dc44964f419e45784b2,0xa406a6465853791ffaf4278b6a4ff6e37eef9aa8,,ETH,63.849591,2026-09-28T09:18:35,0x2cfd57e61467296e64fb9d4ab7886b4590cdb3462abca1b26ecb130564cb9613,https://etherscan.io/tx/0x2cfd57e61467296e64fb9d4ab7886b4590cdb3462abca1b26ecb130564cb9613
0x600cfedc6bd65fa79b604dc44964f419e45784b2,0x08dc03cab2b2f04d31cc45ca457ab476cb5d50e8,,ETH,204.494328,2026-09-28T08:48:23,0xc2540d20df62cce939999877ff580715664408afa887678f365e8e8d65abd970,https://etherscan.io/tx/0xc2540d20df62cce939999877ff580715664408afa887678f365e8e8d65abd970
0x600cfedc6bd65fa79b604dc44964f419e45784b2,0xa406a6465853791ffaf4278b6a4ff6e37eef9aa8,,ETH,64.009908,2026-09-28T08:47:47,0xd6b54d1a3b9326676d09cf0eadc2a7ed98b28af725f8fe59030c9dcaba1005fd,https://etherscan.io/tx/0xd6b54d1a3b9326676d09cf0eadc2a7ed98b28af725f8fe59030c9dcaba1005fd
0x600cfedc6bd65fa79b604dc44964f419e45784b2,0xf7bc92103f23ef312658cd9b81dc2713f7b396c3,,ETH,39.922445,2026-09-28T08:45:47,0x16c8144f7802d9f663ccd679c29cfdaecf3fb684d77f26d8a85ebd029f2bb11d,https://etherscan.io/tx/0x16c8144f7802d9f663ccd679c29cfdaecf3fb684d77f26d8a85ebd029f2bb11d
0x600cfedc6bd65fa79b604dc44964f419e45784b2,0xe93d025fa7441b8978fbd3099faa71bb0564a886,,ETH,63.363104,2026-09-28T08:29:59,0xaa54feb82144185fa508dc678d5814f4ad8aa5f2ef9367f44c74349c8c2f900c,https://etherscan.io/tx/0xaa54feb82144185fa508dc678d5814f4ad8aa5f2ef9367f44c74349c8c2f900c
0x600cfedc6bd65fa79b604dc44964f419e45784b2,0xe93d025fa7441b8978fbd3099faa71bb0564a886,,ETH,93.047156,2026-09-28T08:28:47,0xdfb9742682c180a2440e7e872ac172c7de0facbe9da61808b2f3d2c27d12b991,https://etherscan.io/tx/0xdfb9742682c180a2440e7e872ac172c7de0facbe9da61808b2f3d2c27d12b991
0x600cfedc6bd65fa79b604dc44964f419e45784b2,0x710e89c15a1c55cdf4614c7e43178ebf2e20ce7d,,ETH,61.007257,2026-09-28T08:28:11,0xa6c03d63a13a51d40cf70a94cb6463f35431d2569cd630f23200f5997452003a,https://etherscan.io/tx/0xa6c03d63a13a51d40cf70a94cb6463f35431d2569cd630f23200f5997452003a
0x600cfedc6bd65fa79b604dc44964f419e45784b2,0xcfe25e689d37254c392ad683e9fcf9b9faa8adcc,,ETH,185.396094,2026-09-28T08:27:35,0x103ff2d0efc6b135ae2da9343e7cdc61f1bd49e98ca4df057934e22173f6a16b,https://etherscan.io/tx/0x103ff2d0efc6b135ae2da9343e7cdc61f1bd49e98ca4df057934e22173f6a16b
0x600cfedc6bd65fa79b604dc44964f419e45784b2,0xc62ce8962bfe11005be7039b70e1599ea5e1dd76,,ETH,19.276272,2026-09-28T08:26:59,0x56caf0071c92ecb0f9ccfcac370f7a8dc60b7b0e77af94928d568cd4850eba55,https://etherscan.io/tx/0x56caf0071c92ecb0f9ccfcac370f7a8dc60b7b0e77af94928d568cd4850eba55
0x600cfedc6bd65fa79b604dc44964f419e45784b2,0xf7bc92103f23ef312658cd9b81dc2713f7b396c3,,ETH,202.552198,2026-09-28T07:30:11,0xcf2ac4e22f21dbe4f7888fa9ed3f6af99c654254384f3a946240a4994187ec8f,https://etherscan.io/tx/0xcf2ac4e22f21dbe4f7888fa9ed3f6af99c654254384f3a946240a4994187ec8f
0x600cfedc6bd65fa79b604dc44964f419e45784b2,0xa406a6465853791ffaf4278b6a4ff6e37eef9aa8,,ETH,64.055657,2026-09-28T07:24:23,0x98859d44aa5fada3406c4c456d3c6eeea14ec468bb3ee1b869387dd3b6fcae60,https://etherscan.io/tx/0x98859d44aa5fada3406c4c456d3c6eeea14ec468bb3ee1b869387dd3b6fcae60
0x600cfedc6bd65fa79b604dc44964f419e45784b2,0x4a777646417b0fd34715d2b21d4a132c06aed330,,ETH,128.695644,2026-09-28T07:23:35,0x6650aff0424096aa7b526d88f07b3c440210a20ea16eaa35f54e86b6fc5b33ff,https://etherscan.io/tx/0x6650aff0424096aa7b526d88f07b3c440210a20ea16eaa35f54e86b6fc5b33ff
0x600cfedc6bd65fa79b604dc44964f419e45784b2,0xf7bc92103f23ef312658cd9b81dc2713f7b396c3,,ETH,188.616309,2026-09-28T07:22:59,0x8de224f77a68493a93addee9205c47ad955323b82136abd7a77b4fe76d44ae3c,https://etherscan.io/tx/0x8de224f77a68493a93addee9205c47ad955323b82136abd7a77b4fe76d44ae3c
0x600cfedc6bd65fa79b604dc44964f419e45784b2,0x5115c5f6ae81872d2c208c35730d1650e8072e83,,ETH,103.371479,2026-09-28T07:09:47,0x403064cbdb0357a6c5b8082d2cf49bb2f26f826c0a579ddddc671cc25e54e52f,https://etherscan.io/tx/0x403064cbdb0357a6c5b8082d2cf49bb2f26f826c0a579ddddc671cc25e54e52f
0x600cfedc6bd65fa79b604dc44964f419e45784b2,0xa406a6465853791ffaf4278b6a4ff6e37eef9aa8,,ETH,64.056227,2026-09-28T07:08:47,0xe758f45e86541ba5b12e4c291b8bf168c271f03280a07150013b0ac071be9e45,https://etherscan.io/tx/0xe758f45e86541ba5b12e4c291b8bf168c271f03280a07150013b0ac071be9e45
0x600cfedc6bd65fa79b604dc44964f419e45784b2,0x09db2ba96eec500ba384804efd9f6c6362d40b0a,,ETH,31.026368,2026-09-28T06:58:23,0x1e6841f91a4696fcd562a4e8bd8122eee68bcb317b68b8abb6d2eeb06bf04977,https://etherscan.io/tx/0x1e6841f91a4696fcd562a4e8bd8122eee68bcb317b68b8abb6d2eeb06bf04977
0x600cfedc6bd65fa79b604dc44964f419e45784b2,0xa406a6465853791ffaf4278b6a4ff6e37eef9aa8,,ETH,64.019638,2026-09-28T06:53:35,0x77a31abfd76287d6f8dd92016f455ab57d7153a44f32a5945d727d96f18d1472,https://etherscan.io/tx/0x77a31abfd76287d6f8dd92016f455ab57d7153a44f32a5945d727d96f18d1472
0x600cfedc6bd65fa79b604dc44964f419e45784b2,0xc9a693ab09b1a6a8320919105d62c0f754bc592c,,ETH,112.046259,2026-09-28T06:51:47,0x84331c1a5eb61d69a293ace7212afe2f832319f84e25090e03158cf5a549d103,https://etherscan.io/tx/0x84331c1a5eb61d69a293ace7212afe2f832319f84e25090e03158cf5a549d103
0x600cfedc6bd65fa79b604dc44964f419e45784b2,0xa406a6465853791ffaf4278b6a4ff6e37eef9aa8,,ETH,64.005237,2026-09-28T06:23:35,0x935af48cb061ab9d939509047b83f6a706a1306c9c1d4766dd52a6706bd23613,https://etherscan.io/tx/0x935af48cb061ab9d939509047b83f6a706a1306c9c1d4766dd52a6706bd23613
0x600cfedc6bd65fa79b604dc44964f419e45784b2,0xa406a6465853791ffaf4278b6a4ff6e37eef9aa8,,ETH,32.006921,2026-09-28T06:02:11,0x848f712a217a71a6cefe759039a9ae39d0ad85334ae7d568f226bfd777629255,https://etherscan.io/tx/0x848f712a217a71a6cefe759039a9ae39d0ad85334ae7d568f226bfd777629255
0x600cfedc6bd65fa79b604dc44964f419e45784b2,0x132e00d513dc406342d2661cc74fb8542117afdd,,ETH,161.819435,2026-09-28T06:01:35,0xeed274cf2c3257e93a3d7a5bd0ed25cb9412656655f0adb64454d8d91111bc57,https://etherscan.io/tx/0xeed274cf2c3257e93a3d7a5bd0ed25cb9412656655f0adb64454d8d91111bc57
0x600cfedc6bd65fa79b604dc44964f419e45784b2,0x29717c8bb45c12b36ffd252c038213d17ae76932,,ETH,92.400095,2026-09-28T06:00:59,0x84478da971948a1ce1639abf4c763eb54ba33d37ff2fa9e994e5a65813786611,https://etherscan.io/tx/0x84478da971948a1ce1639abf4c763eb54ba33d37ff2fa9e994e5a65813786611
0x600cfedc6bd65fa79b604dc44964f419e45784b2,0x51190be1bac64a48f28043598f4c16c564e84e6c,,ETH,112.913195,2026-09-28T06:00:23,0x50137fa0161ec072eef5e9aeb9346226ac47957d84f692305eeeb0a699480c59,https://etherscan.io/tx/0x50137fa0161ec072eef5e9aeb9346226ac47957d84f692305eeeb0a699480c59
0x600cfedc6bd65fa79b604dc44964f419e45784b2,0xa2638c9e25fb12b1edbc8e8fb270e8890382d58d,,ETH,62.149386,2026-09-28T05:59:47,0x733faa70058e4a1b1e87f1594a2847e89c9c2b731dce30a767c480c6af5dfa3c,https://etherscan.io/tx/0x733faa70058e4a1b1e87f1594a2847e89c9c2b731dce30a767c480c6af5dfa3c
0x600cfedc6bd65fa79b604dc44964f419e45784b2,0xf7bc92103f23ef312658cd9b81dc2713f7b396c3,,ETH,248.94467,2026-09-28T05:59:11,0xfb93f50e622e951dcb36c927254ad69f89f288ab3ed950b6791deac9f32cd2e2,https://etherscan.io/tx/0xfb93f50e622e951dcb36c927254ad69f89f288ab3ed950b6791deac9f32cd2e2
0x600cfedc6bd65fa79b604dc44964f419e45784b2,0x4a777646417b0fd34715d2b21d4a132c06aed330,,ETH,125.482987,2026-09-28T05:48:47,0x6c07e6a8fc36ebc828cea1f3ca2b9c983261ce46ffe58e4b21670243b0608a28,https://etherscan.io/tx/0x6c07e6a8fc36ebc828cea1f3ca2b9c983261ce46ffe58e4b21670243b0608a28
0x600cfedc6bd65fa79b604dc44964f419e45784b2,0x41c4f3c546d6fb5610bf146f58e70f866cd11e58,,ETH,8.910113,2026-09-28T05:48:11,0x0a13b642ec2919d1cc4d297a82e1125d71529fd76162d2debae1c932e39539a3,https://etherscan.io/tx/0x0a13b642ec2919d1cc4d297a82e1125d71529fd76162d2debae1c932e39539a3
0x600cfedc6bd65fa79b604dc44964f419e45784b2,0xa406a6465853791ffaf4278b6a4ff6e37eef9aa8,,ETH,32.036622,2026-09-28T05:45:47,0xf066d39493ef4b01782c3aa29b5226bb325c800510401304600cb0a244f25cf4,https://etherscan.io/tx/0xf066d39493ef4b01782c3aa29b5226bb325c800510401304600cb0a244f25cf4
0x600cfedc6bd65fa79b604dc44964f419e45784b2,0x29717c8bb45c12b36ffd252c038213d17ae76932,,ETH,113.776845,2026-09-28T05:44:59,0x10ac9353ac92fea2bb7545369be53124ca614d17c40ae490119909025c0b4c34,https://etherscan.io/tx/0x10ac9353ac92fea2bb7545369be53124ca614d17c40ae490119909025c0b4c34
0x600cfedc6bd65fa79b604dc44964f419e45784b2,0xf7bc92103f23ef312658cd9b81dc2713f7b396c3,,ETH,304.01099,2026-09-28T05:44:23,0x2afd2dc4d3d06b16a635330209d5190d6e66de9717880099539c81cb8c2f2887,https://etherscan.io/tx/0x2afd2dc4d3d06b16a635330209d5190d6e66de9717880099539c81cb8c2f2887
0x600cfedc6bd65fa79b604dc44964f419e45784b2,0x132e00d513dc406342d2661cc74fb8542117afdd,,ETH,85.66148,2026-09-28T05:43:47,0xc375fbd01aeb952c5ce2c73f90b8063b55db5f9d34c3220197ab944ba3d2f306,https://etherscan.io/tx/0xc375fbd01aeb952c5ce2c73f90b8063b55db5f9d34c3220197ab944ba3d2f306
0x600cfedc6bd65fa79b604dc44964f419e45784b2,0x4a777646417b0fd34715d2b21d4a132c06aed330,,ETH,161.098085,2026-09-28T05:27:11,0xb939d7d25c77c106ec8557d48068388c278c92097fec44da7f42e01d10fedfb2,https://etherscan.io/tx/0xb939d7d25c77c106ec8557d48068388c278c92097fec44da7f42e01d10fedfb2
0x600cfedc6bd65fa79b604dc44964f419e45784b2,0xcf775e9c73886e85d69e01f80fe4fa3b1f52164c,,ETH,100.82941,2026-09-28T05:24:35,0xf7f059af7697379f06b6d3fc78acacee292566ba275d8ce410e658d89324e565,https://etherscan.io/tx/0xf7f059af7697379f06b6d3fc78acacee292566ba275d8ce410e658d89324e565
0x600cfedc6bd65fa79b604dc44964f419e45784b2,0x41c4f3c546d6fb5610bf146f58e70f866cd11e58,,ETH,5.015275,2026-09-28T05:23:47,0xa026dffafaaec6978ab7d7f5a9c5b6e467de063a328645bfa5cb745534deeab4,https://etherscan.io/tx/0xa026dffafaaec6978ab7d7f5a9c5b6e467de063a328645bfa5cb745534deeab4
0x600cfedc6bd65fa79b604dc44964f419e45784b2,0x7487884fda806b123a725212170306dae8a901fa,,ETH,49.713405,2026-09-28T05:22:59,0x51c5c6dc3e831a4b3c4149164b22a0e8d14e2679f0cbfe6ee781e3a3ac057631,https://etherscan.io/tx/0x51c5c6dc3e831a4b3c4149164b22a0e8d14e2679f0cbfe6ee781e3a3ac057631
0x600cfedc6bd65fa79b604dc44964f419e45784b2,0xa406a6465853791ffaf4278b6a4ff6e37eef9aa8,,ETH,32.059222,2026-09-28T05:21:47,0xc605ca258884b575dafed0bdd0b99e89766dfffd440bc0f61be5d62e6be90be0,https://etherscan.io/tx/0xc605ca258884b575dafed0bdd0b99e89766dfffd440bc0f61be5d62e6be90be0
0x600cfedc6bd65fa79b604dc44964f419e45784b2,0x4a777646417b0fd34715d2b21d4a132c06aed330,,ETH,193.228704,2026-09-28T05:14:47,0xa35c2edcb20dabf96d5887ee229665277618f61ae7f0825d56b8861fe7dc83e8,https://etherscan.io/tx/0xa35c2edcb20dabf96d5887ee229665277618f61ae7f0825d56b8861fe7dc83e8
0x600cfedc6bd65fa79b604dc44964f419e45784b2,0xf7bc92103f23ef312658cd9b81dc2713f7b396c3,,ETH,303.969382,2026-09-28T05:14:11,0xa30b3e0d0562212af9b15ff652065f0b952a98d4733e341d93be98fe7a8c5bfe,https://etherscan.io/tx/0xa30b3e0d0562212af9b15ff652065f0b952a98d4733e341d93be98fe7a8c5bfe
0x600cfedc6bd65fa79b604dc44964f419e45784b2,0x51190be1bac64a48f28043598f4c16c564e84e6c,,ETH,67.282515,2026-09-28T05:13:35,0xf1a9c1a7716cc7e4ea5c6721ebd420dd5c2389c99cb207aaf4458f6efedb4ea9,https://etherscan.io/tx/0xf1a9c1a7716cc7e4ea5c6721ebd420dd5c2389c99cb207aaf4458f6efedb4ea9
0x600cfedc6bd65fa79b604dc44964f419e45784b2,0xf7bc92103f23ef312658cd9b81dc2713f7b396c3,,ETH,405.163025,2026-09-28T04:57:23,0x983077c3d66620180766eeaa70dac3febad50c49cb845308515b53ab41408641,https://etherscan.io/tx/0x983077c3d66620180766eeaa70dac3febad50c49cb845308515b53ab41408641
0x600cfedc6bd65fa79b604dc44964f419e45784b2,0xa406a6465853791ffaf4278b6a4ff6e37eef9aa8,,ETH,32.051953,2026-09-28T04:53:47,0x6f43cc7b8f5866ccd1b995fd889dfc0166eeb7c1b0e425b1c35f85142a98024d,https://etherscan.io/tx/0x6f43cc7b8f5866ccd1b995fd889dfc0166eeb7c1b0e425b1c35f85142a98024d
0x600cfedc6bd65fa79b604dc44964f419e45784b2,0x5648b985f91616470edf7bba8775a3a5f7caf70c,,ETH,231.303531,2026-09-28T04:53:11,0x5f226de3dc35fd09c9caa60bee36bcc4210e2da799a0874bef1ecc2a9a461b92,https://etherscan.io/tx/0x5f226de3dc35fd09c9caa60bee36bcc4210e2da799a0874bef1ecc2a9a461b92
0x600cfedc6bd65fa79b604dc44964f419e45784b2,0xf7bc92103f23ef312658cd9b81dc2713f7b396c3,,ETH,232.913401,2026-09-28T04:37:35,0x6705c2c0ee5b1804eee1b176b319d415038f2138f284f87c6a1b99b934dd8140,https://etherscan.io/tx/0x6705c2c0ee5b1804eee1b176b319d415038f2138f284f87c6a1b99b934dd8140
0x600cfedc6bd65fa79b604dc44964f419e45784b2,0x606dcf693bbed7631872281e42ac7718e8fe8841,,ETH,96.594946,2026-09-28T04:36:23,0x8b2ec4b0b15cc80404f5a9efe916eb37f749aeeaa11965dc33aaeb22b2e963ff,https://etherscan.io/tx/0x8b2ec4b0b15cc80404f5a9efe916eb37f749aeeaa11965dc33aaeb22b2e963ff
0x600cfedc6bd65fa79b604dc44964f419e45784b2,0x41c4f3c546d6fb5610bf146f58e70f866cd11e58,,ETH,14.193968,2026-09-28T04:35:35,0x6fbf2ed925e780fa9492cc2a009c144b49cf45c53f8b186768d43c6df7a4e6c6,https://etherscan.io/tx/0x6fbf2ed925e780fa9492cc2a009c144b49cf45c53f8b186768d43c6df7a4e6c6
0x600cfedc6bd65fa79b604dc44964f419e45784b2,0x4a777646417b0fd34715d2b21d4a132c06aed330,,ETH,235.129679,2026-09-28T04:34:59,0x207ce000232c52b810b47ce7498d20746cf4c3a257b79f30679914c57240e28d,https://etherscan.io/tx/0x207ce000232c52b810b47ce7498d20746cf4c3a257b79f30679914c57240e28d
0x600cfedc6bd65fa79b604dc44964f419e45784b2,0xf7bc92103f23ef312658cd9b81dc2713f7b396c3,,ETH,119.928943,2026-09-28T04:33:59,0x7f5a1df10854c64348ae2b003038f8a0cb612676c6d84fb66520fae9074451b3,https://etherscan.io/tx/0x7f5a1df10854c64348ae2b003038f8a0cb612676c6d84fb66520fae9074451b3
0x600cfedc6bd65fa79b604dc44964f419e45784b2,0xa406a6465853791ffaf4278b6a4ff6e37eef9aa8,,ETH,32.068062,2026-09-28T04:20:47,0xfca67dd91c10da1fbf9d595448575fc034a5c8f99f6d21fa3f64e135290b5ec6,https://etherscan.io/tx/0xfca67dd91c10da1fbf9d595448575fc034a5c8f99f6d21fa3f64e135290b5ec6
0x600cfedc6bd65fa79b604dc44964f419e45784b2,0xf7bc92103f23ef312658cd9b81dc2713f7b396c3,,ETH,155.787713,2026-09-28T04:18:59,0x847563c9d5dd7f0e9ee73fee3ac5ca106a18a1c7d4c12bf95c4848114f78b105,https://etherscan.io/tx/0x847563c9d5dd7f0e9ee73fee3ac5ca106a18a1c7d4c12bf95c4848114f78b105
0x600cfedc6bd65fa79b604dc44964f419e45784b2,0xf7bc92103f23ef312658cd9b81dc2713f7b396c3,,ETH,419.294564,2026-09-28T04:05:47,0xff40f961e3e55a3f8f138865f98f0bba55125c5c089a691b0367fa1209b85861,https://etherscan.io/tx/0xff40f961e3e55a3f8f138865f98f0bba55125c5c089a691b0367fa1209b85861
0x600cfedc6bd65fa79b604dc44964f419e45784b2,0xa406a6465853791ffaf4278b6a4ff6e37eef9aa8,,ETH,32.09326,2026-09-28T03:58:11,0x37241540e3486ab49deedc584bc253bd25013145f028513457055bd1ebc3d0e6,https://etherscan.io/tx/0x37241540e3486ab49deedc584bc253bd25013145f028513457055bd1ebc3d0e6
0x600cfedc6bd65fa79b604dc44964f419e45784b2,0xb81f2e952d954ae914591db4d9e421eb7fc6a7a1,,ETH,42.470018,2026-09-28T03:10:11,0x0316a91348c64b2636b2a7d11a837681b7ebbc7965a5f2ad45d2f7d302da8917,https://etherscan.io/tx/0x0316a91348c64b2636b2a7d11a837681b7ebbc7965a5f2ad45d2f7d302da8917
0x600cfedc6bd65fa79b604dc44964f419e45784b2,0x86742b4272eff78e3f74b4bcf55ed907e752738b,,ETH,56.830862,2026-09-28T03:02:35,0xa3d8a80f0819207d76da4782bd226ee5a266237661dece0eec3c7c0b1700e467,https://etherscan.io/tx/0xa3d8a80f0819207d76da4782bd226ee5a266237661dece0eec3c7c0b1700e467
0x600cfedc6bd65fa79b604dc44964f419e45784b2,0x6d01b0ba62a96c1989a11c8592e4daf5a4f1d726,,ETH,42.540205,2026-09-28T02:49:59,0x57d99b1c6118516f58c1f573f4077a1ad9058c63e821066349b95d85db5d4e48,https://etherscan.io/tx/0x57d99b1c6118516f58c1f573f4077a1ad9058c63e821066349b95d85db5d4e48
0x600cfedc6bd65fa79b604dc44964f419e45784b2,0x030f43ce321210f5eb25c8601528cf4cb5597050,,ETH,22.827743,2026-09-28T02:44:47,0x5b3068321575b511630a7c613e8a5881cc275c457f6632698618d09ea28c522a,https://etherscan.io/tx/0x5b3068321575b511630a7c613e8a5881cc275c457f6632698618d09ea28c522a
0x600cfedc6bd65fa79b604dc44964f419e45784b2,0xff0b3b1e7f2e1628c05dbf9a7bf612757e6f6187,,ETH,20.659818,2026-09-28T02:44:11,0xd8fa1918270a26d99f2f6f173b53c3b7eb9ba30f7d9c23e6ceffaf93e072a6e0,https://etherscan.io/tx/0xd8fa1918270a26d99f2f6f173b53c3b7eb9ba30f7d9c23e6ceffaf93e072a6e0
0x600cfedc6bd65fa79b604dc44964f419e45784b2,0xbc3b7250cc94c70d0b56bf4bcf83fd0bf0ef2508,,ETH,33.851889,2026-09-28T02:26:47,0x80434f7f3d6e199ebfb46c3bb24217a3ac1dd56a792992a040b07bf09ce10ec7,https://etherscan.io/tx/0x80434f7f3d6e199ebfb46c3bb24217a3ac1dd56a792992a040b07bf09ce10ec7
0x600cfedc6bd65fa79b604dc44964f419e45784b2,0x255f1a905972d98a1e85eaf4a5adc983c68a5206,,ETH,220.041972,2026-09-28T02:00:47,0x304dc7e228781bee10f036ca6f3fd6392930bad0295e89bc8f886d3b0f9583d3,https://etherscan.io/tx/0x304dc7e228781bee10f036ca6f3fd6392930bad0295e89bc8f886d3b0f9583d3
0x600cfedc6bd65fa79b604dc44964f419e45784b2,0x8c8887d30d70e5dfb22796d92afb20d93252b00c,,ETH,280.897725,2026-09-28T01:33:23,0xcdceca602ad0341ae9d725a13fbd15db187b93ab3c2c197b3b0eb2ef3b6643b8,https://etherscan.io/tx/0xcdceca602ad0341ae9d725a13fbd15db187b93ab3c2c197b3b0eb2ef3b6643b8
0x600cfedc6bd65fa79b604dc44964f419e45784b2,0xbc3b7250cc94c70d0b56bf4bcf83fd0bf0ef2508,,ETH,31.084668,2026-09-28T01:18:23,0xd6ffb1675a798a4ac4839b89ccc1282656c29803be9a862fa1466c3860b28308,https://etherscan.io/tx/0xd6ffb1675a798a4ac4839b89ccc1282656c29803be9a862fa1466c3860b28308
0x600cfedc6bd65fa79b604dc44964f419e45784b2,0xbc3b7250cc94c70d0b56bf4bcf83fd0bf0ef2508,,ETH,163.786868,2026-09-28T01:09:11,0x5fac29c91b62e04bcdc4a5e0c5de06068474a993c9db7816e7cf7ee3952f9dde,https://etherscan.io/tx/0x5fac29c91b62e04bcdc4a5e0c5de06068474a993c9db7816e7cf7ee3952f9dde
0x600cfedc6bd65fa79b604dc44964f419e45784b2,0xbc3b7250cc94c70d0b56bf4bcf83fd0bf0ef2508,,ETH,76.402222,2026-09-27T23:44:59,0xc3bfb473b321bd4a0f4094ec09da4857b3bcf59b799cfb74dff606a753d36a53,https://etherscan.io/tx/0xc3bfb473b321bd4a0f4094ec09da4857b3bcf59b799cfb74dff606a753d36a53
0x600cfedc6bd65fa79b604dc44964f419e45784b2,0xbc3b7250cc94c70d0b56bf4bcf83fd0bf0ef2508,,ETH,76.145382,2026-09-27T22:43:11,0x71e4f425d62fccfde383427725a82575390e2da8680a227c3e0dc3acb5e810d4,https://etherscan.io/tx/0x71e4f425d62fccfde383427725a82575390e2da8680a227c3e0dc3acb5e810d4
0x600cfedc6bd65fa79b604dc44964f419e45784b2,0x54328634060788df7d98b3b3b1e347235c4eb113,,ETH,56.622069,2026-09-27T20:58:59,0xe1ca20d7ac66e31595ca50f8060b30cdbc4d6c69bdcdfc658ce93f00e3ee05b0,https://etherscan.io/tx/0xe1ca20d7ac66e31595ca50f8060b30cdbc4d6c69bdcdfc658ce93f00e3ee05b0
0x600cfedc6bd65fa79b604dc44964f419e45784b2,0xcec0732545112a5ece0462239dc0e87fc9c5a677,,ETH,308.985977,2026-09-27T20:41:35,0xabf908e4f4b75a5f7d729eb3bd9d82d3f3ffc8403d62f5c23decf83b6f1756af,https://etherscan.io/tx/0xabf908e4f4b75a5f7d729eb3bd9d82d3f3ffc8403d62f5c23decf83b6f1756af
0x600cfedc6bd65fa79b604dc44964f419e45784b2,0x10532ecc22300da32c9c586c1187a25876b8b057,,ETH,24.830384,2026-09-27T20:38:11,0x0e63e1e32f04f04fcbefe810c093dc2bb2f013718e3c88a9f260fe6e8fad8198,https://etherscan.io/tx/0x0e63e1e32f04f04fcbefe810c093dc2bb2f013718e3c88a9f260fe6e8fad8198
0x600cfedc6bd65fa79b604dc44964f419e45784b2,0x9f281ea7f89a1417f397b6128d985b922bde990b,,ETH,147.469014,2026-09-27T20:37:35,0x700160eec574f2dc01f0c7684e711897ed5cae388a49324acbab01a09e0c3113,https://etherscan.io/tx/0x700160eec574f2dc01f0c7684e711897ed5cae388a49324acbab01a09e0c3113
0x600cfedc6bd65fa79b604dc44964f419e45784b2,0xf7bc92103f23ef312658cd9b81dc2713f7b396c3,,ETH,305.009598,2026-09-27T20:08:47,0xdc05117b3404234c7802725d86c67fd118ceea0f61fbf0a62f47fe6dece40d18,https://etherscan.io/tx/0xdc05117b3404234c7802725d86c67fd118ceea0f61fbf0a62f47fe6dece40d18
0x9f281ea7f89a1417f397b6128d985b922bde990b,0x56a25c4c1e78ead001339566b352fb5469bbf9c7,,ETH,147.468942,2026-09-27T20:56:59,0x5b5ea5a0977e8651e7bfeb1b93888c5fe02f803d9be8c118650ee7c1351cc983,https://etherscan.io/tx/0x5b5ea5a0977e8651e7bfeb1b93888c5fe02f803d9be8c118650ee7c1351cc983
0x56a25c4c1e78ead001339566b352fb5469bbf9c7,0xff37166d8137fa84fb4d7d2bcaedd641c13dfbe6,contract,ETH,0.019949,2026-09-27T21:04:35,0x54bdda4fd9f39b4bfc07ede70636d2182eb330af41231cd6224fca07c94014c0,https://etherscan.io/tx/0x54bdda4fd9f39b4bfc07ede70636d2182eb330af41231cd6224fca07c94014c0
0x56a25c4c1e78ead001339566b352fb5469bbf9c7,0xdac17f958d2ee523a2206206994597c13d831ec7,TetherToken,ETH,0.0,2026-09-27T21:04:11,0x8b7a7032288da35545d87f60bb8fd78b980b5beb8915d9e79c11e6c0c890e44b,https://etherscan.io/tx/0x8b7a7032288da35545d87f60bb8fd78b980b5beb8915d9e79c11e6c0c890e44b
0x56a25c4c1e78ead001339566b352fb5469bbf9c7,0xba3cb449bd2b4adddbc894d8697f5170800eadec,CoWSwapEthFlow,ETH,147.448942,2026-09-27T20:58:23,0xf1c16a8f9a3990831427d4287c975e18bf271418e6ae346f70dfeda82fef443f,https://etherscan.io/tx/0xf1c16a8f9a3990831427d4287c975e18bf271418e6ae346f70dfeda82fef443f
0x56a25c4c1e78ead001339566b352fb5469bbf9c7,0xff37c98d7182fc0ef8fd7bb5329ae6b85c3dfbe6,,USDT,0.0,2026-09-28T01:25:59,0xef925ef7b8ed119bb8a956bfb90f6f11ba1475b40dbf1deeff3c9e57b5a07ba2,https://etherscan.io/tx/0xef925ef7b8ed119bb8a956bfb90f6f11ba1475b40dbf1deeff3c9e57b5a07ba2
0x56a25c4c1e78ead001339566b352fb5469bbf9c7,0xff37166d8137fa84fb4d7d2bcaedd641c13dfbe6,contract,USDT,395943.580251,2026-09-27T21:04:11,0x8b7a7032288da35545d87f60bb8fd78b980b5beb8915d9e79c11e6c0c890e44b,https://etherscan.io/tx/0x8b7a7032288da35545d87f60bb8fd78b980b5beb8915d9e79c11e6c0c890e44b
0x10532ecc22300da32c9c586c1187a25876b8b057,0xe4499f9c4ee291a9f05d1d605050d8e128181328,,ETH,0.0,2026-09-28T08:31:47,0x60c98efcc421cd1ed788ce5f694526edc832ffced2a957dd3235fa04478daaef,https://etherscan.io/tx/0x60c98efcc421cd1ed788ce5f694526edc832ffced2a957dd3235fa04478daaef
0x10532ecc22300da32c9c586c1187a25876b8b057,0x030f43ce321210f5eb25c8601528cf4cb5597050,,ETH,24.830314,2026-09-27T21:05:59,0xd5d0f88660c91de7c30a66325a68f7f3698b853a7551eaa0bcbede0341f18db5,https://etherscan.io/tx/0xd5d0f88660c91de7c30a66325a68f7f3698b853a7551eaa0bcbede0341f18db5
0xcec0732545112a5ece0462239dc0e87fc9c5a677,0x4f889d6842b006ad973a019bc875dfb8eca36035,,ETH,308.985972,2026-09-27T20:44:23,0xd1b7c1dff640860c70b8b467dd3eb721e199cce1e27af5beb0b9a29c325e18d2,https://etherscan.io/tx/0xd1b7c1dff640860c70b8b467dd3eb721e199cce1e27af5beb0b9a29c325e18d2
0x4f889d6842b006ad973a019bc875dfb8eca36035,0x1e1edef6356e1b075bf801db3740a34787e602f4,,ETH,0.005,2026-09-27T20:56:59,0x54ad1f55283ab9894e87cdc26e8dd6abe54b5d9183e29439989c81b9f584a8cf,https://etherscan.io/tx/0x54ad1f55283ab9894e87cdc26e8dd6abe54b5d9183e29439989c81b9f584a8cf
0x4f889d6842b006ad973a019bc875dfb8eca36035,0xdac17f958d2ee523a2206206994597c13d831ec7,TetherToken,ETH,0.0,2026-09-27T20:56:11,0xa5eef48458d8c6bd9bdda658f02c0c7d8bbf86d9e67e090115dc67942ed2aaae,https://etherscan.io/tx/0xa5eef48458d8c6bd9bdda658f02c0c7d8bbf86d9e67e090115dc67942ed2aaae
0x4f889d6842b006ad973a019bc875dfb8eca36035,0xacddac6c77318b615f7f6fb9bb67c6833e9c05f1,LZMultiCall,ETH,0.004586,2026-09-27T20:49:11,0xe3d659718bcf7729de2313cd4c13b02c62efa7ca0b2703a17a4ad8bff43025f8,https://etherscan.io/tx/0xe3d659718bcf7729de2313cd4c13b02c62efa7ca0b2703a17a4ad8bff43025f8
0x4f889d6842b006ad973a019bc875dfb8eca36035,0xba3cb449bd2b4adddbc894d8697f5170800eadec,CoWSwapEthFlow,ETH,158.974,2026-09-27T20:46:23,0x85cdc9e691ed7c2e2ab929a1a9cb03c3e82be5127fae07fdf41304991bcbb713,https://etherscan.io/tx/0x85cdc9e691ed7c2e2ab929a1a9cb03c3e82be5127fae07fdf41304991bcbb713
0x4f889d6842b006ad973a019bc875dfb8eca36035,0xba3cb449bd2b4adddbc894d8697f5170800eadec,CoWSwapEthFlow,ETH,150.0,2026-09-27T20:45:11,0x44a1105ad189969481344fa6be579eab1a23a2ea7f607fe6f03730b64ef0b44a,https://etherscan.io/tx/0x44a1105ad189969481344fa6be579eab1a23a2ea7f607fe6f03730b64ef0b44a
0x4f889d6842b006ad973a019bc875dfb8eca36035,0x1e1e075a8dddb3357f7993d94e01dcf3991202f4,,USDT,0.0,2026-09-28T01:22:35,0x817178f094cbf23e334ec405492cce6aa9bdc72952c73ea57adc3cafeccb644e,https://etherscan.io/tx/0x817178f094cbf23e334ec405492cce6aa9bdc72952c73ea57adc3cafeccb644e
0x4f889d6842b006ad973a019bc875dfb8eca36035,0x1e1edef6356e1b075bf801db3740a34787e602f4,,USDT,431130.966516,2026-09-27T20:56:11,0xa5eef48458d8c6bd9bdda658f02c0c7d8bbf86d9e67e090115dc67942ed2aaae,https://etherscan.io/tx/0xa5eef48458d8c6bd9bdda658f02c0c7d8bbf86d9e67e090115dc67942ed2aaae
0x4f889d6842b006ad973a019bc875dfb8eca36035,0xacddac6c77318b615f7f6fb9bb67c6833e9c05f1,LZMultiCall,USDT,400000.0,2026-09-27T20:49:11,0xe3d659718bcf7729de2313cd4c13b02c62efa7ca0b2703a17a4ad8bff43025f8,https://etherscan.io/tx/0xe3d659718bcf7729de2313cd4c13b02c62efa7ca0b2703a17a4ad8bff43025f8
0x1e1edef6356e1b075bf801db3740a34787e602f4,0xacddac6c77318b615f7f6fb9bb67c6833e9c05f1,LZMultiCall,ETH,0.004586,2026-09-27T20:58:47,0x9b8c609d0bdda9655eacfdb0c7f470ce0153800b27504ae1fe612c48373aea07,https://etherscan.io/tx/0x9b8c609d0bdda9655eacfdb0c7f470ce0153800b27504ae1fe612c48373aea07
0x1e1edef6356e1b075bf801db3740a34787e602f4,0xacddac6c77318b615f7f6fb9bb67c6833e9c05f1,LZMultiCall,USDT,431130.966516,2026-09-27T20:58:47,0x9b8c609d0bdda9655eacfdb0c7f470ce0153800b27504ae1fe612c48373aea07,https://etherscan.io/tx/0x9b8c609d0bdda9655eacfdb0c7f470ce0153800b27504ae1fe612c48373aea07
0x54328634060788df7d98b3b3b1e347235c4eb113,0x6b175474e89094c44da98b954eedeac495271d0f,Dai,ETH,0.0,2026-09-28T04:47:59,0x2c70e9d3548e2a5d7233f079f22181e1401b51f89afffcd3db4d9688aac8dbdf,https://etherscan.io/tx/0x2c70e9d3548e2a5d7233f079f22181e1401b51f89afffcd3db4d9688aac8dbdf
0x54328634060788df7d98b3b3b1e347235c4eb113,0xba3cb449bd2b4adddbc894d8697f5170800eadec,CoWSwapEthFlow,ETH,56.6,2026-09-27T21:02:11,0xc365ee51d6e102ff79d7c3551bf26274489ef6a2374c0134c035835cf8ef366a,https://etherscan.io/tx/0xc365ee51d6e102ff79d7c3551bf26274489ef6a2374c0134c035835cf8ef366a
0x54328634060788df7d98b3b3b1e347235c4eb113,0xc62c27b02c599620020d88965d9f4cc1392cdd76,,DAI,0.0,2026-09-28T07:50:11,0x9a178f2b01b0f752fcff596b928ef56d4becfd8a02d9fdc14620121c4d19080f,https://etherscan.io/tx/0x9a178f2b01b0f752fcff596b928ef56d4becfd8a02d9fdc14620121c4d19080f
0x54328634060788df7d98b3b3b1e347235c4eb113,0xc62ce8962bfe11005be7039b70e1599ea5e1dd76,,DAI,162037.027256,2026-09-28T04:47:59,0x2c70e9d3548e2a5d7233f079f22181e1401b51f89afffcd3db4d9688aac8dbdf,https://etherscan.io/tx/0x2c70e9d3548e2a5d7233f079f22181e1401b51f89afffcd3db4d9688aac8dbdf
0x8c8887d30d70e5dfb22796d92afb20d93252b00c,0x222a1be3039811ed2a54013e7bcfa05fa56610c1,,ETH,280.897659,2026-09-28T01:39:59,0xd2e35d70882b3bb8a8dcce8bec6dfdda1badb4c46b969462050dd1b414fde3ce,https://etherscan.io/tx/0xd2e35d70882b3bb8a8dcce8bec6dfdda1badb4c46b969462050dd1b414fde3ce
0x222a1be3039811ed2a54013e7bcfa05fa56610c1,0xc62ce8962bfe11005be7039b70e1599ea5e1dd76,,ETH,0.027,2026-09-28T04:45:23,0x86cb0d93c98d4884a374d39f6bc6700512d84b067fcd797430913ec3f3a9d075,https://etherscan.io/tx/0x86cb0d93c98d4884a374d39f6bc6700512d84b067fcd797430913ec3f3a9d075
0x222a1be3039811ed2a54013e7bcfa05fa56610c1,0x6b175474e89094c44da98b954eedeac495271d0f,Dai,ETH,0.0,2026-09-28T04:44:35,0x51940ad1241e1dea2f632ed58b73628a0abd5be915ce50c2d98033e246d7300b,https://etherscan.io/tx/0x51940ad1241e1dea2f632ed58b73628a0abd5be915ce50c2d98033e246d7300b
0x222a1be3039811ed2a54013e7bcfa05fa56610c1,0xba3cb449bd2b4adddbc894d8697f5170800eadec,CoWSwapEthFlow,ETH,140.87,2026-09-28T01:41:59,0x377802b50d936d8a62efb58bc1b9f8fa8875ef752a365d5ad4785416ea7827fe,https://etherscan.io/tx/0x377802b50d936d8a62efb58bc1b9f8fa8875ef752a365d5ad4785416ea7827fe
0x222a1be3039811ed2a54013e7bcfa05fa56610c1,0xe3478b0bb1a5084567c319096437924948be1964,,ETH,0.000323,2026-09-28T01:40:47,0x39e3268fa194e5c34ac28dada31cfab95950bb754937edaaa39a9e45dd353d27,https://etherscan.io/tx/0x39e3268fa194e5c34ac28dada31cfab95950bb754937edaaa39a9e45dd353d27
0x222a1be3039811ed2a54013e7bcfa05fa56610c1,0xba3cb449bd2b4adddbc894d8697f5170800eadec,CoWSwapEthFlow,ETH,140.0,2026-09-28T01:40:47,0xbfb61755dfc2bb51618c33f282aa28c208b24f0b0221db227a01e55d171c699c,https://etherscan.io/tx/0xbfb61755dfc2bb51618c33f282aa28c208b24f0b0221db227a01e55d171c699c
0x222a1be3039811ed2a54013e7bcfa05fa56610c1,0xc62ce8962bfe11005be7039b70e1599ea5e1dd76,,DAI,861755.605508,2026-09-28T04:44:35,0x51940ad1241e1dea2f632ed58b73628a0abd5be915ce50c2d98033e246d7300b,https://etherscan.io/tx/0x51940ad1241e1dea2f632ed58b73628a0abd5be915ce50c2d98033e246d7300b
0x255f1a905972d98a1e85eaf4a5adc983c68a5206,0x86742b4272eff78e3f74b4bcf55ed907e752738b,,ETH,220.041865,2026-09-28T02:38:47,0x36010d2f5d7b9bd21730d2d6d3ae0ccc4bbfa4cdce2d2c9aa4204992dc07846c,https://etherscan.io/tx/0x36010d2f5d7b9bd21730d2d6d3ae0ccc4bbfa4cdce2d2c9aa4204992dc07846c
0xbc3b7250cc94c70d0b56bf4bcf83fd0bf0ef2508,0x132e00d513dc406342d2661cc74fb8542117afdd,,ETH,64.936513,2026-09-28T04:42:59,0x5feaa33a5d5e9af583a8f35872c958b9f2797fece139aefbf5cc1a872fd4fb06,https://etherscan.io/tx/0x5feaa33a5d5e9af583a8f35872c958b9f2797fece139aefbf5cc1a872fd4fb06
0xbc3b7250cc94c70d0b56bf4bcf83fd0bf0ef2508,0xfb546a60931876ae49e463d3666ff0dd27e40b44,,ETH,316.334429,2026-09-28T01:11:35,0xf5209768534fd7274b780d85f77e891c0a4f5cca2236ca85bc0628ad7bbc8c76,https://etherscan.io/tx/0xf5209768534fd7274b780d85f77e891c0a4f5cca2236ca85bc0628ad7bbc8c76
0xbc3b7250cc94c70d0b56bf4bcf83fd0bf0ef2508,0x8cd81d5132fb50f3c51e1bf377aee8a0da9988cf,,ETH,223.069172,2026-09-27T19:16:47,0x10f6fdfdd8ddff7659cc5463cdb3355966bca7c00b48f1ff4876c84eeb9c806d,https://etherscan.io/tx/0x10f6fdfdd8ddff7659cc5463cdb3355966bca7c00b48f1ff4876c84eeb9c806d
0x8cd81d5132fb50f3c51e1bf377aee8a0da9988cf,0x39370afa0ddf77871c0bb088c3073706622c5133,,ETH,80.988426,2026-09-27T19:22:11,0xb34736a8ffb3509b3af5e6f2e5e9538a575bd3436558fd8e35f51845a63a1999,https://etherscan.io/tx/0xb34736a8ffb3509b3af5e6f2e5e9538a575bd3436558fd8e35f51845a63a1999
0x8cd81d5132fb50f3c51e1bf377aee8a0da9988cf,0x39370afa0ddf77871c0bb088c3073706622c5133,,ETH,223.078863,2026-09-27T19:18:11,0x2c4ced2e01dd73348c22322069d9d0d8cc43cb2f441cf58b5180e1e95bdd81a3,https://etherscan.io/tx/0x2c4ced2e01dd73348c22322069d9d0d8cc43cb2f441cf58b5180e1e95bdd81a3
0x8cd81d5132fb50f3c51e1bf377aee8a0da9988cf,0xdbb188214206a57b56fda15bb4a86ec3805893a4,Deposit,ETH,79.97,2026-09-27T18:58:47,0x10b233215541afbe6837b1d1935ac401201e7e69474625f7c1d0a0f70ffe28ed,https://etherscan.io/tx/0x10b233215541afbe6837b1d1935ac401201e7e69474625f7c1d0a0f70ffe28ed
0x8cd81d5132fb50f3c51e1bf377aee8a0da9988cf,0xc58e9fa034f3c40c7eaa5eaee6032d2c3453e2e9,Deposit,ETH,70.0,2026-09-27T18:56:35,0x04ba2ddccad29271fa139c9e39b9fc04d81b4796cc81381a9cddca1194b1c56c,https://etherscan.io/tx/0x04ba2ddccad29271fa139c9e39b9fc04d81b4796cc81381a9cddca1194b1c56c
0x39370afa0ddf77871c0bb088c3073706622c5133,0xacddac6c77318b615f7f6fb9bb67c6833e9c05f1,LZMultiCall,ETH,0.004586,2026-09-27T19:29:47,0x6f187e6758328031e707785ad5dbca531ba20df486505eee373193ad705407d3,https://etherscan.io/tx/0x6f187e6758328031e707785ad5dbca531ba20df486505eee373193ad705407d3
0x39370afa0ddf77871c0bb088c3073706622c5133,0xba3cb449bd2b4adddbc894d8697f5170800eadec,CoWSwapEthFlow,ETH,80.97,2026-09-27T19:25:11,0x75f56b4d2799afdc8535efdc9910e6e4a1f9e5528a60cfded158ab9ea6bfc39e,https://etherscan.io/tx/0x75f56b4d2799afdc8535efdc9910e6e4a1f9e5528a60cfded158ab9ea6bfc39e
0x39370afa0ddf77871c0bb088c3073706622c5133,0xacddac6c77318b615f7f6fb9bb67c6833e9c05f1,LZMultiCall,ETH,0.004586,2026-09-27T19:23:23,0x1dd300b4767a5a8d31a7ce01d49dba436872f19b7c7f7d47e71eaa8382a17f8a,https://etherscan.io/tx/0x1dd300b4767a5a8d31a7ce01d49dba436872f19b7c7f7d47e71eaa8382a17f8a
0x39370afa0ddf77871c0bb088c3073706622c5133,0xba3cb449bd2b4adddbc894d8697f5170800eadec,CoWSwapEthFlow,ETH,223.068863,2026-09-27T19:21:11,0xcd28d3a843f6a52ff076317d066d4cac9af535edd49593d527e5f19209f8542f,https://etherscan.io/tx/0xcd28d3a843f6a52ff076317d066d4cac9af535edd49593d527e5f19209f8542f
0x39370afa0ddf77871c0bb088c3073706622c5133,0xacddac6c77318b615f7f6fb9bb67c6833e9c05f1,LZMultiCall,USDT,419244.207554,2026-09-27T19:29:47,0x6f187e6758328031e707785ad5dbca531ba20df486505eee373193ad705407d3,https://etherscan.io/tx/0x6f187e6758328031e707785ad5dbca531ba20df486505eee373193ad705407d3
0x39370afa0ddf77871c0bb088c3073706622c5133,0xacddac6c77318b615f7f6fb9bb67c6833e9c05f1,LZMultiCall,USDT,400000.0,2026-09-27T19:23:23,0x1dd300b4767a5a8d31a7ce01d49dba436872f19b7c7f7d47e71eaa8382a17f8a,https://etherscan.io/tx/0x1dd300b4767a5a8d31a7ce01d49dba436872f19b7c7f7d47e71eaa8382a17f8a
0xfb546a60931876ae49e463d3666ff0dd27e40b44,0x0de89ff804b7b5df87132bbde17a5f5d6e6fb503,,ETH,165.33,2026-09-28T01:15:35,0x4d80f2518e2e8564f913d5ddfd8f0b8563f81f2226bed4e6cce0742d71ee36a8,https://etherscan.io/tx/0x4d80f2518e2e8564f913d5ddfd8f0b8563f81f2226bed4e6cce0742d71ee36a8
0xfb546a60931876ae49e463d3666ff0dd27e40b44,0xa0b86991c6218b36c1d19d4a2e9eb0ce3606eb48,USDC,ETH,0.0,2026-09-28T01:15:23,0xb6fc04f606b2feb9a0c90bfb3446bfb1af4958a2de634e9edf455dc8366f6c27,https://etherscan.io/tx/0xb6fc04f606b2feb9a0c90bfb3446bfb1af4958a2de634e9edf455dc8366f6c27
0xfb546a60931876ae49e463d3666ff0dd27e40b44,0xba3cb449bd2b4adddbc894d8697f5170800eadec,CoWSwapEthFlow,ETH,151.0,2026-09-28T01:12:47,0x8149101bff5b4210d4b411c05a1bb0eaa0c7d8df9f2db66e428a334a79c9aaa8,https://etherscan.io/tx/0x8149101bff5b4210d4b411c05a1bb0eaa0c7d8df9f2db66e428a334a79c9aaa8
0xfb546a60931876ae49e463d3666ff0dd27e40b44,0x0de82c9668897e8cc6e9b353d793a581083fb503,,USDC,0.0,2026-09-28T01:22:47,0x9b79bb44655ac7540c9022aa81d7c45a9afa69fbea67fc22496003f42bb14b81,https://etherscan.io/tx/0x9b79bb44655ac7540c9022aa81d7c45a9afa69fbea67fc22496003f42bb14b81
0xfb546a60931876ae49e463d3666ff0dd27e40b44,0x0de89ff804b7b5df87132bbde17a5f5d6e6fb503,,USDC,403186.526799,2026-09-28T01:15:23,0xb6fc04f606b2feb9a0c90bfb3446bfb1af4958a2de634e9edf455dc8366f6c27,https://etherscan.io/tx/0xb6fc04f606b2feb9a0c90bfb3446bfb1af4958a2de634e9edf455dc8366f6c27
0x0de89ff804b7b5df87132bbde17a5f5d6e6fb503,0x132e00d513dc406342d2661cc74fb8542117afdd,,ETH,165.327523,2026-09-28T04:42:23,0xb69beabb99afc8c6e64318b4480083f4087b3dff1ffb35b40446a02dd345d117,https://etherscan.io/tx/0xb69beabb99afc8c6e64318b4480083f4087b3dff1ffb35b40446a02dd345d117
0x0de89ff804b7b5df87132bbde17a5f5d6e6fb503,0xa11cc0efb1b3acd95a2b8cd316e8c132e16048b5,ERC1967Proxy,ETH,0.0,2026-09-28T01:23:47,0x97bd94630377ba533bbef91b9fdcea516893e04e4e24acd41ec01cfa9e95c19b,https://etherscan.io/tx/0x97bd94630377ba533bbef91b9fdcea516893e04e4e24acd41ec01cfa9e95c19b
0x0de89ff804b7b5df87132bbde17a5f5d6e6fb503,0xa11cc0efb1b3acd95a2b8cd316e8c132e16048b5,ERC1967Proxy,ETH,0.0,2026-09-28T01:21:59,0x5b9dff36e6e873e43e4bf982a116f5b774bbcedea421f1e06b6376de9b6d377b,https://etherscan.io/tx/0x5b9dff36e6e873e43e4bf982a116f5b774bbcedea421f1e06b6376de9b6d377b
0x0de89ff804b7b5df87132bbde17a5f5d6e6fb503,0xa11cc0efb1b3acd95a2b8cd316e8c132e16048b5,ERC1967Proxy,ETH,0.0,2026-09-28T01:20:23,0xe3976c1b9569d1ee76f4474a66b690a4274d33b4e3c524c558aa595af6b2036d,https://etherscan.io/tx/0xe3976c1b9569d1ee76f4474a66b690a4274d33b4e3c524c558aa595af6b2036d
0x0de89ff804b7b5df87132bbde17a5f5d6e6fb503,0xa11cc0efb1b3acd95a2b8cd316e8c132e16048b5,ERC1967Proxy,ETH,0.0,2026-09-28T01:18:23,0xf71a9547869f6b4bf592a6e4f9d85d7ebc48075cf891b98e0991b5ef8e6210a0,https://etherscan.io/tx/0xf71a9547869f6b4bf592a6e4f9d85d7ebc48075cf891b98e0991b5ef8e6210a0
0x0de89ff804b7b5df87132bbde17a5f5d6e6fb503,0xa11cc0efb1b3acd95a2b8cd316e8c132e16048b5,ERC1967Proxy,ETH,0.0,2026-09-28T01:16:35,0x7ea5cecf82354faf3a89ed392a2a3ff3a971787cc9c6bf8b01f012515c125279,https://etherscan.io/tx/0x7ea5cecf82354faf3a89ed392a2a3ff3a971787cc9c6bf8b01f012515c125279
0x0de89ff804b7b5df87132bbde17a5f5d6e6fb503,0xa11cc0efb1b3acd95a2b8cd316e8c132e16048b5,ERC1967Proxy,USDC,87820.526799,2026-09-28T01:23:47,0x97bd94630377ba533bbef91b9fdcea516893e04e4e24acd41ec01cfa9e95c19b,https://etherscan.io/tx/0x97bd94630377ba533bbef91b9fdcea516893e04e4e24acd41ec01cfa9e95c19b
0x0de89ff804b7b5df87132bbde17a5f5d6e6fb503,0xa11cc0efb1b3acd95a2b8cd316e8c132e16048b5,ERC1967Proxy,USDC,80561.0,2026-09-28T01:21:59,0x5b9dff36e6e873e43e4bf982a116f5b774bbcedea421f1e06b6376de9b6d377b,https://etherscan.io/tx/0x5b9dff36e6e873e43e4bf982a116f5b774bbcedea421f1e06b6376de9b6d377b
0x0de89ff804b7b5df87132bbde17a5f5d6e6fb503,0xa11cc0efb1b3acd95a2b8cd316e8c132e16048b5,ERC1967Proxy,USDC,82254.0,2026-09-28T01:20:23,0xe3976c1b9569d1ee76f4474a66b690a4274d33b4e3c524c558aa595af6b2036d,https://etherscan.io/tx/0xe3976c1b9569d1ee76f4474a66b690a4274d33b4e3c524c558aa595af6b2036d
0x0de89ff804b7b5df87132bbde17a5f5d6e6fb503,0xa11cc0efb1b3acd95a2b8cd316e8c132e16048b5,ERC1967Proxy,USDC,82551.0,2026-09-28T01:18:23,0xf71a9547869f6b4bf592a6e4f9d85d7ebc48075cf891b98e0991b5ef8e6210a0,https://etherscan.io/tx/0xf71a9547869f6b4bf592a6e4f9d85d7ebc48075cf891b98e0991b5ef8e6210a0
0x0de89ff804b7b5df87132bbde17a5f5d6e6fb503,0xa11cc0efb1b3acd95a2b8cd316e8c132e16048b5,ERC1967Proxy,USDC,70000.0,2026-09-28T01:16:35,0x7ea5cecf82354faf3a89ed392a2a3ff3a971787cc9c6bf8b01f012515c125279,https://etherscan.io/tx/0x7ea5cecf82354faf3a89ed392a2a3ff3a971787cc9c6bf8b01f012515c125279
0xff0b3b1e7f2e1628c05dbf9a7bf612757e6f6187,0x5760b4cda53b20974c4b733e9f6849c537e703c2,,ETH,39.088665,2026-09-28T02:47:11,0xc05ec97313e7f70209f02b3f030ef4d801fab9566a7afa9aae2e941dc57670aa,https://etherscan.io/tx/0xc05ec97313e7f70209f02b3f030ef4d801fab9566a7afa9aae2e941dc57670aa
0x5760b4cda53b20974c4b733e9f6849c537e703c2,0xe1665ac8b7befa8731829951fe9be468ccb77230,,ETH,0.027,2026-09-28T02:50:35,0x170eca6088e20cb7ccc5f492a56854d2e0901770d7219b0f420466afb57171e1,https://etherscan.io/tx/0x170eca6088e20cb7ccc5f492a56854d2e0901770d7219b0f420466afb57171e1
0x5760b4cda53b20974c4b733e9f6849c537e703c2,0x6b175474e89094c44da98b954eedeac495271d0f,Dai,ETH,0.0,2026-09-28T02:49:47,0x9500970750808e2019b85752c18009bc289e0e3f87534bb7ea33401ce6cb9295,https://etherscan.io/tx/0x9500970750808e2019b85752c18009bc289e0e3f87534bb7ea33401ce6cb9295
0x5760b4cda53b20974c4b733e9f6849c537e703c2,0xba3cb449bd2b4adddbc894d8697f5170800eadec,CoWSwapEthFlow,ETH,39.06,2026-09-28T02:48:23,0xbb3b267e0e4256f310ba65546c3f68430ebc2afc52334a175fdc511c6e68f38c,https://etherscan.io/tx/0xbb3b267e0e4256f310ba65546c3f68430ebc2afc52334a175fdc511c6e68f38c
0x5760b4cda53b20974c4b733e9f6849c537e703c2,0xe1665ac8b7befa8731829951fe9be468ccb77230,,DAI,103487.932036,2026-09-28T02:49:47,0x9500970750808e2019b85752c18009bc289e0e3f87534bb7ea33401ce6cb9295,https://etherscan.io/tx/0x9500970750808e2019b85752c18009bc289e0e3f87534bb7ea33401ce6cb9295
0xe1665ac8b7befa8731829951fe9be468ccb77230,0x6b175474e89094c44da98b954eedeac495271d0f,Dai,ETH,0.0,2026-09-28T05:43:47,0x137379e69da23ef6ba17234b212c2c80cba9a4a412ddf042b0adc6e26d063506,https://etherscan.io/tx/0x137379e69da23ef6ba17234b212c2c80cba9a4a412ddf042b0adc6e26d063506
0xe1665ac8b7befa8731829951fe9be468ccb77230,0xc62ce8962bfe11005be7039b70e1599ea5e1dd76,,DAI,103487.932036,2026-09-28T05:43:47,0x137379e69da23ef6ba17234b212c2c80cba9a4a412ddf042b0adc6e26d063506,https://etherscan.io/tx/0x137379e69da23ef6ba17234b212c2c80cba9a4a412ddf042b0adc6e26d063506
0x030f43ce321210f5eb25c8601528cf4cb5597050,0xe4499f9c4ee291a9f05d1d605050d8e128181328,,ETH,2e-06,2026-09-28T08:31:47,0x91ab074d7d3e244cc80300fa03f659202b2ca0a54c8f25ab0dc7338849aab637,https://etherscan.io/tx/0x91ab074d7d3e244cc80300fa03f659202b2ca0a54c8f25ab0dc7338849aab637
0x030f43ce321210f5eb25c8601528cf4cb5597050,0xbf3071a89a61c4cab078100a3ea2d8d2503ac7d0,,ETH,0.012024,2026-09-28T06:14:47,0x42cc89a9723f1299ea6c0386028dc2b9943342ca8de74956ebbf65eb951efc7a,https://etherscan.io/tx/0x42cc89a9723f1299ea6c0386028dc2b9943342ca8de74956ebbf65eb951efc7a
0x030f43ce321210f5eb25c8601528cf4cb5597050,0x6b175474e89094c44da98b954eedeac495271d0f,Dai,ETH,0.0,2026-09-28T06:02:59,0x479d590d0a16a7ab093778dc9dca8915dcefd7119b2a1a6ec9704b408fe272f7,https://etherscan.io/tx/0x479d590d0a16a7ab093778dc9dca8915dcefd7119b2a1a6ec9704b408fe272f7
0x030f43ce321210f5eb25c8601528cf4cb5597050,0x989111c544ecc47ede54a1191dab46ac8db98a1f,,ETH,22.847674,2026-09-28T02:49:47,0x596bce75cbc80f1e97df7e8168bfc43913cdb2a97a3eda8c3b5957cf3ed85dfc,https://etherscan.io/tx/0x596bce75cbc80f1e97df7e8168bfc43913cdb2a97a3eda8c3b5957cf3ed85dfc
0x030f43ce321210f5eb25c8601528cf4cb5597050,0xba3cb449bd2b4adddbc894d8697f5170800eadec,CoWSwapEthFlow,ETH,24.81,2026-09-27T21:07:35,0x39aa7c956ccdd683fe07f230e0574d622e0f8b6d43e8f31645a86280ed64944f,https://etherscan.io/tx/0x39aa7c956ccdd683fe07f230e0574d622e0f8b6d43e8f31645a86280ed64944f
0x030f43ce321210f5eb25c8601528cf4cb5597050,0x85263712671f6ea45bb06333c26e60e9e3205026,,DAI,66667.281001,2026-09-28T06:02:59,0x479d590d0a16a7ab093778dc9dca8915dcefd7119b2a1a6ec9704b408fe272f7,https://etherscan.io/tx/0x479d590d0a16a7ab093778dc9dca8915dcefd7119b2a1a6ec9704b408fe272f7
0x85263712671f6ea45bb06333c26e60e9e3205026,0xe4499f9c4ee291a9f05d1d605050d8e128181328,,ETH,4e-06,2026-09-28T08:31:47,0x1fd34d45330723e0b0a7076c5f0e0eea0c56bdd8e585acb2e8e4834c7e4d0348,https://etherscan.io/tx/0x1fd34d45330723e0b0a7076c5f0e0eea0c56bdd8e585acb2e8e4834c7e4d0348
0x85263712671f6ea45bb06333c26e60e9e3205026,0xbf3071a89a61c4cab078100a3ea2d8d2503ac7d0,,ETH,25.145987,2026-09-28T06:05:23,0x0c9e52ac33187da7da1ccf4ee783413d24271835a3375c9de9fcb17260fd615c,https://etherscan.io/tx/0x0c9e52ac33187da7da1ccf4ee783413d24271835a3375c9de9fcb17260fd615c
0x85263712671f6ea45bb06333c26e60e9e3205026,0x9008d19f58aabd9ed0d60971565aa8510560ab41,GPv2Settlement,DAI,66667.281001,2026-09-28T06:04:35,0xc069fbaae0f980fe0ea05c2b22cf960bf396c8308eba240af867bab4d6f94deb,https://etherscan.io/tx/0xc069fbaae0f980fe0ea05c2b22cf960bf396c8308eba240af867bab4d6f94deb
0x989111c544ecc47ede54a1191dab46ac8db98a1f,0xe4499f9c4ee291a9f05d1d605050d8e128181328,,ETH,3e-06,2026-09-28T08:32:35,0x40f6db65eee9cd4ed24cbb30e4a379ed5246b4df4d9ae0fc4c9cec73ac85473a,https://etherscan.io/tx/0x40f6db65eee9cd4ed24cbb30e4a379ed5246b4df4d9ae0fc4c9cec73ac85473a
0x989111c544ecc47ede54a1191dab46ac8db98a1f,0x030f43ce321210f5eb25c8601528cf4cb5597050,,ETH,0.012091,2026-09-28T06:02:11,0x97d2ed5e3278a5025f815267ba6c37bec12d26ac630c8a1f02d4cc9486f4746c,https://etherscan.io/tx/0x97d2ed5e3278a5025f815267ba6c37bec12d26ac630c8a1f02d4cc9486f4746c
0x989111c544ecc47ede54a1191dab46ac8db98a1f,0x6b175474e89094c44da98b954eedeac495271d0f,Dai,ETH,0.0,2026-09-28T05:53:59,0xa36a24d4ea3ce61c91ad38dcbc26c5777267e334289b0024fa2c641edb90439d,https://etherscan.io/tx/0xa36a24d4ea3ce61c91ad38dcbc26c5777267e334289b0024fa2c641edb90439d
0x989111c544ecc47ede54a1191dab46ac8db98a1f,0xba3cb449bd2b4adddbc894d8697f5170800eadec,CoWSwapEthFlow,ETH,22.835,2026-09-28T02:50:47,0xe199769a82dbc4a62b767e3c6f61664b5026179a1238fc3e86a314ab9c1c7c28,https://etherscan.io/tx/0xe199769a82dbc4a62b767e3c6f61664b5026179a1238fc3e86a314ab9c1c7c28
0x989111c544ecc47ede54a1191dab46ac8db98a1f,0x819beca10c4e5ebc7313f88ec853a419a797930e,,DAI,60548.928656,2026-09-28T05:53:59,0xa36a24d4ea3ce61c91ad38dcbc26c5777267e334289b0024fa2c641edb90439d,https://etherscan.io/tx/0xa36a24d4ea3ce61c91ad38dcbc26c5777267e334289b0024fa2c641edb90439d
0x819beca10c4e5ebc7313f88ec853a419a797930e,0xe4499f9c4ee291a9f05d1d605050d8e128181328,,ETH,5e-06,2026-09-28T08:31:47,0x56162d2b87c49a54db7d463048e1c6bb03d77fbe6f91e99e7f97e8920fbe0753,https://etherscan.io/tx/0x56162d2b87c49a54db7d463048e1c6bb03d77fbe6f91e99e7f97e8920fbe0753
0x819beca10c4e5ebc7313f88ec853a419a797930e,0xbf3071a89a61c4cab078100a3ea2d8d2503ac7d0,,ETH,22.847575,2026-09-28T05:56:35,0xe7fab5d01cf2fe95bd04c4bcdf89f6bb2548a6afad9e61915b6e175a29e80b96,https://etherscan.io/tx/0xe7fab5d01cf2fe95bd04c4bcdf89f6bb2548a6afad9e61915b6e175a29e80b96
0x819beca10c4e5ebc7313f88ec853a419a797930e,0x9008d19f58aabd9ed0d60971565aa8510560ab41,GPv2Settlement,DAI,60548.928656,2026-09-28T05:55:11,0x977f4ddbfeff8aee69e59f0c475b95848a8d6ebc876f2c7f6b608fd53baf3f14,https://etherscan.io/tx/0x977f4ddbfeff8aee69e59f0c475b95848a8d6ebc876f2c7f6b608fd53baf3f14
0xbf3071a89a61c4cab078100a3ea2d8d2503ac7d0,0xd37bbe5744d730a1d98d8dc97c42f0ca46ad7146,THORChain_Router,ETH,25.0,2026-09-28T06:08:59,0x939c089b2957debe2694f0c581192c9d090bf09a8cea9c3b8cceb123a3d7822c,https://etherscan.io/tx/0x939c089b2957debe2694f0c581192c9d090bf09a8cea9c3b8cceb123a3d7822c
0xbf3071a89a61c4cab078100a3ea2d8d2503ac7d0,0xd37bbe5744d730a1d98d8dc97c42f0ca46ad7146,THORChain_Router,ETH,30.0,2026-09-28T05:58:47,0x2430d515714d6a47936249be9ee18da59bfdd1b38767eae7e50ef2be0ca0dc4c,https://etherscan.io/tx/0x2430d515714d6a47936249be9ee18da59bfdd1b38767eae7e50ef2be0ca0dc4c
0xbf3071a89a61c4cab078100a3ea2d8d2503ac7d0,0xd37bbe5744d730a1d98d8dc97c42f0ca46ad7146,THORChain_Router,ETH,35.0,2026-09-28T05:47:35,0x17e2ee21e3e71e083b811457a1b6aff685d3001c16f7cc4ca1deff648fb997e0,https://etherscan.io/tx/0x17e2ee21e3e71e083b811457a1b6aff685d3001c16f7cc4ca1deff648fb997e0
0x6d01b0ba62a96c1989a11c8592e4daf5a4f1d726,0x6b175474e89094c44da98b954eedeac495271d0f,Dai,ETH,0.0,2026-09-28T02:53:11,0x4124f4df6b2d5c73abb7d623f0239183c9777a920e73ce18b0f14d774dc52339,https://etherscan.io/tx/0x4124f4df6b2d5c73abb7d623f0239183c9777a920e73ce18b0f14d774dc52339
0x6d01b0ba62a96c1989a11c8592e4daf5a4f1d726,0xba3cb449bd2b4adddbc894d8697f5170800eadec,CoWSwapEthFlow,ETH,42.52,2026-09-28T02:51:47,0xd70a1a54bcf0ca651d14cbe915d0e919e0f19c48ba6e6ed08b8159aec52e99b7,https://etherscan.io/tx/0xd70a1a54bcf0ca651d14cbe915d0e919e0f19c48ba6e6ed08b8159aec52e99b7
0x6d01b0ba62a96c1989a11c8592e4daf5a4f1d726,0x222a371663182e50f260a3365b49aec4ffe510c1,,DAI,0.0,2026-09-28T07:50:35,0xfbc4a4795345a5b439ca420689aaf6af0eea1d58f23f7846e29b8300ba5fece5,https://etherscan.io/tx/0xfbc4a4795345a5b439ca420689aaf6af0eea1d58f23f7846e29b8300ba5fece5
0x6d01b0ba62a96c1989a11c8592e4daf5a4f1d726,0x222a1be3039811ed2a54013e7bcfa05fa56610c1,,DAI,112700.429282,2026-09-28T02:53:11,0x4124f4df6b2d5c73abb7d623f0239183c9777a920e73ce18b0f14d774dc52339,https://etherscan.io/tx/0x4124f4df6b2d5c73abb7d623f0239183c9777a920e73ce18b0f14d774dc52339
0x86742b4272eff78e3f74b4bcf55ed907e752738b,0x9579532446054b8b0b0c6444c5c99dafde640594,,ETH,0.032,2026-09-28T06:03:23,0xe66d9d6f2cbf958b003557240f2a41d7fd5fc5cd8eca93be7c0980fe39acd0c1,https://etherscan.io/tx/0xe66d9d6f2cbf958b003557240f2a41d7fd5fc5cd8eca93be7c0980fe39acd0c1
0x86742b4272eff78e3f74b4bcf55ed907e752738b,0x6b175474e89094c44da98b954eedeac495271d0f,Dai,ETH,0.0,2026-09-28T06:02:35,0x822e1a6f89920c473214145387ee0660f0bd99503770ee40be8f34554150317b,https://etherscan.io/tx/0x822e1a6f89920c473214145387ee0660f0bd99503770ee40be8f34554150317b
0x86742b4272eff78e3f74b4bcf55ed907e752738b,0x7487884fda806b123a725212170306dae8a901fa,,ETH,56.84,2026-09-28T03:06:11,0xc08364802c762577e72b99236b9a42553aab1712013d957a94ae6f5532df262d,https://etherscan.io/tx/0xc08364802c762577e72b99236b9a42553aab1712013d957a94ae6f5532df262d
0x86742b4272eff78e3f74b4bcf55ed907e752738b,0xba3cb449bd2b4adddbc894d8697f5170800eadec,CoWSwapEthFlow,ETH,120.0,2026-09-28T02:40:59,0x44b5d1b9ff20536347cb489b843c2230f492cf7cb67a8ca315a262488f70d90d,https://etherscan.io/tx/0x44b5d1b9ff20536347cb489b843c2230f492cf7cb67a8ca315a262488f70d90d
0x86742b4272eff78e3f74b4bcf55ed907e752738b,0xba3cb449bd2b4adddbc894d8697f5170800eadec,CoWSwapEthFlow,ETH,100.0,2026-09-28T02:40:11,0xa6f93836cb5b1f0d890eadb924c98296d138867046a8096727974bfc5cfbcbd9,https://etherscan.io/tx/0xa6f93836cb5b1f0d890eadb924c98296d138867046a8096727974bfc5cfbcbd9
0x86742b4272eff78e3f74b4bcf55ed907e752738b,0x9579532446054b8b0b0c6444c5c99dafde640594,,DAI,583394.435594,2026-09-28T06:02:35,0x822e1a6f89920c473214145387ee0660f0bd99503770ee40be8f34554150317b,https://etherscan.io/tx/0x822e1a6f89920c473214145387ee0660f0bd99503770ee40be8f34554150317b
0x9579532446054b8b0b0c6444c5c99dafde640594,0xaabc969707b2a5d1d39d3ba24c60a0cd79dbe451,,ETH,219.68,2026-09-28T06:08:23,0xbd75aefa454b73508d31e29cc83e25823ea01380732903570ca9c55568c6efca,https://etherscan.io/tx/0xbd75aefa454b73508d31e29cc83e25823ea01380732903570ca9c55568c6efca
0x9579532446054b8b0b0c6444c5c99dafde640594,0x9008d19f58aabd9ed0d60971565aa8510560ab41,GPv2Settlement,DAI,583394.435594,2026-09-28T06:07:35,0x242acf4effdc538c4013eca0eadb2065ea7c6d30dafdeb3704beabc45b7fd4e0,https://etherscan.io/tx/0x242acf4effdc538c4013eca0eadb2065ea7c6d30dafdeb3704beabc45b7fd4e0
0xaabc969707b2a5d1d39d3ba24c60a0cd79dbe451,0xd37bbe5744d730a1d98d8dc97c42f0ca46ad7146,THORChain_Router,ETH,39.0,2026-09-28T06:39:59,0x24793f7478868c30b7948e6e5abe435d85f5407901ece234f2c2724ac315f4fd,https://etherscan.io/tx/0x24793f7478868c30b7948e6e5abe435d85f5407901ece234f2c2724ac315f4fd
0xaabc969707b2a5d1d39d3ba24c60a0cd79dbe451,0xd37bbe5744d730a1d98d8dc97c42f0ca46ad7146,THORChain_Router,ETH,40.0,2026-09-28T06:39:59,0x5757de03aa8298df9379762cd878867436987cd6c2a77891c0c89c6dc6e4a85b,https://etherscan.io/tx/0x5757de03aa8298df9379762cd878867436987cd6c2a77891c0c89c6dc6e4a85b
0xaabc969707b2a5d1d39d3ba24c60a0cd79dbe451,0xd37bbe5744d730a1d98d8dc97c42f0ca46ad7146,THORChain_Router,ETH,45.0,2026-09-28T06:39:59,0x0f82b2523c0dc0b01ebcf63a179a81758ba425bf53809f9ea984aa5cbe759e3a,https://etherscan.io/tx/0x0f82b2523c0dc0b01ebcf63a179a81758ba425bf53809f9ea984aa5cbe759e3a
0xaabc969707b2a5d1d39d3ba24c60a0cd79dbe451,0xd37bbe5744d730a1d98d8dc97c42f0ca46ad7146,THORChain_Router,ETH,57.6,2026-09-28T06:29:11,0xa165f6c71374dbc49e8a1f2ee7da3c509172aad8f1e58098d2ef0a3dbc36a958,https://etherscan.io/tx/0xa165f6c71374dbc49e8a1f2ee7da3c509172aad8f1e58098d2ef0a3dbc36a958
0xaabc969707b2a5d1d39d3ba24c60a0cd79dbe451,0xd37bbe5744d730a1d98d8dc97c42f0ca46ad7146,THORChain_Router,ETH,58.0,2026-09-28T06:23:35,0x7457744c58398149929a9d55f5d8b79714d8a34a6571035f7a6ee98a818fff08,https://etherscan.io/tx/0x7457744c58398149929a9d55f5d8b79714d8a34a6571035f7a6ee98a818fff08
0xaabc969707b2a5d1d39d3ba24c60a0cd79dbe451,0xd37bbe5744d730a1d98d8dc97c42f0ca46ad7146,THORChain_Router,ETH,56.0,2026-09-28T06:12:23,0x9d2f8bbc9eed5af682983aad00d69d96754b23fe00d554ee73cd13285f369aef,https://etherscan.io/tx/0x9d2f8bbc9eed5af682983aad00d69d96754b23fe00d554ee73cd13285f369aef
0xaabc969707b2a5d1d39d3ba24c60a0cd79dbe451,0xd37bbe5744d730a1d98d8dc97c42f0ca46ad7146,THORChain_Router,ETH,48.0,2026-09-28T06:12:23,0xce96bf126804883456e15fe19d2908df58787f3a8573c477aef9c5b860cf1623,https://etherscan.io/tx/0xce96bf126804883456e15fe19d2908df58787f3a8573c477aef9c5b860cf1623
0xaabc969707b2a5d1d39d3ba24c60a0cd79dbe451,0xd37bbe5744d730a1d98d8dc97c42f0ca46ad7146,THORChain_Router,ETH,29.0,2026-09-28T06:01:23,0xdc835b1c8ab80a24b8d6c8c9be21740f785287601da6d34948f9f07f39a3835b,https://etherscan.io/tx/0xdc835b1c8ab80a24b8d6c8c9be21740f785287601da6d34948f9f07f39a3835b
0xaabc969707b2a5d1d39d3ba24c60a0cd79dbe451,0xd37bbe5744d730a1d98d8dc97c42f0ca46ad7146,THORChain_Router,ETH,38.5,2026-09-28T05:59:47,0xc88fb41780d21c109e8827b67028cf7cddca03760f6fc7aa561866d7d4183049,https://etherscan.io/tx/0xc88fb41780d21c109e8827b67028cf7cddca03760f6fc7aa561866d7d4183049
0xaabc969707b2a5d1d39d3ba24c60a0cd79dbe451,0xd37bbe5744d730a1d98d8dc97c42f0ca46ad7146,THORChain_Router,ETH,39.0,2026-09-28T05:59:47,0x2f5b596249aa65459d7f48cbbfdbcceaf5d56f538a9f416409e104de1e8f454a,https://etherscan.io/tx/0x2f5b596249aa65459d7f48cbbfdbcceaf5d56f538a9f416409e104de1e8f454a
0xb81f2e952d954ae914591db4d9e421eb7fc6a7a1,0xe4499f9c4ee291a9f05d1d605050d8e128181328,,ETH,1e-06,2026-09-28T08:32:35,0xde5a7a1bdc4197b25b33971a6e7801ff30a74a0663dd4bda7cafca1bed237870,https://etherscan.io/tx/0xde5a7a1bdc4197b25b33971a6e7801ff30a74a0663dd4bda7cafca1bed237870
0xb81f2e952d954ae914591db4d9e421eb7fc6a7a1,0xe4499f9c4ee291a9f05d1d605050d8e128181328,,ETH,1.6e-05,2026-09-28T08:30:23,0x0c20a5c4caac340772035802b9f995d42f106b66260c3506ce6d80eca0c95e01,https://etherscan.io/tx/0x0c20a5c4caac340772035802b9f995d42f106b66260c3506ce6d80eca0c95e01
0xb81f2e952d954ae914591db4d9e421eb7fc6a7a1,0xe58b5b0b434fdaa0e9f7b7e98a6f402e545f2420,,ETH,42.469545,2026-09-28T03:21:11,0x483ac6ca38d7ac8eba1d4762d486e58931b5d94c01be6c3188c2da3eb7625720,https://etherscan.io/tx/0x483ac6ca38d7ac8eba1d4762d486e58931b5d94c01be6c3188c2da3eb7625720
0xb81f2e952d954ae914591db4d9e421eb7fc6a7a1,0xba3cb449bd2b4adddbc894d8697f5170800eadec,CoWSwapEthFlow,ETH,0.0,2026-09-28T03:19:47,0x0795e42f639d20e0b9fc91ee2943012909a14da3dc8462b2e1d51121fa8ab312,https://etherscan.io/tx/0x0795e42f639d20e0b9fc91ee2943012909a14da3dc8462b2e1d51121fa8ab312
0xb81f2e952d954ae914591db4d9e421eb7fc6a7a1,0xba3cb449bd2b4adddbc894d8697f5170800eadec,CoWSwapEthFlow,ETH,42.46,2026-09-28T03:11:35,0x87a5910aa62f940e5e69ca060ed6e7ca3db133834078fd8fb3ba1678d9186c6c,https://etherscan.io/tx/0x87a5910aa62f940e5e69ca060ed6e7ca3db133834078fd8fb3ba1678d9186c6c
0xe58b5b0b434fdaa0e9f7b7e98a6f402e545f2420,0xe4499f9c4ee291a9f05d1d605050d8e128181328,,ETH,1e-06,2026-09-28T08:31:35,0x8bb9f4be6aa6c6c4136a455d404e5fa8e57bf3bd5262891f9ffc65dc614f387d,https://etherscan.io/tx/0x8bb9f4be6aa6c6c4136a455d404e5fa8e57bf3bd5262891f9ffc65dc614f387d
0xe58b5b0b434fdaa0e9f7b7e98a6f402e545f2420,0xe4499f9c4ee291a9f05d1d605050d8e128181328,,ETH,6e-06,2026-09-28T08:30:23,0x5db84121627f7e7833f2f93cf5af3837ec683ac0b7868fb61bd99137fbc507dd,https://etherscan.io/tx/0x5db84121627f7e7833f2f93cf5af3837ec683ac0b7868fb61bd99137fbc507dd
0xe58b5b0b434fdaa0e9f7b7e98a6f402e545f2420,0xbf3071a89a61c4cab078100a3ea2d8d2503ac7d0,,ETH,42.469134,2026-09-28T05:44:47,0x3238dc957f0ea45e8677f6821fa9b0f82ee16b9035e32ba8d8fc18a84fee81e1,https://etherscan.io/tx/0x3238dc957f0ea45e8677f6821fa9b0f82ee16b9035e32ba8d8fc18a84fee81e1
0xe58b5b0b434fdaa0e9f7b7e98a6f402e545f2420,0xba3cb449bd2b4adddbc894d8697f5170800eadec,CoWSwapEthFlow,ETH,0.0,2026-09-28T03:24:35,0xb5b52dda5c1cf3472e48818688c85b7a9866de95617e9b3c542d56f5fb2851e5,https://etherscan.io/tx/0xb5b52dda5c1cf3472e48818688c85b7a9866de95617e9b3c542d56f5fb2851e5
0xe58b5b0b434fdaa0e9f7b7e98a6f402e545f2420,0xba3cb449bd2b4adddbc894d8697f5170800eadec,CoWSwapEthFlow,ETH,42.45,2026-09-28T03:22:23,0xfe4e080e51017e739c1696f96e91fd993516ff7d01d0aed38112f4a714bcb66b,https://etherscan.io/tx/0xfe4e080e51017e739c1696f96e91fd993516ff7d01d0aed38112f4a714bcb66b
0x606dcf693bbed7631872281e42ac7718e8fe8841,0xd37bbe5744d730a1d98d8dc97c42f0ca46ad7146,THORChain_Router,ETH,0.58,2026-09-28T05:03:35,0xc615038ce3f5815135dbd4dced294a300122a151ae2e8e1f6646f4598d7de257,https://etherscan.io/tx/0xc615038ce3f5815135dbd4dced294a300122a151ae2e8e1f6646f4598d7de257
0x606dcf693bbed7631872281e42ac7718e8fe8841,0xd37bbe5744d730a1d98d8dc97c42f0ca46ad7146,THORChain_Router,ETH,86.0,2026-09-28T04:50:35,0x1ca15d8ab8167db8800c9b98eedccbbb974fe9e4935b26ece30814e5ac54934f,https://etherscan.io/tx/0x1ca15d8ab8167db8800c9b98eedccbbb974fe9e4935b26ece30814e5ac54934f
0x606dcf693bbed7631872281e42ac7718e8fe8841,0xd37bbe5744d730a1d98d8dc97c42f0ca46ad7146,THORChain_Router,ETH,10.0,2026-09-28T04:41:59,0x601556861c1748a4871ddaebea8d701e4521c83c4e8d08f86087b191566e824b,https://etherscan.io/tx/0x601556861c1748a4871ddaebea8d701e4521c83c4e8d08f86087b191566e824b
0x7487884fda806b123a725212170306dae8a901fa,0xaf19c2c32b73868a4a76d350df21551ed5b78752,,ETH,49.73,2026-09-28T05:54:11,0x6654332ec78bfbf399acf5ec51fabf6c82e7b1e3b13bc39d2dfe73901146e45a,https://etherscan.io/tx/0x6654332ec78bfbf399acf5ec51fabf6c82e7b1e3b13bc39d2dfe73901146e45a
0x7487884fda806b123a725212170306dae8a901fa,0x6b175474e89094c44da98b954eedeac495271d0f,Dai,ETH,0.0,2026-09-28T05:53:35,0x08451fc715d1c6f90c22b2f2e5cbeffdfd3048c557f0d6b15aadfdaa8ab2bee6,https://etherscan.io/tx/0x08451fc715d1c6f90c22b2f2e5cbeffdfd3048c557f0d6b15aadfdaa8ab2bee6
0x7487884fda806b123a725212170306dae8a901fa,0xba3cb449bd2b4adddbc894d8697f5170800eadec,CoWSwapEthFlow,ETH,56.82,2026-09-28T03:07:47,0xa34da502d3fd97e77db00a6a75d006b031997fbc981163baaba6fe481a3b0b46,https://etherscan.io/tx/0xa34da502d3fd97e77db00a6a75d006b031997fbc981163baaba6fe481a3b0b46
0x7487884fda806b123a725212170306dae8a901fa,0xaf1973d7374ca82bf78d02c2c441f68929868752,,DAI,0.0,2026-09-28T07:49:59,0x80409f00c35f2707337e3743f5dd748f1687c3de9dbda14b1b0a04e942dcd7ba,https://etherscan.io/tx/0x80409f00c35f2707337e3743f5dd748f1687c3de9dbda14b1b0a04e942dcd7ba
0x7487884fda806b123a725212170306dae8a901fa,0xaf19c2c32b73868a4a76d350df21551ed5b78752,,DAI,150917.661419,2026-09-28T05:53:35,0x08451fc715d1c6f90c22b2f2e5cbeffdfd3048c557f0d6b15aadfdaa8ab2bee6,https://etherscan.io/tx/0x08451fc715d1c6f90c22b2f2e5cbeffdfd3048c557f0d6b15aadfdaa8ab2bee6
0xaf19c2c32b73868a4a76d350df21551ed5b78752,0xaabc969707b2a5d1d39d3ba24c60a0cd79dbe451,,ETH,106.64,2026-09-28T05:57:59,0x135b2151f621dbef09f0bc719a26379e04444a9bed880eff28059a8e78f416b9,https://etherscan.io/tx/0x135b2151f621dbef09f0bc719a26379e04444a9bed880eff28059a8e78f416b9
0xaf19c2c32b73868a4a76d350df21551ed5b78752,0x9008d19f58aabd9ed0d60971565aa8510560ab41,GPv2Settlement,DAI,150917.661419,2026-09-28T05:56:47,0xe88cca678b1c2ccd77641205d5fca8d93eba4727ba80625ab1f8ef57bf62046e,https://etherscan.io/tx/0xe88cca678b1c2ccd77641205d5fca8d93eba4727ba80625ab1f8ef57bf62046e
0xcf775e9c73886e85d69e01f80fe4fa3b1f52164c,0x1cdac13e0962e8987e516dead9cd1396d2a4ddb7,,ETH,31.58,2026-09-28T13:56:59,0x1861f0448f1e5726de36084953f7a7b975ea5511e1f2525f4af57ad387401f31,https://etherscan.io/tx/0x1861f0448f1e5726de36084953f7a7b975ea5511e1f2525f4af57ad387401f31
0xcf775e9c73886e85d69e01f80fe4fa3b1f52164c,0x11ccc1c01db56851860d58575e0359ffd71a3e0a,,ETH,32.08,2026-09-28T12:42:35,0xd35d97fc978f58af9f95f1eaec67c78d0aa5fab6dd81e8b820dc12f8a9ab6a8e,https://etherscan.io/tx/0xd35d97fc978f58af9f95f1eaec67c78d0aa5fab6dd81e8b820dc12f8a9ab6a8e
0xcf775e9c73886e85d69e01f80fe4fa3b1f52164c,0x1cdac13e0962e8987e516dead9cd1396d2a4ddb7,,ETH,3.758,2026-09-28T12:41:35,0x599332eb3a852bd0aa468cd81ac5ea60b45195fb3730712b5d96914050720c3b,https://etherscan.io/tx/0x599332eb3a852bd0aa468cd81ac5ea60b45195fb3730712b5d96914050720c3b
0xcf775e9c73886e85d69e01f80fe4fa3b1f52164c,0x11ccc1c01db56851860d58575e0359ffd71a3e0a,,ETH,21.22,2026-09-28T12:22:59,0x30444f3ddda399b2b6b8dafca7597fe167293e28f96f5a1b7b9682347310b86b,https://etherscan.io/tx/0x30444f3ddda399b2b6b8dafca7597fe167293e28f96f5a1b7b9682347310b86b
0xcf775e9c73886e85d69e01f80fe4fa3b1f52164c,0x11ccc1c01db56851860d58575e0359ffd71a3e0a,,ETH,31.9,2026-09-28T12:21:35,0x5361e15195d849e71b3b805815e963ae9cae4be48c20f522d7bdd39f0a9dd9bc,https://etherscan.io/tx/0x5361e15195d849e71b3b805815e963ae9cae4be48c20f522d7bdd39f0a9dd9bc
0xcf775e9c73886e85d69e01f80fe4fa3b1f52164c,0x1cdac13e0962e8987e516dead9cd1396d2a4ddb7,,ETH,31.4222,2026-09-28T10:56:47,0xc7dc6b2254d676f820fcb21271e10350ddf447737de94ff7dfd2793c434794ab,https://etherscan.io/tx/0xc7dc6b2254d676f820fcb21271e10350ddf447737de94ff7dfd2793c434794ab
0xcf775e9c73886e85d69e01f80fe4fa3b1f52164c,0x11ccc1c01db56851860d58575e0359ffd71a3e0a,,ETH,30.52,2026-09-28T06:04:59,0x4b1146fbe03646431caca3c391e853e7633f31ea8bb828ca1b0f6736c70d4bc2,https://etherscan.io/tx/0x4b1146fbe03646431caca3c391e853e7633f31ea8bb828ca1b0f6736c70d4bc2
0xcf775e9c73886e85d69e01f80fe4fa3b1f52164c,0x1cdac13e0962e8987e516dead9cd1396d2a4ddb7,,ETH,31.318,2026-09-28T06:03:59,0x88ad1a5d12aec2b6fc90e1e9ba6ae56dfb70416413a09d8aa61059f0da9f5721,https://etherscan.io/tx/0x88ad1a5d12aec2b6fc90e1e9ba6ae56dfb70416413a09d8aa61059f0da9f5721
0xcf775e9c73886e85d69e01f80fe4fa3b1f52164c,0xa2638c9e25fb12b1edbc8e8fb270e8890382d58d,,ETH,100.8294,2026-09-28T05:28:35,0x56db12d2f4d2f6d62e1ee2d0c8dc12b7fac188f50c01f01dd96d4f145f24af69,https://etherscan.io/tx/0x56db12d2f4d2f6d62e1ee2d0c8dc12b7fac188f50c01f01dd96d4f145f24af69
0xcf775e9c73886e85d69e01f80fe4fa3b1f52164c,0x11ccc1c01db56851860d58575e0359ffd71a3e0a,,ETH,22.368,2026-09-28T05:24:11,0x10e03d835f5348b5584da6bc78d7e9bde6d130c0f67ea1fae71419308cb9734e,https://etherscan.io/tx/0x10e03d835f5348b5584da6bc78d7e9bde6d130c0f67ea1fae71419308cb9734e
0xcf775e9c73886e85d69e01f80fe4fa3b1f52164c,0x11ccc1c01db56851860d58575e0359ffd71a3e0a,,ETH,32.0828,2026-09-28T05:02:11,0x9b07764161b77be750e1d933ad0bdb72bfadaadbeab4cb5c61c62d0f58be2b02,https://etherscan.io/tx/0x9b07764161b77be750e1d933ad0bdb72bfadaadbeab4cb5c61c62d0f58be2b02
0xcf775e9c73886e85d69e01f80fe4fa3b1f52164c,0x11ccc1c01db56851860d58575e0359ffd71a3e0a,,ETH,32.0828,2026-09-28T04:41:11,0xb3ab4067d5b4d3976959bed379832a7ff83a723ac1a5830583f4b7daeb084a93,https://etherscan.io/tx/0xb3ab4067d5b4d3976959bed379832a7ff83a723ac1a5830583f4b7daeb084a93
0xcf775e9c73886e85d69e01f80fe4fa3b1f52164c,0x1cdac13e0962e8987e516dead9cd1396d2a4ddb7,,ETH,32.81,2026-09-28T04:40:23,0xdd7bc450c79a40655786df6858bc3376a94876780ed705ab1014638989163bdc,https://etherscan.io/tx/0xdd7bc450c79a40655786df6858bc3376a94876780ed705ab1014638989163bdc
0x1cdac13e0962e8987e516dead9cd1396d2a4ddb7,0x0db14a0288f4637f60b46690f1971b756c58a47e,,ETH,3.759,2026-09-28T12:42:11,0xeae13c75685a491f8375172912feb6ecc7e0e94da3657b067b0d8bd1d9f83f53,https://etherscan.io/tx/0xeae13c75685a491f8375172912feb6ecc7e0e94da3657b067b0d8bd1d9f83f53
0x1cdac13e0962e8987e516dead9cd1396d2a4ddb7,0x0db14a0288f4637f60b46690f1971b756c58a47e,,ETH,6.422,2026-09-28T12:21:35,0x3bc171f900bae6f1e775092ee5f27d3fdbb733f5e44cea79c2737d03d3f4b126,https://etherscan.io/tx/0x3bc171f900bae6f1e775092ee5f27d3fdbb733f5e44cea79c2737d03d3f4b126
0x1cdac13e0962e8987e516dead9cd1396d2a4ddb7,0x0db14a0288f4637f60b46690f1971b756c58a47e,,ETH,5.0,2026-09-28T12:21:11,0xbd20e7bc6d2665056e6a4aafc1dd763b28aa6560f37c1a3767a94c29605a90b9,https://etherscan.io/tx/0xbd20e7bc6d2665056e6a4aafc1dd763b28aa6560f37c1a3767a94c29605a90b9
0x1cdac13e0962e8987e516dead9cd1396d2a4ddb7,0x0db14a0288f4637f60b46690f1971b756c58a47e,,ETH,5.0,2026-09-28T12:20:59,0x18ba36aaed47437c6fd60e4415a42aaa605232c3de753e197d59bc882a759a12,https://etherscan.io/tx/0x18ba36aaed47437c6fd60e4415a42aaa605232c3de753e197d59bc882a759a12
0x1cdac13e0962e8987e516dead9cd1396d2a4ddb7,0x0db14a0288f4637f60b46690f1971b756c58a47e,,ETH,5.0,2026-09-28T12:20:47,0xe0fee15cef05c8903043d4a3ff76e679227fd8ec6b450f8d619c9574867d1377,https://etherscan.io/tx/0xe0fee15cef05c8903043d4a3ff76e679227fd8ec6b450f8d619c9574867d1377
0x1cdac13e0962e8987e516dead9cd1396d2a4ddb7,0x0db14a0288f4637f60b46690f1971b756c58a47e,,ETH,5.0,2026-09-28T12:20:35,0x8af57b1a707844d6659dd6099c8003fd6503f2085a6d1943ca03dad12466419a,https://etherscan.io/tx/0x8af57b1a707844d6659dd6099c8003fd6503f2085a6d1943ca03dad12466419a
0x1cdac13e0962e8987e516dead9cd1396d2a4ddb7,0x0db14a0288f4637f60b46690f1971b756c58a47e,,ETH,5.0,2026-09-28T12:20:23,0x8a5f6dbbf9a8ce7cdefc84a14c6c05e10fa79c6463fd41e63cf37549fda6f745,https://etherscan.io/tx/0x8a5f6dbbf9a8ce7cdefc84a14c6c05e10fa79c6463fd41e63cf37549fda6f745
0x1cdac13e0962e8987e516dead9cd1396d2a4ddb7,0x328763072e3ce351ec29318df971b534ca45a0f7,,ETH,2.518,2026-09-28T06:30:59,0xd7bdee1ae99291c3fff323fe62b1b413790d1ec8021010873725bcef62d0f618,https://etherscan.io/tx/0xd7bdee1ae99291c3fff323fe62b1b413790d1ec8021010873725bcef62d0f618
0x1cdac13e0962e8987e516dead9cd1396d2a4ddb7,0x328763072e3ce351ec29318df971b534ca45a0f7,,ETH,5.0,2026-09-28T06:30:35,0x7163592050c249b5746f831e9b820c035392b8182baefc09dcdc584269a5f62c,https://etherscan.io/tx/0x7163592050c249b5746f831e9b820c035392b8182baefc09dcdc584269a5f62c
0x1cdac13e0962e8987e516dead9cd1396d2a4ddb7,0x328763072e3ce351ec29318df971b534ca45a0f7,,ETH,5.0,2026-09-28T06:29:35,0xd73c4675bd611f62a74ace99af8df1112cc0e193c0dbec4f541bcb73149904a6,https://etherscan.io/tx/0xd73c4675bd611f62a74ace99af8df1112cc0e193c0dbec4f541bcb73149904a6
0x1cdac13e0962e8987e516dead9cd1396d2a4ddb7,0x328763072e3ce351ec29318df971b534ca45a0f7,,ETH,5.0,2026-09-28T06:29:23,0x5b5823eb2a9667c8f82159de2efe47d0a38f1b6842b8ce2299ecb40ba565faa2,https://etherscan.io/tx/0x5b5823eb2a9667c8f82159de2efe47d0a38f1b6842b8ce2299ecb40ba565faa2
0x1cdac13e0962e8987e516dead9cd1396d2a4ddb7,0x4feb8dd18f442ff67b521b5a5bc4c3824e3288ab,,ETH,5.0,2026-09-28T06:26:47,0x610fca1d7746834484a38531a9dab4657c6e7f448625ca6fc1659983f8b2d11f,https://etherscan.io/tx/0x610fca1d7746834484a38531a9dab4657c6e7f448625ca6fc1659983f8b2d11f
0x1cdac13e0962e8987e516dead9cd1396d2a4ddb7,0x4feb8dd18f442ff67b521b5a5bc4c3824e3288ab,,ETH,5.0,2026-09-28T06:26:23,0x6e0c3ef1c87da602cfff17d76eac9ddb9b29c0a27becfe7aba6fa37efb58b2a8,https://etherscan.io/tx/0x6e0c3ef1c87da602cfff17d76eac9ddb9b29c0a27becfe7aba6fa37efb58b2a8
0x1cdac13e0962e8987e516dead9cd1396d2a4ddb7,0x41c88d3c0eda3f4df0bb4e5d0f4c81cc0232902c,,ETH,3.8,2026-09-28T06:12:35,0x781c444453b3c7e4873f2b11c778b53a416c3aeaed779ff477171c3960bae69c,https://etherscan.io/tx/0x781c444453b3c7e4873f2b11c778b53a416c3aeaed779ff477171c3960bae69c
0x1cdac13e0962e8987e516dead9cd1396d2a4ddb7,0x41c88d3c0eda3f4df0bb4e5d0f4c81cc0232902c,,ETH,2.508,2026-09-28T05:21:59,0xebc13a742726756bd43020ca1c0b9ca07c6bb9b9808637b64d8c3b7fe01bd959,https://etherscan.io/tx/0xebc13a742726756bd43020ca1c0b9ca07c6bb9b9808637b64d8c3b7fe01bd959
0x1cdac13e0962e8987e516dead9cd1396d2a4ddb7,0x41c88d3c0eda3f4df0bb4e5d0f4c81cc0232902c,,ETH,3.8,2026-09-28T05:21:23,0xbae4b7f99a0b9406e915d56aaffbc18e84990c88283f9ab068c65226b0b40fda,https://etherscan.io/tx/0xbae4b7f99a0b9406e915d56aaffbc18e84990c88283f9ab068c65226b0b40fda
0x1cdac13e0962e8987e516dead9cd1396d2a4ddb7,0x41c88d3c0eda3f4df0bb4e5d0f4c81cc0232902c,,ETH,3.8,2026-09-28T05:20:59,0xa57b81753f9234709163f6cfa1a78fa2cdebde118010a73e8f0de5f1b13006aa,https://etherscan.io/tx/0xa57b81753f9234709163f6cfa1a78fa2cdebde118010a73e8f0de5f1b13006aa
0x1cdac13e0962e8987e516dead9cd1396d2a4ddb7,0x41c88d3c0eda3f4df0bb4e5d0f4c81cc0232902c,,ETH,3.8,2026-09-28T05:20:23,0xf9c149273e5946a193b9b35f00f09893a209e0ac6c1cfb1af518aef19e00dc36,https://etherscan.io/tx/0xf9c149273e5946a193b9b35f00f09893a209e0ac6c1cfb1af518aef19e00dc36
0x1cdac13e0962e8987e516dead9cd1396d2a4ddb7,0x0dac1fb302bc428d8dc272a511e7c2f0d2a1c128,,ETH,3.8,2026-09-28T05:00:35,0x8d8772e6f073405045d55957885f24c2cf242ef12e881cbfd6911e9af45f8eed,https://etherscan.io/tx/0x8d8772e6f073405045d55957885f24c2cf242ef12e881cbfd6911e9af45f8eed
0x1cdac13e0962e8987e516dead9cd1396d2a4ddb7,0x0dac1fb302bc428d8dc272a511e7c2f0d2a1c128,,ETH,3.8,2026-09-28T04:59:35,0xfb1311466bf778326717a33b9dd7652ea66e6ec50b2a0cdcec060f67a7e86527,https://etherscan.io/tx/0xfb1311466bf778326717a33b9dd7652ea66e6ec50b2a0cdcec060f67a7e86527
0x1cdac13e0962e8987e516dead9cd1396d2a4ddb7,0x328763072e3ce351ec29318df971b534ca45a0f7,,ETH,3.8,2026-09-28T04:57:11,0x9a2c478b197b2dc26ccd125aabdb49e9415d2bdb6a897f5043f5f7784e650de8,https://etherscan.io/tx/0x9a2c478b197b2dc26ccd125aabdb49e9415d2bdb6a897f5043f5f7784e650de8
0x1cdac13e0962e8987e516dead9cd1396d2a4ddb7,0x0db14a0288f4637f60b46690f1971b756c58a47e,,ETH,3.8,2026-09-28T04:46:47,0xa7d3f384c6f1edc2a505f835db3644bcc513aa3f58589149e3f1b351004b2ccc,https://etherscan.io/tx/0xa7d3f384c6f1edc2a505f835db3644bcc513aa3f58589149e3f1b351004b2ccc
0x1cdac13e0962e8987e516dead9cd1396d2a4ddb7,0x4feb8dd18f442ff67b521b5a5bc4c3824e3288ab,,ETH,3.7,2026-09-28T04:43:35,0x8648391005e44e4a52925d9c923e698c307ae215ccb90772b5a93dbe8e433a82,https://etherscan.io/tx/0x8648391005e44e4a52925d9c923e698c307ae215ccb90772b5a93dbe8e433a82
0x29717c8bb45c12b36ffd252c038213d17ae76932,0xd37bbe5744d730a1d98d8dc97c42f0ca46ad7146,THORChain_Router,ETH,18.8,2026-09-28T06:03:23,0x3cd8ad9c4bf4ab5ae100461501a075a4dd3f8a9cb3a72d0ae5c9cd23f6474053,https://etherscan.io/tx/0x3cd8ad9c4bf4ab5ae100461501a075a4dd3f8a9cb3a72d0ae5c9cd23f6474053
0x29717c8bb45c12b36ffd252c038213d17ae76932,0xd37bbe5744d730a1d98d8dc97c42f0ca46ad7146,THORChain_Router,ETH,37.0,2026-09-28T06:02:59,0x6b4f33d0e682534fd3cf7a625a8eadea3a9da9d0da564020f8dcd51c84f6626c,https://etherscan.io/tx/0x6b4f33d0e682534fd3cf7a625a8eadea3a9da9d0da564020f8dcd51c84f6626c
0x29717c8bb45c12b36ffd252c038213d17ae76932,0xd37bbe5744d730a1d98d8dc97c42f0ca46ad7146,THORChain_Router,ETH,37.0,2026-09-28T06:01:59,0x1a264d5cff25dedf23fae3910463b222f0caa2f09bac3da4aa56d6546d8dc9d3,https://etherscan.io/tx/0x1a264d5cff25dedf23fae3910463b222f0caa2f09bac3da4aa56d6546d8dc9d3
0x29717c8bb45c12b36ffd252c038213d17ae76932,0xd37bbe5744d730a1d98d8dc97c42f0ca46ad7146,THORChain_Router,ETH,12.0,2026-09-28T05:51:47,0xec6906439b474d35bad55e32b6bf61515f6421994eac9353b79674d311f9feb2,https://etherscan.io/tx/0xec6906439b474d35bad55e32b6bf61515f6421994eac9353b79674d311f9feb2
0x29717c8bb45c12b36ffd252c038213d17ae76932,0xd37bbe5744d730a1d98d8dc97c42f0ca46ad7146,THORChain_Router,ETH,50.68,2026-09-28T05:49:47,0x2a0b5b4702c9ab445b5dc40ba85f0a652d4ec51b4b00d3142a0dbb44cead10dc,https://etherscan.io/tx/0x2a0b5b4702c9ab445b5dc40ba85f0a652d4ec51b4b00d3142a0dbb44cead10dc
0x29717c8bb45c12b36ffd252c038213d17ae76932,0xd37bbe5744d730a1d98d8dc97c42f0ca46ad7146,THORChain_Router,ETH,50.68,2026-09-28T05:49:11,0xe00eba05d2151c0abceb6c0b43c3614ea6e740bddf18dc4bf2f12f0759358f52,https://etherscan.io/tx/0xe00eba05d2151c0abceb6c0b43c3614ea6e740bddf18dc4bf2f12f0759358f52
0x29717c8bb45c12b36ffd252c038213d17ae76932,0xd37bbe5744d730a1d98d8dc97c42f0ca46ad7146,THORChain_Router,ETH,50.68,2026-09-28T05:36:23,0xf461335a68131e9944840d6c12db6e63f6627211c0eb902d1271c2576211d648,https://etherscan.io/tx/0xf461335a68131e9944840d6c12db6e63f6627211c0eb902d1271c2576211d648
0x29717c8bb45c12b36ffd252c038213d17ae76932,0xd37bbe5744d730a1d98d8dc97c42f0ca46ad7146,THORChain_Router,ETH,55.0,2026-09-28T05:33:47,0xbc912df2829b5e27815e8c21088a26f28771e82d6919b7e1456f8abfa09a6752,https://etherscan.io/tx/0xbc912df2829b5e27815e8c21088a26f28771e82d6919b7e1456f8abfa09a6752
0x29717c8bb45c12b36ffd252c038213d17ae76932,0xd37bbe5744d730a1d98d8dc97c42f0ca46ad7146,THORChain_Router,ETH,56.0,2026-09-28T05:02:59,0xbecb13449a7df24bdd0bff586f31d68a4cac30dd37071d6675c4ef74c4e18995,https://etherscan.io/tx/0xbecb13449a7df24bdd0bff586f31d68a4cac30dd37071d6675c4ef74c4e18995
0x29717c8bb45c12b36ffd252c038213d17ae76932,0xd37bbe5744d730a1d98d8dc97c42f0ca46ad7146,THORChain_Router,ETH,37.0,2026-09-28T05:02:59,0xddfbf9028f66c4e73de06be84364d760578e6ab023b34551330c5f275dd9462b,https://etherscan.io/tx/0xddfbf9028f66c4e73de06be84364d760578e6ab023b34551330c5f275dd9462b
0x29717c8bb45c12b36ffd252c038213d17ae76932,0xd37bbe5744d730a1d98d8dc97c42f0ca46ad7146,THORChain_Router,ETH,55.0,2026-09-28T05:01:23,0x88ca9e8d453f70006c5a5b2525127479e0fe64d5bdd9daf683e69118c59bdc4c,https://etherscan.io/tx/0x88ca9e8d453f70006c5a5b2525127479e0fe64d5bdd9daf683e69118c59bdc4c
0x29717c8bb45c12b36ffd252c038213d17ae76932,0xd37bbe5744d730a1d98d8dc97c42f0ca46ad7146,THORChain_Router,ETH,37.5,2026-09-28T05:01:23,0xf4482b78c9cb0dc5d62242486863e2204b9123522552c183e9fa2d3303b37fe8,https://etherscan.io/tx/0xf4482b78c9cb0dc5d62242486863e2204b9123522552c183e9fa2d3303b37fe8
0x29717c8bb45c12b36ffd252c038213d17ae76932,0xd37bbe5744d730a1d98d8dc97c42f0ca46ad7146,THORChain_Router,ETH,38.0,2026-09-28T04:59:59,0xd34dd7f181e5deddf71fd31f1d278e63e11a02a7525371a6c87e4dc243d886b4,https://etherscan.io/tx/0xd34dd7f181e5deddf71fd31f1d278e63e11a02a7525371a6c87e4dc243d886b4
0x29717c8bb45c12b36ffd252c038213d17ae76932,0xd37bbe5744d730a1d98d8dc97c42f0ca46ad7146,THORChain_Router,ETH,37.0,2026-09-28T04:54:59,0xd7464d9489c85323a32263ae533e4836f88e571e43261bc7fa65d3c437aaee20,https://etherscan.io/tx/0xd7464d9489c85323a32263ae533e4836f88e571e43261bc7fa65d3c437aaee20
0x29717c8bb45c12b36ffd252c038213d17ae76932,0xd37bbe5744d730a1d98d8dc97c42f0ca46ad7146,THORChain_Router,ETH,36.0,2026-09-28T04:54:59,0xf4f4d02502c0a9d3e0f159e453c84f3602873d7f935ea4adbd680deb79f15bef,https://etherscan.io/tx/0xf4f4d02502c0a9d3e0f159e453c84f3602873d7f935ea4adbd680deb79f15bef
0x29717c8bb45c12b36ffd252c038213d17ae76932,0xc911fc1d581e461db5d3c85b5582e5f77cb033c1,,ETH,36.5924,2026-09-27T08:46:11,0x748c0ffe8f19a7502520657536e0eb7ad333fd692feac85ad71ec33526102408,https://etherscan.io/tx/0x748c0ffe8f19a7502520657536e0eb7ad333fd692feac85ad71ec33526102408
0xc911fc1d581e461db5d3c85b5582e5f77cb033c1,0xf33e750336e9c0d4e2f4c0d450d753030693cc71,ERC1967Proxy,ETH,0.0,2026-09-27T08:48:59,0x5419785a5498bcad11da5b809e8cf0eda0945e19f87f64d0d003e873a4e28d85,https://etherscan.io/tx/0x5419785a5498bcad11da5b809e8cf0eda0945e19f87f64d0d003e873a4e28d85
0xc911fc1d581e461db5d3c85b5582e5f77cb033c1,0xba3cb449bd2b4adddbc894d8697f5170800eadec,CoWSwapEthFlow,ETH,36.55,2026-09-27T08:47:35,0x7961fbd62e92de056c4dff6fab01ab08330bd429d63cd3b6dbe36f2179440368,https://etherscan.io/tx/0x7961fbd62e92de056c4dff6fab01ab08330bd429d63cd3b6dbe36f2179440368
0xc911fc1d581e461db5d3c85b5582e5f77cb033c1,0xf33e750336e9c0d4e2f4c0d450d753030693cc71,ERC1967Proxy,USDC,99178.601497,2026-09-27T08:48:59,0x5419785a5498bcad11da5b809e8cf0eda0945e19f87f64d0d003e873a4e28d85,https://etherscan.io/tx/0x5419785a5498bcad11da5b809e8cf0eda0945e19f87f64d0d003e873a4e28d85
0x132e00d513dc406342d2661cc74fb8542117afdd,0xd37bbe5744d730a1d98d8dc97c42f0ca46ad7146,THORChain_Router,ETH,30.94,2026-09-28T06:04:47,0x4a6abb68cde9f10b6cb5a019be79adcc1f806db4c97803809f85f940d616fc22,https://etherscan.io/tx/0x4a6abb68cde9f10b6cb5a019be79adcc1f806db4c97803809f85f940d616fc22
0x132e00d513dc406342d2661cc74fb8542117afdd,0xd37bbe5744d730a1d98d8dc97c42f0ca46ad7146,THORChain_Router,ETH,40.0,2026-09-28T06:03:23,0x0b517a234b4a614f964fdfdebbbf3fccd73ce0748dbad42d298871d5205fce57,https://etherscan.io/tx/0x0b517a234b4a614f964fdfdebbbf3fccd73ce0748dbad42d298871d5205fce57
0x132e00d513dc406342d2661cc74fb8542117afdd,0xd37bbe5744d730a1d98d8dc97c42f0ca46ad7146,THORChain_Router,ETH,45.0,2026-09-28T06:02:59,0x929e37dfd02f60339f955ce6b32e63dfef1e8ac078ab07b12e3f3a803f09990c,https://etherscan.io/tx/0x929e37dfd02f60339f955ce6b32e63dfef1e8ac078ab07b12e3f3a803f09990c
0x132e00d513dc406342d2661cc74fb8542117afdd,0xd37bbe5744d730a1d98d8dc97c42f0ca46ad7146,THORChain_Router,ETH,46.0,2026-09-28T06:02:59,0x80069a26c2d035ff5aee394bd38456dd8a10b6b753afa478f5cbbff8da142eb5,https://etherscan.io/tx/0x80069a26c2d035ff5aee394bd38456dd8a10b6b753afa478f5cbbff8da142eb5
0x132e00d513dc406342d2661cc74fb8542117afdd,0xd37bbe5744d730a1d98d8dc97c42f0ca46ad7146,THORChain_Router,ETH,46.0,2026-09-28T05:51:47,0x8d20a909f6aaa7721eb2c32afb69eb9b688c5f2278bdb4984546e12ba33164fd,https://etherscan.io/tx/0x8d20a909f6aaa7721eb2c32afb69eb9b688c5f2278bdb4984546e12ba33164fd
0x132e00d513dc406342d2661cc74fb8542117afdd,0xd37bbe5744d730a1d98d8dc97c42f0ca46ad7146,THORChain_Router,ETH,40.0,2026-09-28T05:49:11,0x65034a5ee633a3c9ef06a03c89c3ec8f1459e6d31353a1b3aed258d8e99ab6b7,https://etherscan.io/tx/0x65034a5ee633a3c9ef06a03c89c3ec8f1459e6d31353a1b3aed258d8e99ab6b7
0x132e00d513dc406342d2661cc74fb8542117afdd,0xd37bbe5744d730a1d98d8dc97c42f0ca46ad7146,THORChain_Router,ETH,13.0,2026-09-28T05:36:23,0x543064ab997e1d596803d555e503982e9824f10d04160137bc89aaf76998c714,https://etherscan.io/tx/0x543064ab997e1d596803d555e503982e9824f10d04160137bc89aaf76998c714
0x132e00d513dc406342d2661cc74fb8542117afdd,0xd37bbe5744d730a1d98d8dc97c42f0ca46ad7146,THORChain_Router,ETH,36.51,2026-09-28T05:01:23,0x554cfaf782a046574683db7a97a6bd5d90a332b0d41dd254302becf48915649b,https://etherscan.io/tx/0x554cfaf782a046574683db7a97a6bd5d90a332b0d41dd254302becf48915649b
0x132e00d513dc406342d2661cc74fb8542117afdd,0xd37bbe5744d730a1d98d8dc97c42f0ca46ad7146,THORChain_Router,ETH,38.0,2026-09-28T04:59:59,0x7c97ecfb8cf7af66ca3cfadf7b66bb434738b059d93e926bc7c499853136934c,https://etherscan.io/tx/0x7c97ecfb8cf7af66ca3cfadf7b66bb434738b059d93e926bc7c499853136934c
0x132e00d513dc406342d2661cc74fb8542117afdd,0xd37bbe5744d730a1d98d8dc97c42f0ca46ad7146,THORChain_Router,ETH,60.0,2026-09-28T04:48:11,0x95ae0db975905fd0bcba6a37f6a2d463fee77c09070b1fbce52ab20165645ab6,https://etherscan.io/tx/0x95ae0db975905fd0bcba6a37f6a2d463fee77c09070b1fbce52ab20165645ab6
0x132e00d513dc406342d2661cc74fb8542117afdd,0xd37bbe5744d730a1d98d8dc97c42f0ca46ad7146,THORChain_Router,ETH,60.0,2026-09-28T04:48:11,0xc75e1abfed699b707038456cdf9118886d10094654eaf9037baa83544f61bd6f,https://etherscan.io/tx/0xc75e1abfed699b707038456cdf9118886d10094654eaf9037baa83544f61bd6f
0x132e00d513dc406342d2661cc74fb8542117afdd,0xd37bbe5744d730a1d98d8dc97c42f0ca46ad7146,THORChain_Router,ETH,100.0,2026-09-28T04:45:11,0xee9474ae34089ff663eee4757a4eee24ca355c160a2942e58ececf5d10bc79ed,https://etherscan.io/tx/0xee9474ae34089ff663eee4757a4eee24ca355c160a2942e58ececf5d10bc79ed
0x132e00d513dc406342d2661cc74fb8542117afdd,0xd37bbe5744d730a1d98d8dc97c42f0ca46ad7146,THORChain_Router,ETH,10.0,2026-09-28T04:43:59,0xdf9fb9052e7b28277ddccac07966a4cfa81c2c6dee02dc886069199231e58f08,https://etherscan.io/tx/0xdf9fb9052e7b28277ddccac07966a4cfa81c2c6dee02dc886069199231e58f08
0xc9a693ab09b1a6a8320919105d62c0f754bc592c,0x54c541a353c635115ce39712d8a3aefc61ad0e81,,ETH,112.046,2026-09-28T07:34:35,0x0d678a763a49b2203c0a7d411f5b4b1c77e2eb6edcf3b926f661d3a855fe485b,https://etherscan.io/tx/0x0d678a763a49b2203c0a7d411f5b4b1c77e2eb6edcf3b926f661d3a855fe485b
0xc9a693ab09b1a6a8320919105d62c0f754bc592c,0x5115c5f6ae81872d2c208c35730d1650e8072e83,,ETH,693.46,2026-09-27T23:06:47,0xed94b1e84ba22d3020a36b1ae2af62ed7383c0b9d87ef161d5743a05e6e37b9c,https://etherscan.io/tx/0xed94b1e84ba22d3020a36b1ae2af62ed7383c0b9d87ef161d5743a05e6e37b9c
0xc9a693ab09b1a6a8320919105d62c0f754bc592c,0x5115c5f6ae81872d2c208c35730d1650e8072e83,,ETH,1.0,2026-09-27T23:02:35,0x0fd87f340952db758af1969d1c50bd713ef0b4c4f6f6fc0508e9e33ac157196a,https://etherscan.io/tx/0x0fd87f340952db758af1969d1c50bd713ef0b4c4f6f6fc0508e9e33ac157196a
0x54c541a353c635115ce39712d8a3aefc61ad0e81,0x7d013719ec0e1ac37176925ecbcb36278616fd09,,ETH,249.17335,2026-09-28T08:59:47,0x24a8be3487222f2af094afbb62833a8442dfa333ed4b8932b1c7ed4c0477fd1a,https://etherscan.io/tx/0x24a8be3487222f2af094afbb62833a8442dfa333ed4b8932b1c7ed4c0477fd1a
0x7d013719ec0e1ac37176925ecbcb36278616fd09,0x6b175474e89094c44da98b954eedeac495271d0f,Dai,ETH,0.0,2026-09-28T09:16:23,0x33a430f42df38988cd2bb9bda350913e8215948c11fe4e17978ba12651ac8d4a,https://etherscan.io/tx/0x33a430f42df38988cd2bb9bda350913e8215948c11fe4e17978ba12651ac8d4a
0x7d013719ec0e1ac37176925ecbcb36278616fd09,0xacddac6c77318b615f7f6fb9bb67c6833e9c05f1,LZMultiCall,ETH,148.165,2026-09-28T09:12:11,0x4d0143c246a05855ff9703cfdfe8f84401d71a1958b6649c82607dfce80a747f,https://etherscan.io/tx/0x4d0143c246a05855ff9703cfdfe8f84401d71a1958b6649c82607dfce80a747f
0x7d013719ec0e1ac37176925ecbcb36278616fd09,0xacddac6c77318b615f7f6fb9bb67c6833e9c05f1,LZMultiCall,ETH,100.0,2026-09-28T09:08:11,0xe0b19977ddac568cde095c193a40ccfcf56cdaceabff342cbae90cb5a66a4fa7,https://etherscan.io/tx/0xe0b19977ddac568cde095c193a40ccfcf56cdaceabff342cbae90cb5a66a4fa7
0x7d013719ec0e1ac37176925ecbcb36278616fd09,0x0736bdc975af0675b9a045384efed91360d25479,Aori,ETH,1.0,2026-09-28T09:05:11,0x852c267916b232de6d1d1470cbf8e28544114c5b8578e165360ecb9f7fc13d99,https://etherscan.io/tx/0x852c267916b232de6d1d1470cbf8e28544114c5b8578e165360ecb9f7fc13d99
0x7d013719ec0e1ac37176925ecbcb36278616fd09,0x54c541a353c635115ce39712d8a3aefc61ad0e81,,DAI,655237.968359,2026-09-28T09:16:23,0x33a430f42df38988cd2bb9bda350913e8215948c11fe4e17978ba12651ac8d4a,https://etherscan.io/tx/0x33a430f42df38988cd2bb9bda350913e8215948c11fe4e17978ba12651ac8d4a
0x09db2ba96eec500ba384804efd9f6c6362d40b0a,0x54c541a353c635115ce39712d8a3aefc61ad0e81,,ETH,30.926,2026-09-28T07:32:11,0x58dc3b401121eae45b69f819cd8c1857204e6db10b02b653cc6bc9a1a46af5ef,https://etherscan.io/tx/0x58dc3b401121eae45b69f819cd8c1857204e6db10b02b653cc6bc9a1a46af5ef
0x09db2ba96eec500ba384804efd9f6c6362d40b0a,0x54c541a353c635115ce39712d8a3aefc61ad0e81,,ETH,0.1,2026-09-28T07:30:35,0xc26efa14413036750b99897156352848db4a4cd809239b7b0d9f64fd6d0dc824,https://etherscan.io/tx/0xc26efa14413036750b99897156352848db4a4cd809239b7b0d9f64fd6d0dc824
0x5115c5f6ae81872d2c208c35730d1650e8072e83,0x54c541a353c635115ce39712d8a3aefc61ad0e81,,ETH,103.371,2026-09-28T07:36:35,0x8658c1e457520aa7c496c455d04a9dea722cc7a75a6eca7c164e46b180c1a14b,https://etherscan.io/tx/0x8658c1e457520aa7c496c455d04a9dea722cc7a75a6eca7c164e46b180c1a14b
0x5115c5f6ae81872d2c208c35730d1650e8072e83,0x54c541a353c635115ce39712d8a3aefc61ad0e81,,ETH,0.000432,2026-09-27T23:18:47,0x293053a13723e71036075b9fb43cd94449cc2b4a153fda71ba9699adf522f858,https://etherscan.io/tx/0x293053a13723e71036075b9fb43cd94449cc2b4a153fda71ba9699adf522f858
0x5115c5f6ae81872d2c208c35730d1650e8072e83,0x6b175474e89094c44da98b954eedeac495271d0f,Dai,ETH,0.0,2026-09-27T23:17:47,0x0650b80681dea93324f2ddb2d152599c61fb2c081eaa780ceaa3e2363b41b9b4,https://etherscan.io/tx/0x0650b80681dea93324f2ddb2d152599c61fb2c081eaa780ceaa3e2363b41b9b4
0x5115c5f6ae81872d2c208c35730d1650e8072e83,0xba3cb449bd2b4adddbc894d8697f5170800eadec,CoWSwapEthFlow,ETH,293.46,2026-09-27T23:13:11,0x1de195ecbe120855f4ca52c22fa8ce3da7f4f463cea191e64fcdab4be54fa296,https://etherscan.io/tx/0x1de195ecbe120855f4ca52c22fa8ce3da7f4f463cea191e64fcdab4be54fa296
0x5115c5f6ae81872d2c208c35730d1650e8072e83,0xba3cb449bd2b4adddbc894d8697f5170800eadec,CoWSwapEthFlow,ETH,200.0,2026-09-27T23:11:35,0x2d9a19deb5846653019ab1bd057d98aab69899967f0f4e239d4bf6296d685210,https://etherscan.io/tx/0x2d9a19deb5846653019ab1bd057d98aab69899967f0f4e239d4bf6296d685210
0x5115c5f6ae81872d2c208c35730d1650e8072e83,0xba3cb449bd2b4adddbc894d8697f5170800eadec,CoWSwapEthFlow,ETH,100.0,2026-09-27T23:09:11,0x54199d47948bf597faa096b1cbe5d4f4e7781fa21f6a4306c103233d1d204e37,https://etherscan.io/tx/0x54199d47948bf597faa096b1cbe5d4f4e7781fa21f6a4306c103233d1d204e37
0x5115c5f6ae81872d2c208c35730d1650e8072e83,0xba3cb449bd2b4adddbc894d8697f5170800eadec,CoWSwapEthFlow,ETH,100.0,2026-09-27T23:07:59,0x5fbe3c7f6635869976281e1af7c03947633099653b97278bd128764c5c7bee59,https://etherscan.io/tx/0x5fbe3c7f6635869976281e1af7c03947633099653b97278bd128764c5c7bee59
0x5115c5f6ae81872d2c208c35730d1650e8072e83,0xba3cb449bd2b4adddbc894d8697f5170800eadec,CoWSwapEthFlow,ETH,0.999,2026-09-27T23:04:23,0xfe43ccb059c1cb987fe5431abcbe2dafb54353e1ab3426913aba5078352dc9df,https://etherscan.io/tx/0xfe43ccb059c1cb987fe5431abcbe2dafb54353e1ab3426913aba5078352dc9df
0x5115c5f6ae81872d2c208c35730d1650e8072e83,0x54c56c56cca2c1119285309567581c6143bd0e81,,DAI,0.0,2026-09-28T07:18:59,0x59d584c9f4b56e2a1e3c4d172ffbcb2dbfe682b92fe7b4f63ae054e19490e1c0,https://etherscan.io/tx/0x59d584c9f4b56e2a1e3c4d172ffbcb2dbfe682b92fe7b4f63ae054e19490e1c0
0x5115c5f6ae81872d2c208c35730d1650e8072e83,0x54c589ae9ad7496d6f516d800d1fd028d8910e81,contract,DAI,0.0,2026-09-28T07:13:11,0xc08bedf26323fe56c2dad2cc52267948704ba802bd8295398ffe1e4a18f35e80,https://etherscan.io/tx/0xc08bedf26323fe56c2dad2cc52267948704ba802bd8295398ffe1e4a18f35e80
0x5115c5f6ae81872d2c208c35730d1650e8072e83,0x54c56c56cca2c1119285309567581c6143bd0e81,,DAI,0.0,2026-09-28T00:55:35,0x234f1006d61557e617de4ae19eda9d9292296ea4b9c33f1efa686fee844073b1,https://etherscan.io/tx/0x234f1006d61557e617de4ae19eda9d9292296ea4b9c33f1efa686fee844073b1
0x5115c5f6ae81872d2c208c35730d1650e8072e83,0x54c541a353c635115ce39712d8a3aefc61ad0e81,,DAI,1857483.242256,2026-09-27T23:17:47,0x0650b80681dea93324f2ddb2d152599c61fb2c081eaa780ceaa3e2363b41b9b4,https://etherscan.io/tx/0x0650b80681dea93324f2ddb2d152599c61fb2c081eaa780ceaa3e2363b41b9b4
0xcfe25e689d37254c392ad683e9fcf9b9faa8adcc,0x401bae4ef3eebdf34e75b6cf3755ba69b238db85,,ETH,185.38,2026-09-28T09:22:11,0x773b17de87c108035fdd65ec362a9e73d9af61b9f101e7fdd49182c7936ed28d,https://etherscan.io/tx/0x773b17de87c108035fdd65ec362a9e73d9af61b9f101e7fdd49182c7936ed28d
0x401bae4ef3eebdf34e75b6cf3755ba69b238db85,0x6b175474e89094c44da98b954eedeac495271d0f,Dai,ETH,0.0,2026-09-28T09:29:35,0xf004d0699e8ee8790b35c1e0d60506fa627462f2800b5f6261685088ffcef63c,https://etherscan.io/tx/0xf004d0699e8ee8790b35c1e0d60506fa627462f2800b5f6261685088ffcef63c
0x401bae4ef3eebdf34e75b6cf3755ba69b238db85,0xba3cb449bd2b4adddbc894d8697f5170800eadec,CoWSwapEthFlow,ETH,185.37,2026-09-28T09:23:11,0x726fac2c1b6ae330ce13e576d60546c41fff6f44950eea8856d232bc060e5b1b,https://etherscan.io/tx/0x726fac2c1b6ae330ce13e576d60546c41fff6f44950eea8856d232bc060e5b1b
0x401bae4ef3eebdf34e75b6cf3755ba69b238db85,0x20f3afe8feb485790194e608d88b60b050452c8a,,DAI,491214.777135,2026-09-28T09:29:35,0xf004d0699e8ee8790b35c1e0d60506fa627462f2800b5f6261685088ffcef63c,https://etherscan.io/tx/0xf004d0699e8ee8790b35c1e0d60506fa627462f2800b5f6261685088ffcef63c
0x710e89c15a1c55cdf4614c7e43178ebf2e20ce7d,0xe4499f9c4ee291a9f05d1d605050d8e128181328,,ETH,1e-06,2026-09-28T08:31:47,0x5edc10983ca57f3e0c9847265a04e058a44ea7789c4069d6ac5d4f07d27060d5,https://etherscan.io/tx/0x5edc10983ca57f3e0c9847265a04e058a44ea7789c4069d6ac5d4f07d27060d5
0x710e89c15a1c55cdf4614c7e43178ebf2e20ce7d,0xe4499f9c4ee291a9f05d1d605050d8e128181328,,ETH,61.007227,2026-09-28T08:30:23,0xb13ab4ae7a891ee00ad213e875857c11ab53415528f2cb6222ff9da8d4ffedb2,https://etherscan.io/tx/0xb13ab4ae7a891ee00ad213e875857c11ab53415528f2cb6222ff9da8d4ffedb2
0xe93d025fa7441b8978fbd3099faa71bb0564a886,0x6b175474e89094c44da98b954eedeac495271d0f,Dai,ETH,0.0,2026-09-28T09:31:35,0x8f1701d0e5b07be9ae940707e03fdd32ec2427a1b30b24a2b10c76930fac4cd8,https://etherscan.io/tx/0x8f1701d0e5b07be9ae940707e03fdd32ec2427a1b30b24a2b10c76930fac4cd8
0xe93d025fa7441b8978fbd3099faa71bb0564a886,0xba3cb449bd2b4adddbc894d8697f5170800eadec,CoWSwapEthFlow,ETH,156.40026,2026-09-28T08:35:47,0x7d24b927543d94f7e6f04d99377f0a77a3a4b026f708e30ce576e6bc62ceaca8,https://etherscan.io/tx/0x7d24b927543d94f7e6f04d99377f0a77a3a4b026f708e30ce576e6bc62ceaca8
0xe93d025fa7441b8978fbd3099faa71bb0564a886,0x20f3afe8feb485790194e608d88b60b050452c8a,,DAI,463311.316925,2026-09-28T09:31:35,0x8f1701d0e5b07be9ae940707e03fdd32ec2427a1b30b24a2b10c76930fac4cd8,https://etherscan.io/tx/0x8f1701d0e5b07be9ae940707e03fdd32ec2427a1b30b24a2b10c76930fac4cd8
0x08dc03cab2b2f04d31cc45ca457ab476cb5d50e8,0x20f3afe8feb485790194e608d88b60b050452c8a,,ETH,204.49387,2026-09-28T09:26:35,0xca4576fc6607f1a0d81c6912b92c8ede0314274e0c5eeeb90a3805b5796a9b80,https://etherscan.io/tx/0xca4576fc6607f1a0d81c6912b92c8ede0314274e0c5eeeb90a3805b5796a9b80
0x08dc03cab2b2f04d31cc45ca457ab476cb5d50e8,0xba3cb449bd2b4adddbc894d8697f5170800eadec,CoWSwapEthFlow,ETH,0.0,2026-09-28T09:04:35,0x1d8c1e9a81b8b51086c95cb1fc3f631e503a84ede1c992f35fc5f3e2212a668b,https://etherscan.io/tx/0x1d8c1e9a81b8b51086c95cb1fc3f631e503a84ede1c992f35fc5f3e2212a668b
0x08dc03cab2b2f04d31cc45ca457ab476cb5d50e8,0xba3cb449bd2b4adddbc894d8697f5170800eadec,CoWSwapEthFlow,ETH,204.474328,2026-09-28T08:51:11,0xebbce1f67c4c12ca69a0b36c54cea57af3f62775a1bc8c2025d91ad4df9440a9,https://etherscan.io/tx/0xebbce1f67c4c12ca69a0b36c54cea57af3f62775a1bc8c2025d91ad4df9440a9
0xc62ce8962bfe11005be7039b70e1599ea5e1dd76,0x9622a5dd85129383b0bbb0598881f6aa89e052d7,,ETH,18.85872,2026-09-28T09:25:23,0x35c3ff545ddeed1667e6fece85c9a6ba5e9c684e5ab3bd8b0c3fb7bb5784f843,https://etherscan.io/tx/0x35c3ff545ddeed1667e6fece85c9a6ba5e9c684e5ab3bd8b0c3fb7bb5784f843
0xc62ce8962bfe11005be7039b70e1599ea5e1dd76,0x6b175474e89094c44da98b954eedeac495271d0f,Dai,ETH,0.0,2026-09-28T09:21:59,0xcbb804159e7d4e602edbff8a63625d4f379680097f462d2627db7fd2b262602e,https://etherscan.io/tx/0xcbb804159e7d4e602edbff8a63625d4f379680097f462d2627db7fd2b262602e
0xc62ce8962bfe11005be7039b70e1599ea5e1dd76,0xba3cb449bd2b4adddbc894d8697f5170800eadec,CoWSwapEthFlow,ETH,19.265725,2026-09-28T08:34:47,0x9788637688e34f2189cc7b8ac6f3a879e3d45da6cd0147adf5291357f1947753,https://etherscan.io/tx/0x9788637688e34f2189cc7b8ac6f3a879e3d45da6cd0147adf5291357f1947753
0xc62ce8962bfe11005be7039b70e1599ea5e1dd76,0xc8b86c7d9e600b524f91f95ff48cc07d6413214f,,ETH,39.0593,2026-09-28T05:56:47,0x43339ad47c33a10e1a3831425df42813e38b98bc579ae3661fe0b5b7d386aa9c,https://etherscan.io/tx/0x43339ad47c33a10e1a3831425df42813e38b98bc579ae3661fe0b5b7d386aa9c
0xc62ce8962bfe11005be7039b70e1599ea5e1dd76,0x29717c8bb45c12b36ffd252c038213d17ae76932,,ETH,385.123674,2026-09-28T04:51:11,0x64426a444acdcd535e1d8d11d4f728f3431a5c7a927d21ee890a88f5125747b6,https://etherscan.io/tx/0x64426a444acdcd535e1d8d11d4f728f3431a5c7a927d21ee890a88f5125747b6
0xc62ce8962bfe11005be7039b70e1599ea5e1dd76,0xc4208450b81f1c26d8def209cbf7d5c0d02a1268,,DAI,50994.991877,2026-09-28T09:21:59,0xcbb804159e7d4e602edbff8a63625d4f379680097f462d2627db7fd2b262602e,https://etherscan.io/tx/0xcbb804159e7d4e602edbff8a63625d4f379680097f462d2627db7fd2b262602e
0xc62ce8962bfe11005be7039b70e1599ea5e1dd76,0x9008d19f58aabd9ed0d60971565aa8510560ab41,GPv2Settlement,DAI,103487.932036,2026-09-28T05:44:47,0x6f5724f2c5f344ddb2328896332adc92340d2d54eb9bb3ddd7c4d2453579600a,https://etherscan.io/tx/0x6f5724f2c5f344ddb2328896332adc92340d2d54eb9bb3ddd7c4d2453579600a
0xc62ce8962bfe11005be7039b70e1599ea5e1dd76,0x9008d19f58aabd9ed0d60971565aa8510560ab41,GPv2Settlement,DAI,162037.027256,2026-09-28T04:48:47,0x2e03d58673fd3f6ecc1d0e127dd859be67b15ad20daa8d53112bdd7b57bcf5b1,https://etherscan.io/tx/0x2e03d58673fd3f6ecc1d0e127dd859be67b15ad20daa8d53112bdd7b57bcf5b1
0xc62ce8962bfe11005be7039b70e1599ea5e1dd76,0x9008d19f58aabd9ed0d60971565aa8510560ab41,GPv2Settlement,DAI,461755.605508,2026-09-28T04:47:11,0xea348026127a6d71efb5226fcb87fe01faa1252d2b7841d3e19a754fc4692ef7,https://etherscan.io/tx/0xea348026127a6d71efb5226fcb87fe01faa1252d2b7841d3e19a754fc4692ef7
0xc62ce8962bfe11005be7039b70e1599ea5e1dd76,0x9008d19f58aabd9ed0d60971565aa8510560ab41,GPv2Settlement,DAI,400000.0,2026-09-28T04:46:11,0xf2a7e5810dd50443cd353248f6b1a58b253ee3dacfe572b6a40cebed95d6ca09,https://etherscan.io/tx/0xf2a7e5810dd50443cd353248f6b1a58b253ee3dacfe572b6a40cebed95d6ca09
0xc8b86c7d9e600b524f91f95ff48cc07d6413214f,0xd37bbe5744d730a1d98d8dc97c42f0ca46ad7146,THORChain_Router,ETH,19.0,2026-09-28T05:58:35,0x758a81711348fa6b4de08f1199630ff62ee37b81f6ef6387eb7ad35f97912a7b,https://etherscan.io/tx/0x758a81711348fa6b4de08f1199630ff62ee37b81f6ef6387eb7ad35f97912a7b
0xc8b86c7d9e600b524f91f95ff48cc07d6413214f,0xd37bbe5744d730a1d98d8dc97c42f0ca46ad7146,THORChain_Router,ETH,20.0,2026-09-28T05:58:35,0x49758006e8ad6ced2cfc601a45342281b1d7556fdb76dc24d9d321132a65b40a,https://etherscan.io/tx/0x49758006e8ad6ced2cfc601a45342281b1d7556fdb76dc24d9d321132a65b40a
0x9622a5dd85129383b0bbb0598881f6aa89e052d7,0xe93d025fa7441b8978fbd3099faa71bb0564a886,,ETH,0.018,2026-09-28T09:30:47,0xce8536dea5f8159d02371dc1c5cfad2ef52be0c030aba96b06644563e89e959f,https://etherscan.io/tx/0xce8536dea5f8159d02371dc1c5cfad2ef52be0c030aba96b06644563e89e959f
0x9622a5dd85129383b0bbb0598881f6aa89e052d7,0x6b175474e89094c44da98b954eedeac495271d0f,Dai,ETH,0.0,2026-09-28T09:30:11,0x7a9ded36cf839158b8b8c29e1701ac8fc51539f092ba8e3bf4c72c7c25a1a64b,https://etherscan.io/tx/0x7a9ded36cf839158b8b8c29e1701ac8fc51539f092ba8e3bf4c72c7c25a1a64b
0x9622a5dd85129383b0bbb0598881f6aa89e052d7,0xe3478b0bb1a5084567c319096437924948be1964,,ETH,0.000442,2026-09-28T09:26:11,0x4ef571005a3a2ba86c02bc409b64df4ec958e34b9f33d7ca8fe55444d27a6d93,https://etherscan.io/tx/0x4ef571005a3a2ba86c02bc409b64df4ec958e34b9f33d7ca8fe55444d27a6d93
0x9622a5dd85129383b0bbb0598881f6aa89e052d7,0xba3cb449bd2b4adddbc894d8697f5170800eadec,CoWSwapEthFlow,ETH,18.84,2026-09-28T09:26:11,0x2d9b7ce3ff35b39e0d38b5e8f9b916948e095dc0a5e09a611c0d5a01dc114c61,https://etherscan.io/tx/0x2d9b7ce3ff35b39e0d38b5e8f9b916948e095dc0a5e09a611c0d5a01dc114c61
0x9622a5dd85129383b0bbb0598881f6aa89e052d7,0xe93d025fa7441b8978fbd3099faa71bb0564a886,,DAI,49870.015337,2026-09-28T09:30:11,0x7a9ded36cf839158b8b8c29e1701ac8fc51539f092ba8e3bf4c72c7c25a1a64b,https://etherscan.io/tx/0x7a9ded36cf839158b8b8c29e1701ac8fc51539f092ba8e3bf4c72c7c25a1a64b
0x51190be1bac64a48f28043598f4c16c564e84e6c,0x59ba532babdd66ed4d28e12707b90b36689228e5,,ETH,84.4573,2026-09-28T10:19:23,0x8b304f0229faec0b0a74605c8085f47870cdd4f68e48d62e90e2b1501111d27a,https://etherscan.io/tx/0x8b304f0229faec0b0a74605c8085f47870cdd4f68e48d62e90e2b1501111d27a
0x51190be1bac64a48f28043598f4c16c564e84e6c,0x20f3afe8feb485790194e608d88b60b050452c8a,,ETH,29.517,2026-09-28T09:32:59,0x18675abb83558960f0e1bf1f9ed00f39df672eb9c1979d8d38e06a2535cc7f41,https://etherscan.io/tx/0x18675abb83558960f0e1bf1f9ed00f39df672eb9c1979d8d38e06a2535cc7f41
0x51190be1bac64a48f28043598f4c16c564e84e6c,0xd37bbe5744d730a1d98d8dc97c42f0ca46ad7146,THORChain_Router,ETH,36.698,2026-09-28T06:14:23,0x2a7f7983c2bcf312a15db8346f940a1f42cd647b317c4fb68ad2ccfe922667bb,https://etherscan.io/tx/0x2a7f7983c2bcf312a15db8346f940a1f42cd647b317c4fb68ad2ccfe922667bb
0x51190be1bac64a48f28043598f4c16c564e84e6c,0xd37bbe5744d730a1d98d8dc97c42f0ca46ad7146,THORChain_Router,ETH,46.698,2026-09-28T06:09:47,0x00e9a34d3ce7334d50f495d0c4f922c079ecda9fcbfadf06778dda4a0d3ff8a0,https://etherscan.io/tx/0x00e9a34d3ce7334d50f495d0c4f922c079ecda9fcbfadf06778dda4a0d3ff8a0
0x51190be1bac64a48f28043598f4c16c564e84e6c,0xd37bbe5744d730a1d98d8dc97c42f0ca46ad7146,THORChain_Router,ETH,29.595,2026-09-28T05:30:35,0x2793947b01a67f5272376700bbd64837cc97ed2ac485d6226715c7597d3ee733,https://etherscan.io/tx/0x2793947b01a67f5272376700bbd64837cc97ed2ac485d6226715c7597d3ee733
0x51190be1bac64a48f28043598f4c16c564e84e6c,0xd37bbe5744d730a1d98d8dc97c42f0ca46ad7146,THORChain_Router,ETH,37.489,2026-09-28T05:27:35,0x0b4e2fc29f70c5b2d3708f68cc5c8a03074cdd33d92b74aafe1768824add6558,https://etherscan.io/tx/0x0b4e2fc29f70c5b2d3708f68cc5c8a03074cdd33d92b74aafe1768824add6558
0x51190be1bac64a48f28043598f4c16c564e84e6c,0xd37bbe5744d730a1d98d8dc97c42f0ca46ad7146,THORChain_Router,ETH,37.198,2026-09-28T05:24:47,0xcfdeadd10f6b777d15d031f0adc77e48cfe5add7f0c8b265e117459387f5baa8,https://etherscan.io/tx/0xcfdeadd10f6b777d15d031f0adc77e48cfe5add7f0c8b265e117459387f5baa8
0x51190be1bac64a48f28043598f4c16c564e84e6c,0xd37bbe5744d730a1d98d8dc97c42f0ca46ad7146,THORChain_Router,ETH,38.0,2026-09-28T05:18:11,0x9658071d3b30517d235ba8c5c32c904b47c189a571fb180b7ce63d8f8c8cc153,https://etherscan.io/tx/0x9658071d3b30517d235ba8c5c32c904b47c189a571fb180b7ce63d8f8c8cc153
0x51190be1bac64a48f28043598f4c16c564e84e6c,0xd37bbe5744d730a1d98d8dc97c42f0ca46ad7146,THORChain_Router,ETH,37.0,2026-09-28T05:01:23,0x59d2959c4ea456f9887566bd599cac5af8d1181f084b5f894af489de9f434f45,https://etherscan.io/tx/0x59d2959c4ea456f9887566bd599cac5af8d1181f084b5f894af489de9f434f45
0x51190be1bac64a48f28043598f4c16c564e84e6c,0xd37bbe5744d730a1d98d8dc97c42f0ca46ad7146,THORChain_Router,ETH,36.917007,2026-09-28T04:59:59,0xaa92790996760aa145430a28f2c97dd86101fef5d9e23445fca977769e746158,https://etherscan.io/tx/0xaa92790996760aa145430a28f2c97dd86101fef5d9e23445fca977769e746158
0x51190be1bac64a48f28043598f4c16c564e84e6c,0x69d85bb860e5fd43873119cdeb8b99b49dec27a5,,ETH,126.1472,2026-09-27T08:45:23,0x8a57a52e8a729b29119d96f87247d7f1efa38c00e6ae70fd5155d20f3803fd22,https://etherscan.io/tx/0x8a57a52e8a729b29119d96f87247d7f1efa38c00e6ae70fd5155d20f3803fd22
0x69d85bb860e5fd43873119cdeb8b99b49dec27a5,0xf33e750336e9c0d4e2f4c0d450d753030693cc71,ERC1967Proxy,ETH,0.0,2026-09-27T08:51:35,0x3e703f9d8c52c638068fc8c45118ed446bb55045f6973b899b1184f8e1c4404f,https://etherscan.io/tx/0x3e703f9d8c52c638068fc8c45118ed446bb55045f6973b899b1184f8e1c4404f
0x69d85bb860e5fd43873119cdeb8b99b49dec27a5,0xba3cb449bd2b4adddbc894d8697f5170800eadec,CoWSwapEthFlow,ETH,126.0,2026-09-27T08:48:35,0x9137839409d4899b1f8955253c25bdad63a618a567f78934eb80be3b7ff51e16,https://etherscan.io/tx/0x9137839409d4899b1f8955253c25bdad63a618a567f78934eb80be3b7ff51e16
0x69d85bb860e5fd43873119cdeb8b99b49dec27a5,0xf33e750336e9c0d4e2f4c0d450d753030693cc71,ERC1967Proxy,USDC,341953.388541,2026-09-27T08:51:35,0x3e703f9d8c52c638068fc8c45118ed446bb55045f6973b899b1184f8e1c4404f,https://etherscan.io/tx/0x3e703f9d8c52c638068fc8c45118ed446bb55045f6973b899b1184f8e1c4404f
0x59ba532babdd66ed4d28e12707b90b36689228e5,0x6b175474e89094c44da98b954eedeac495271d0f,Dai,ETH,0.0,2026-09-28T10:22:59,0xbe3529a0d3c50755e70186e332d7c081deb6de6e6e0230c97808a6df56f52a00,https://etherscan.io/tx/0xbe3529a0d3c50755e70186e332d7c081deb6de6e6e0230c97808a6df56f52a00
0x59ba532babdd66ed4d28e12707b90b36689228e5,0xba3cb449bd2b4adddbc894d8697f5170800eadec,CoWSwapEthFlow,ETH,84.4473,2026-09-28T10:20:59,0x5f3a8b70fe2fee6ae5c94ea2767b3c34cb795a3f47c36a3c89b88458e593e26f,https://etherscan.io/tx/0x5f3a8b70fe2fee6ae5c94ea2767b3c34cb795a3f47c36a3c89b88458e593e26f
0x59ba532babdd66ed4d28e12707b90b36689228e5,0x20f3afe8feb485790194e608d88b60b050452c8a,,DAI,223416.887072,2026-09-28T10:22:59,0xbe3529a0d3c50755e70186e332d7c081deb6de6e6e0230c97808a6df56f52a00,https://etherscan.io/tx/0xbe3529a0d3c50755e70186e332d7c081deb6de6e6e0230c97808a6df56f52a00
0xee45a8d27b62e201a94d762915bd15686e5ce4af,0x20f3afe8feb485790194e608d88b60b050452c8a,,ETH,103.95,2026-09-28T13:52:11,0x318b8a215d28b6fe24dd10fba33328f1787e617a6d0613ffb4c5f125650ea066,https://etherscan.io/tx/0x318b8a215d28b6fe24dd10fba33328f1787e617a6d0613ffb4c5f125650ea066
0x7766d2fcaa60eb3219e750182b80fcbe38b916a5,0xc8df6ad1203598395777164519b81e49f11209e2,,ETH,213.426715,2026-09-28T12:42:59,0x7e08f443d0da89370cb6db5872930ae449489b4e2ffa42136506f18cd43afcb9,https://etherscan.io/tx/0x7e08f443d0da89370cb6db5872930ae449489b4e2ffa42136506f18cd43afcb9
0x8c701bcc2d3001bb22f474b8a182f58ef8d377b3,0xc48af6eb436a41914d82a45bf196aee25bdd5c1f,,ETH,165.06785,2026-09-28T12:59:35,0xe5773e8f8c526f0ced638ad73a08adc6f19c278ec2f960126c0400583df4de5a,https://etherscan.io/tx/0xe5773e8f8c526f0ced638ad73a08adc6f19c278ec2f960126c0400583df4de5a
0x8c701bcc2d3001bb22f474b8a182f58ef8d377b3,0xba3cb449bd2b4adddbc894d8697f5170800eadec,CoWSwapEthFlow,ETH,0.0,2026-09-28T12:56:11,0x7f748a40711bd8ee83491a8fb961903630c6714d9e208674106608f9360539b4,https://etherscan.io/tx/0x7f748a40711bd8ee83491a8fb961903630c6714d9e208674106608f9360539b4
0x8c701bcc2d3001bb22f474b8a182f58ef8d377b3,0xba3cb449bd2b4adddbc894d8697f5170800eadec,CoWSwapEthFlow,ETH,165.02,2026-09-28T12:48:35,0x4ccc5fe1edebd3a27036a59cd66ac0aa47f311bbafe89c99ffbd9bb718a4ee81,https://etherscan.io/tx/0x4ccc5fe1edebd3a27036a59cd66ac0aa47f311bbafe89c99ffbd9bb718a4ee81
0xc48af6eb436a41914d82a45bf196aee25bdd5c1f,0x6b175474e89094c44da98b954eedeac495271d0f,Dai,ETH,0.0,2026-09-28T13:04:35,0xf98320e913cd131c1a48d7351c33809d3cb5690a4b14605070be4f1caec71dfb,https://etherscan.io/tx/0xf98320e913cd131c1a48d7351c33809d3cb5690a4b14605070be4f1caec71dfb
0xc48af6eb436a41914d82a45bf196aee25bdd5c1f,0xba3cb449bd2b4adddbc894d8697f5170800eadec,CoWSwapEthFlow,ETH,165.05685,2026-09-28T13:00:23,0x879a0784a1e1683d9ebf226950158b6be1e8a6f5f142e30c61f79c725bd8483e,https://etherscan.io/tx/0x879a0784a1e1683d9ebf226950158b6be1e8a6f5f142e30c61f79c725bd8483e
0xc48af6eb436a41914d82a45bf196aee25bdd5c1f,0x20f3afe8feb485790194e608d88b60b050452c8a,,DAI,443212.227679,2026-09-28T13:04:35,0xf98320e913cd131c1a48d7351c33809d3cb5690a4b14605070be4f1caec71dfb,https://etherscan.io/tx/0xf98320e913cd131c1a48d7351c33809d3cb5690a4b14605070be4f1caec71dfb
0xf7bc92103f23ef312658cd9b81dc2713f7b396c3,0x4feb8dd18f442ff67b521b5a5bc4c3824e3288ab,,ETH,100.0,2026-09-28T13:37:47,0xd775cdfb6a0e6b3f64189fa3534c6eceeef5f30c1a55b54fb6d7a27be0f7f32c,https://etherscan.io/tx/0xd775cdfb6a0e6b3f64189fa3534c6eceeef5f30c1a55b54fb6d7a27be0f7f32c
0xf7bc92103f23ef312658cd9b81dc2713f7b396c3,0x0dac1fb302bc428d8dc272a511e7c2f0d2a1c128,,ETH,100.0,2026-09-28T13:30:35,0x0a74f096aaca8c4d8aa43b0165fa3a756782bc4ebee42465035a811373dd79d4,https://etherscan.io/tx/0x0a74f096aaca8c4d8aa43b0165fa3a756782bc4ebee42465035a811373dd79d4
0xf7bc92103f23ef312658cd9b81dc2713f7b396c3,0x4feb8dd18f442ff67b521b5a5bc4c3824e3288ab,,ETH,100.0,2026-09-28T13:20:23,0x0c60e25cde64393d17769414a4472a2f2c0d7e48195d898d5bb6d9ff78fb2dbe,https://etherscan.io/tx/0x0c60e25cde64393d17769414a4472a2f2c0d7e48195d898d5bb6d9ff78fb2dbe
0xf7bc92103f23ef312658cd9b81dc2713f7b396c3,0x0db14a0288f4637f60b46690f1971b756c58a47e,,ETH,100.0,2026-09-28T13:13:47,0x8abb4d33fcf96f47a51629cf5dd97a50c04f52178bf32556f07cef1939bf6432,https://etherscan.io/tx/0x8abb4d33fcf96f47a51629cf5dd97a50c04f52178bf32556f07cef1939bf6432
0xf7bc92103f23ef312658cd9b81dc2713f7b396c3,0xacddac6c77318b615f7f6fb9bb67c6833e9c05f1,LZMultiCall,ETH,200.000204,2026-09-28T12:57:23,0xa1071649192c06eb2ea136714a38605cf7da2ac19fc215237dd610c2ff5515c3,https://etherscan.io/tx/0xa1071649192c06eb2ea136714a38605cf7da2ac19fc215237dd610c2ff5515c3
0xf7bc92103f23ef312658cd9b81dc2713f7b396c3,0xacddac6c77318b615f7f6fb9bb67c6833e9c05f1,LZMultiCall,ETH,200.000204,2026-09-28T12:53:23,0xaa4f42681befc91b8bde25d78456a2501c30e7244fbbb15ab52d2448d0c48240,https://etherscan.io/tx/0xaa4f42681befc91b8bde25d78456a2501c30e7244fbbb15ab52d2448d0c48240
0xf7bc92103f23ef312658cd9b81dc2713f7b396c3,0xacddac6c77318b615f7f6fb9bb67c6833e9c05f1,LZMultiCall,ETH,200.000204,2026-09-28T12:37:35,0x31353accaff098d75cf81050a5344b853b279fd557187cd4c62eeb497281c152,https://etherscan.io/tx/0x31353accaff098d75cf81050a5344b853b279fd557187cd4c62eeb497281c152
0xf7bc92103f23ef312658cd9b81dc2713f7b396c3,0xacddac6c77318b615f7f6fb9bb67c6833e9c05f1,LZMultiCall,ETH,200.000204,2026-09-28T12:22:35,0x66027d5b9e8aaca9d13c7b21d6325bb46275905be2e821e266e23ed46f1b7f13,https://etherscan.io/tx/0x66027d5b9e8aaca9d13c7b21d6325bb46275905be2e821e266e23ed46f1b7f13
0xf7bc92103f23ef312658cd9b81dc2713f7b396c3,0xacddac6c77318b615f7f6fb9bb67c6833e9c05f1,LZMultiCall,ETH,300.000204,2026-09-28T12:13:35,0x6a86cc93f24a7b361cd594c57de8141a632a63d188215a8a488d4ef410c1d2be,https://etherscan.io/tx/0x6a86cc93f24a7b361cd594c57de8141a632a63d188215a8a488d4ef410c1d2be
0xf7bc92103f23ef312658cd9b81dc2713f7b396c3,0xacddac6c77318b615f7f6fb9bb67c6833e9c05f1,LZMultiCall,ETH,215.000204,2026-09-28T11:20:11,0x81c51c3d4e60b6d9a78855f4f44c907ab2fb7881b3fde7a036df69c5c7c3090c,https://etherscan.io/tx/0x81c51c3d4e60b6d9a78855f4f44c907ab2fb7881b3fde7a036df69c5c7c3090c
0xf7bc92103f23ef312658cd9b81dc2713f7b396c3,0xacddac6c77318b615f7f6fb9bb67c6833e9c05f1,LZMultiCall,ETH,100.000204,2026-09-28T11:06:23,0x7df76627e6c1c945dcc49265fd9d8c319102706663e6206409c644983cb71222,https://etherscan.io/tx/0x7df76627e6c1c945dcc49265fd9d8c319102706663e6206409c644983cb71222
0xf7bc92103f23ef312658cd9b81dc2713f7b396c3,0xacddac6c77318b615f7f6fb9bb67c6833e9c05f1,LZMultiCall,ETH,100.000204,2026-09-28T11:04:23,0xfea0ece019101a7b4cef3648cce5383747503e258ed2b19ac247809154b9dc18,https://etherscan.io/tx/0xfea0ece019101a7b4cef3648cce5383747503e258ed2b19ac247809154b9dc18
0xf7bc92103f23ef312658cd9b81dc2713f7b396c3,0x1417eb9b255d78132b773bb0ea2d1614d600c2f6,,ETH,0.01,2026-09-28T11:00:23,0x136a20f2f18b341c0c0e9be9acfc4706eca9d09b7854247b30e8862be25ea705,https://etherscan.io/tx/0x136a20f2f18b341c0c0e9be9acfc4706eca9d09b7854247b30e8862be25ea705
0xf7bc92103f23ef312658cd9b81dc2713f7b396c3,0xcf775e9c73886e85d69e01f80fe4fa3b1f52164c,,ETH,44.8093,2026-09-28T10:52:11,0x3bbbeefa492ccccd6e518596295490ffde579b667be30ebc3a6ecce41c64a789,https://etherscan.io/tx/0x3bbbeefa492ccccd6e518596295490ffde579b667be30ebc3a6ecce41c64a789
0xf7bc92103f23ef312658cd9b81dc2713f7b396c3,0xacddac6c77318b615f7f6fb9bb67c6833e9c05f1,LZMultiCall,ETH,10.000204,2026-09-28T10:51:47,0xe5227bdc89ec3266947e7e6423eaa6f46954d68bef47bed8c78d857035f8db4c,https://etherscan.io/tx/0xe5227bdc89ec3266947e7e6423eaa6f46954d68bef47bed8c78d857035f8db4c
0xf7bc92103f23ef312658cd9b81dc2713f7b396c3,0xacddac6c77318b615f7f6fb9bb67c6833e9c05f1,LZMultiCall,ETH,10.0,2026-09-28T10:45:35,0x81f9dfcf51c695488bac458eafe44eb98b7eabe3dfd23957126bdf3b522465b5,https://etherscan.io/tx/0x81f9dfcf51c695488bac458eafe44eb98b7eabe3dfd23957126bdf3b522465b5
0xf7bc92103f23ef312658cd9b81dc2713f7b396c3,0xa2638c9e25fb12b1edbc8e8fb270e8890382d58d,,ETH,39.9224,2026-09-28T10:41:35,0xc5ba58814e0a36ef189eb18fe97de663520ff66a4cc27c7a39590d448c2d2116,https://etherscan.io/tx/0xc5ba58814e0a36ef189eb18fe97de663520ff66a4cc27c7a39590d448c2d2116
0xf7bc92103f23ef312658cd9b81dc2713f7b396c3,0xacddac6c77318b615f7f6fb9bb67c6833e9c05f1,LZMultiCall,ETH,5.0,2026-09-28T10:38:47,0x033e4ac88d4f6d94b4ba08243b851ca900950ef18a25ff641f965b3adc1e0140,https://etherscan.io/tx/0x033e4ac88d4f6d94b4ba08243b851ca900950ef18a25ff641f965b3adc1e0140
0xf7bc92103f23ef312658cd9b81dc2713f7b396c3,0xacddac6c77318b615f7f6fb9bb67c6833e9c05f1,LZMultiCall,ETH,1.000204,2026-09-28T10:27:11,0xf821a52f4e07795ccc95f5d908b8fddeec11a7f515c8d49f1db4bfd1d0fdaaf5,https://etherscan.io/tx/0xf821a52f4e07795ccc95f5d908b8fddeec11a7f515c8d49f1db4bfd1d0fdaaf5
0xf7bc92103f23ef312658cd9b81dc2713f7b396c3,0x0dac1fb302bc428d8dc272a511e7c2f0d2a1c128,,ETH,85.7467,2026-09-28T06:20:11,0xc9576ad2d44a982795548789fca56c8426f8baa6a5200e000d548d5c0c95e975,https://etherscan.io/tx/0xc9576ad2d44a982795548789fca56c8426f8baa6a5200e000d548d5c0c95e975
0xf7bc92103f23ef312658cd9b81dc2713f7b396c3,0x0dac1fb302bc428d8dc272a511e7c2f0d2a1c128,,ETH,100.0,2026-09-28T06:09:11,0x12fd6165bb43baab994ad64cadfe39d8334fd63829e3318ca755b36fb916cfdb,https://etherscan.io/tx/0x12fd6165bb43baab994ad64cadfe39d8334fd63829e3318ca755b36fb916cfdb
0xf7bc92103f23ef312658cd9b81dc2713f7b396c3,0x4feb8dd18f442ff67b521b5a5bc4c3824e3288ab,,ETH,100.0,2026-09-28T06:00:23,0x36e6c67b452d532bd694950ab4a5329017604fe2aabb49d4deac9eb88cb9263b,https://etherscan.io/tx/0x36e6c67b452d532bd694950ab4a5329017604fe2aabb49d4deac9eb88cb9263b
0xf7bc92103f23ef312658cd9b81dc2713f7b396c3,0x328763072e3ce351ec29318df971b534ca45a0f7,,ETH,100.0,2026-09-28T05:48:23,0x38ecf0363385f942b5e5ee80d736af63c118b3c37d4ad66228a14f00d26a2832,https://etherscan.io/tx/0x38ecf0363385f942b5e5ee80d736af63c118b3c37d4ad66228a14f00d26a2832
0xf7bc92103f23ef312658cd9b81dc2713f7b396c3,0x328763072e3ce351ec29318df971b534ca45a0f7,,ETH,100.0,2026-09-28T05:47:23,0x8cd35e5c4b1550723fa78041822659882be1d8db759a2bde72c46080c86a9e4d,https://etherscan.io/tx/0x8cd35e5c4b1550723fa78041822659882be1d8db759a2bde72c46080c86a9e4d
0xf7bc92103f23ef312658cd9b81dc2713f7b396c3,0x0db14a0288f4637f60b46690f1971b756c58a47e,,ETH,100.0,2026-09-28T05:45:47,0x612eac8129986abbfd0720f6f3912ca6916fb2a8324a230a21bdffb201235d0a,https://etherscan.io/tx/0x612eac8129986abbfd0720f6f3912ca6916fb2a8324a230a21bdffb201235d0a
0xf7bc92103f23ef312658cd9b81dc2713f7b396c3,0x4feb8dd18f442ff67b521b5a5bc4c3824e3288ab,,ETH,99.996,2026-09-28T05:39:11,0x7f9a839c3e45eb8f1107edc95950f59cd50e3c857dae3665df03700e98ce0a15,https://etherscan.io/tx/0x7f9a839c3e45eb8f1107edc95950f59cd50e3c857dae3665df03700e98ce0a15
0xf7bc92103f23ef312658cd9b81dc2713f7b396c3,0x41c88d3c0eda3f4df0bb4e5d0f4c81cc0232902c,,ETH,100.0,2026-09-28T05:26:35,0x9f2bb22e2c3e4adacc8cf7ee8d26a3ccff8f149a988e8f60ad4344f7c127d918,https://etherscan.io/tx/0x9f2bb22e2c3e4adacc8cf7ee8d26a3ccff8f149a988e8f60ad4344f7c127d918
0xf7bc92103f23ef312658cd9b81dc2713f7b396c3,0x41c88d3c0eda3f4df0bb4e5d0f4c81cc0232902c,,ETH,100.0,2026-09-28T05:21:59,0x17ec43d83fbb79d299784240275228ca474111457502f8c66fbf61161d195ba9,https://etherscan.io/tx/0x17ec43d83fbb79d299784240275228ca474111457502f8c66fbf61161d195ba9
0xf7bc92103f23ef312658cd9b81dc2713f7b396c3,0x41c88d3c0eda3f4df0bb4e5d0f4c81cc0232902c,,ETH,100.0,2026-09-28T05:20:59,0xe1832cea8cdb646de9ee22795116bbb3f8c63fedad194676f0d50b7407a8277b,https://etherscan.io/tx/0xe1832cea8cdb646de9ee22795116bbb3f8c63fedad194676f0d50b7407a8277b
0xf7bc92103f23ef312658cd9b81dc2713f7b396c3,0x41c88d3c0eda3f4df0bb4e5d0f4c81cc0232902c,,ETH,100.0,2026-09-28T05:15:47,0x2cd7f17c2ae0e362aa0c627f39637a15f20d5afc9e6c678d2d42f849c3cb6420,https://etherscan.io/tx/0x2cd7f17c2ae0e362aa0c627f39637a15f20d5afc9e6c678d2d42f849c3cb6420
0xf7bc92103f23ef312658cd9b81dc2713f7b396c3,0x0db14a0288f4637f60b46690f1971b756c58a47e,,ETH,100.0,2026-09-28T05:09:23,0xa328130439f99e150fc19c0bf83f92e3898a0ea0dd35277ef2eb0e21d54c231f,https://etherscan.io/tx/0xa328130439f99e150fc19c0bf83f92e3898a0ea0dd35277ef2eb0e21d54c231f
0xf7bc92103f23ef312658cd9b81dc2713f7b396c3,0x0dac1fb302bc428d8dc272a511e7c2f0d2a1c128,,ETH,100.0,2026-09-28T05:01:11,0xdec4e710e4c2e8487ea3ff154a013655a37e86335e2ac2d4993bc80a05828a1a,https://etherscan.io/tx/0xdec4e710e4c2e8487ea3ff154a013655a37e86335e2ac2d4993bc80a05828a1a
0xf7bc92103f23ef312658cd9b81dc2713f7b396c3,0x328763072e3ce351ec29318df971b534ca45a0f7,,ETH,100.0,2026-09-28T05:00:35,0xbb6ace87f27bfb5a52bb811393285eb1e44f20aa3925634d938bee575eee860a,https://etherscan.io/tx/0xbb6ace87f27bfb5a52bb811393285eb1e44f20aa3925634d938bee575eee860a
0xf7bc92103f23ef312658cd9b81dc2713f7b396c3,0x328763072e3ce351ec29318df971b534ca45a0f7,,ETH,100.0,2026-09-28T04:57:47,0x070aa61d825b4825420daafd3c6166ca15d96148edbaff6a1eaa95c75b5dc14d,https://etherscan.io/tx/0x070aa61d825b4825420daafd3c6166ca15d96148edbaff6a1eaa95c75b5dc14d
0xf7bc92103f23ef312658cd9b81dc2713f7b396c3,0x4feb8dd18f442ff67b521b5a5bc4c3824e3288ab,,ETH,100.0,2026-09-28T04:46:11,0x791694eea9663988a54ba8f8aeef81525986b06814720d2d4be3e6e3e7e2e346,https://etherscan.io/tx/0x791694eea9663988a54ba8f8aeef81525986b06814720d2d4be3e6e3e7e2e346
0xf7bc92103f23ef312658cd9b81dc2713f7b396c3,0x4feb8dd18f442ff67b521b5a5bc4c3824e3288ab,,ETH,100.0,2026-09-28T04:43:47,0xa25f4bdb328b4048965040234fae7e6cf5470d22e6a3eb25657b97f2711b9f78,https://etherscan.io/tx/0xa25f4bdb328b4048965040234fae7e6cf5470d22e6a3eb25657b97f2711b9f78
0xf7bc92103f23ef312658cd9b81dc2713f7b396c3,0x0db14a0288f4637f60b46690f1971b756c58a47e,,ETH,100.0,2026-09-28T04:40:23,0x50d822239389d9486dd720815dace955a44c0d1819453ffc61437c5b7f6eb8a1,https://etherscan.io/tx/0x50d822239389d9486dd720815dace955a44c0d1819453ffc61437c5b7f6eb8a1
0xf7bc92103f23ef312658cd9b81dc2713f7b396c3,0xcf775e9c73886e85d69e01f80fe4fa3b1f52164c,,ETH,119.343881,2026-09-28T04:37:35,0xf031db871c9475fc04a17d4138d227fc3d31633aa758e08bc159776d4192bc2c,https://etherscan.io/tx/0xf031db871c9475fc04a17d4138d227fc3d31633aa758e08bc159776d4192bc2c
0xf7bc92103f23ef312658cd9b81dc2713f7b396c3,0x41c88d3c0eda3f4df0bb4e5d0f4c81cc0232902c,,ETH,100.0,2026-09-28T04:28:35,0x7789c433185169434956083dc9aba6416a144cd432b4da771f5948ea53a59ba7,https://etherscan.io/tx/0x7789c433185169434956083dc9aba6416a144cd432b4da771f5948ea53a59ba7
0xf7bc92103f23ef312658cd9b81dc2713f7b396c3,0x328763072e3ce351ec29318df971b534ca45a0f7,,ETH,100.0,2026-09-28T04:11:35,0x68084388fc3f75fec1c2ed3046b9485c3c3e62c5c46be1ac70781cbe03e796ec,https://etherscan.io/tx/0x68084388fc3f75fec1c2ed3046b9485c3c3e62c5c46be1ac70781cbe03e796ec
0xf7bc92103f23ef312658cd9b81dc2713f7b396c3,0x328763072e3ce351ec29318df971b534ca45a0f7,,ETH,100.0,2026-09-28T04:10:35,0xd7bd8e5a8c3ade9be9cde7816255970fd562fc42834c918daacca3034958651f,https://etherscan.io/tx/0xd7bd8e5a8c3ade9be9cde7816255970fd562fc42834c918daacca3034958651f
0xf7bc92103f23ef312658cd9b81dc2713f7b396c3,0x328763072e3ce351ec29318df971b534ca45a0f7,,ETH,100.0,2026-09-28T04:09:23,0x32584651fa908ef8fd3ff5c505df9388d617cc775dd85b7938a8341c415395d1,https://etherscan.io/tx/0x32584651fa908ef8fd3ff5c505df9388d617cc775dd85b7938a8341c415395d1
0xf7bc92103f23ef312658cd9b81dc2713f7b396c3,0x4feb8dd18f442ff67b521b5a5bc4c3824e3288ab,,ETH,100.0,2026-09-28T04:07:35,0x1864c04352780fb8373247645b035b45c870ff423b139a45d2e5072ca5fbdeff,https://etherscan.io/tx/0x1864c04352780fb8373247645b035b45c870ff423b139a45d2e5072ca5fbdeff
0xf7bc92103f23ef312658cd9b81dc2713f7b396c3,0x0db14a0288f4637f60b46690f1971b756c58a47e,,ETH,17.8,2026-09-28T04:00:47,0xe02d931825a350e67d1f8e111b0b2eb933e629570518bd8d29c1b20932a271c4,https://etherscan.io/tx/0xe02d931825a350e67d1f8e111b0b2eb933e629570518bd8d29c1b20932a271c4
0xf7bc92103f23ef312658cd9b81dc2713f7b396c3,0x0dac1fb302bc428d8dc272a511e7c2f0d2a1c128,,ETH,100.0,2026-09-28T03:59:11,0xfe537d99a7abb085de5a2ecc59c9816119f2f5a582146bdaec26cf3d787ff5af,https://etherscan.io/tx/0xfe537d99a7abb085de5a2ecc59c9816119f2f5a582146bdaec26cf3d787ff5af
0xf7bc92103f23ef312658cd9b81dc2713f7b396c3,0x0dac1fb302bc428d8dc272a511e7c2f0d2a1c128,,ETH,100.0,2026-09-28T03:58:47,0x7d73cbdd9aeb9e6e67d172b44d2786ae47c3376902c2ec073454af96b84cb06b,https://etherscan.io/tx/0x7d73cbdd9aeb9e6e67d172b44d2786ae47c3376902c2ec073454af96b84cb06b
0xf7bc92103f23ef312658cd9b81dc2713f7b396c3,0x0dac1fb302bc428d8dc272a511e7c2f0d2a1c128,,ETH,100.0,2026-09-28T03:58:23,0x21ab8d9cd37e47a232ebc0bdaa0f57c3ea1962a0085d4c549793d667a4a343f7,https://etherscan.io/tx/0x21ab8d9cd37e47a232ebc0bdaa0f57c3ea1962a0085d4c549793d667a4a343f7
0xf7bc92103f23ef312658cd9b81dc2713f7b396c3,0x0dac1fb302bc428d8dc272a511e7c2f0d2a1c128,,ETH,100.0,2026-09-28T03:57:35,0xba6e09bb7a0ead20c810750f9022a72c9728ecfc126c422b83458e152e42cb42,https://etherscan.io/tx/0xba6e09bb7a0ead20c810750f9022a72c9728ecfc126c422b83458e152e42cb42
0xf7bc92103f23ef312658cd9b81dc2713f7b396c3,0x0dac1fb302bc428d8dc272a511e7c2f0d2a1c128,,ETH,100.0,2026-09-28T03:56:59,0x7fbcea83eb5c4651a0751e1de5d5c084535f9de37b0635d4d3ecc09ba3d1d796,https://etherscan.io/tx/0x7fbcea83eb5c4651a0751e1de5d5c084535f9de37b0635d4d3ecc09ba3d1d796
0xf7bc92103f23ef312658cd9b81dc2713f7b396c3,0x0dac1fb302bc428d8dc272a511e7c2f0d2a1c128,,ETH,100.0,2026-09-28T03:56:23,0xcb0dc29ac4ead5ae261b659c7ec99e9184060ff300a128eb45131c39ead503c3,https://etherscan.io/tx/0xcb0dc29ac4ead5ae261b659c7ec99e9184060ff300a128eb45131c39ead503c3
0xf7bc92103f23ef312658cd9b81dc2713f7b396c3,0x0dac1fb302bc428d8dc272a511e7c2f0d2a1c128,,ETH,1.0,2026-09-28T03:55:23,0xa732e09aab76a571d768fb6ca86aba870108d7ee47c205b614ce41d013b4536b,https://etherscan.io/tx/0xa732e09aab76a571d768fb6ca86aba870108d7ee47c205b614ce41d013b4536b
0xf7bc92103f23ef312658cd9b81dc2713f7b396c3,0xacddac6c77318b615f7f6fb9bb67c6833e9c05f1,LZMultiCall,ETH,211.500204,2026-09-27T19:14:11,0x59a9cb1b016a289b656db6290ac1ad464a0cc90e81f6516b7d764a8b7e1daa22,https://etherscan.io/tx/0x59a9cb1b016a289b656db6290ac1ad464a0cc90e81f6516b7d764a8b7e1daa22
0xf7bc92103f23ef312658cd9b81dc2713f7b396c3,0xacddac6c77318b615f7f6fb9bb67c6833e9c05f1,LZMultiCall,ETH,208.800204,2026-09-27T18:53:59,0xd2f071c5344fac9cf2e67c955def2b00701b730341abf143e98b2447af5ccb3e,https://etherscan.io/tx/0xd2f071c5344fac9cf2e67c955def2b00701b730341abf143e98b2447af5ccb3e
0xf7bc92103f23ef312658cd9b81dc2713f7b396c3,0xacddac6c77318b615f7f6fb9bb67c6833e9c05f1,LZMultiCall,ETH,203.000204,2026-09-27T18:47:59,0x10883c91cdd232dce7ebb1c6f178549ae202cecc5c37c8ce585162c85ec0f7a4,https://etherscan.io/tx/0x10883c91cdd232dce7ebb1c6f178549ae202cecc5c37c8ce585162c85ec0f7a4
0xf7bc92103f23ef312658cd9b81dc2713f7b396c3,0xacddac6c77318b615f7f6fb9bb67c6833e9c05f1,LZMultiCall,ETH,208.800204,2026-09-27T18:36:11,0x4ed605fa687b6368d2ee40f6b29e750124694773e5a061322114c150b74b115e,https://etherscan.io/tx/0x4ed605fa687b6368d2ee40f6b29e750124694773e5a061322114c150b74b115e
0xf7bc92103f23ef312658cd9b81dc2713f7b396c3,0xacddac6c77318b615f7f6fb9bb67c6833e9c05f1,LZMultiCall,ETH,205.000204,2026-09-27T18:27:11,0x11d683b92d9cc5dc902118f9d33a572722e8a8bb4fe4c80f648dd37cfa47e3ac,https://etherscan.io/tx/0x11d683b92d9cc5dc902118f9d33a572722e8a8bb4fe4c80f648dd37cfa47e3ac
0xf7bc92103f23ef312658cd9b81dc2713f7b396c3,0xacddac6c77318b615f7f6fb9bb67c6833e9c05f1,LZMultiCall,ETH,200.000204,2026-09-27T18:18:59,0xcbce3589ef702a8aa320881cddb8dc00fca62fb8a673b5e96bffc67c2d7881f8,https://etherscan.io/tx/0xcbce3589ef702a8aa320881cddb8dc00fca62fb8a673b5e96bffc67c2d7881f8
0xf7bc92103f23ef312658cd9b81dc2713f7b396c3,0xacddac6c77318b615f7f6fb9bb67c6833e9c05f1,LZMultiCall,ETH,204.400204,2026-09-27T18:03:23,0x0887b97ead2720ffe5d8f40f307cd750120b73aa00e54fe91c361bda7e572ff6,https://etherscan.io/tx/0x0887b97ead2720ffe5d8f40f307cd750120b73aa00e54fe91c361bda7e572ff6
0xf7bc92103f23ef312658cd9b81dc2713f7b396c3,0xacddac6c77318b615f7f6fb9bb67c6833e9c05f1,LZMultiCall,ETH,8.500204,2026-09-27T17:46:23,0xd72ee800f632a8347fe0c3963e63c5934d1465697f6cbb1dc6f23a9700823907,https://etherscan.io/tx/0xd72ee800f632a8347fe0c3963e63c5934d1465697f6cbb1dc6f23a9700823907
0xf7bc92103f23ef312658cd9b81dc2713f7b396c3,0xacddac6c77318b615f7f6fb9bb67c6833e9c05f1,LZMultiCall,ETH,250.000204,2026-09-27T17:34:59,0x7ec600a574e24a883356fc2147eae60cf5bce6db322e91157d5e85256bae29f0,https://etherscan.io/tx/0x7ec600a574e24a883356fc2147eae60cf5bce6db322e91157d5e85256bae29f0
0xf7bc92103f23ef312658cd9b81dc2713f7b396c3,0xacddac6c77318b615f7f6fb9bb67c6833e9c05f1,LZMultiCall,ETH,72.900204,2026-09-27T17:24:23,0xd2d16a6e5cea5cb93a532654a233be0bca629510545783a3da9b0c0fce7db392,https://etherscan.io/tx/0xd2d16a6e5cea5cb93a532654a233be0bca629510545783a3da9b0c0fce7db392
0xf7bc92103f23ef312658cd9b81dc2713f7b396c3,0xacddac6c77318b615f7f6fb9bb67c6833e9c05f1,LZMultiCall,ETH,250.000204,2026-09-27T17:19:59,0xdf8990b629a9c964d999401bf10a97ea4b0057c1ae07860285f2a4fefde532bf,https://etherscan.io/tx/0xdf8990b629a9c964d999401bf10a97ea4b0057c1ae07860285f2a4fefde532bf
0xf7bc92103f23ef312658cd9b81dc2713f7b396c3,0xacddac6c77318b615f7f6fb9bb67c6833e9c05f1,LZMultiCall,ETH,216.000204,2026-09-27T16:57:11,0xeaa3020e899a24420cc04897cb4d71ef40c00f12baaba2f0ba400e846cc9d0f5,https://etherscan.io/tx/0xeaa3020e899a24420cc04897cb4d71ef40c00f12baaba2f0ba400e846cc9d0f5
0xf7bc92103f23ef312658cd9b81dc2713f7b396c3,0xacddac6c77318b615f7f6fb9bb67c6833e9c05f1,LZMultiCall,ETH,50.00021,2026-09-27T15:48:47,0x39bb6cd1f6c882b22f0aeabcd7f6edbcfd81e171d8d0add5cdc1954142a9c8a5,https://etherscan.io/tx/0x39bb6cd1f6c882b22f0aeabcd7f6edbcfd81e171d8d0add5cdc1954142a9c8a5
0xf7bc92103f23ef312658cd9b81dc2713f7b396c3,0xc02aaa39b223fe8d0a0e5c4f27ead9083c756cc2,WETH9,ETH,0.0,2026-09-27T15:47:23,0x16e391cd91b4506ebb41cbb491a3ca159a0d4656f2d8df8fe21fc6505340e249,https://etherscan.io/tx/0x16e391cd91b4506ebb41cbb491a3ca159a0d4656f2d8df8fe21fc6505340e249
0xf7bc92103f23ef312658cd9b81dc2713f7b396c3,0xc02aaa39b223fe8d0a0e5c4f27ead9083c756cc2,WETH9,ETH,50.0,2026-09-27T15:45:35,0xc5e8e77651ad9af47398d55885821e638fc51c9e9acaad9d1d59e1e5fb6d851e,https://etherscan.io/tx/0xc5e8e77651ad9af47398d55885821e638fc51c9e9acaad9d1d59e1e5fb6d851e
0xf7bc92103f23ef312658cd9b81dc2713f7b396c3,0xdc5e46f803d686e679ab55b7deb259cf1556aad6,,ETH,3.068413,2026-09-27T14:43:47,0x2f98d96d556a4c6c134caece61bc3e937ec4f7546e6c737d91eb544fb6e4f413,https://etherscan.io/tx/0x2f98d96d556a4c6c134caece61bc3e937ec4f7546e6c737d91eb544fb6e4f413
0xf7bc92103f23ef312658cd9b81dc2713f7b396c3,0xdc5e46f803d686e679ab55b7deb259cf1556aad6,,ETH,0.1,2026-09-27T14:19:59,0xa4eba63eb38c1983f99f4f7e538465baf44bc7d3cc62c34f9d7a784bb9b0ab11,https://etherscan.io/tx/0xa4eba63eb38c1983f99f4f7e538465baf44bc7d3cc62c34f9d7a784bb9b0ab11
0xf7bc92103f23ef312658cd9b81dc2713f7b396c3,0x23da0661c17f451b54904e3fc1c559666d31fc75,contract,ETH,0.1,2026-09-27T14:18:11,0x8e8746c8e0f3cfbcaf84b124b6344a18cdaad77a7d9ae83603baf2cd68b198f1,https://etherscan.io/tx/0x8e8746c8e0f3cfbcaf84b124b6344a18cdaad77a7d9ae83603baf2cd68b198f1
0xf7bc92103f23ef312658cd9b81dc2713f7b396c3,0x23da0661c17f451b54904e3fc1c559666d31fc75,contract,ETH,0.01,2026-09-27T14:17:23,0x4a0eceae30fe99472ebe32f5bd43c59052f036519a0084c699693d95a7e6c0bd,https://etherscan.io/tx/0x4a0eceae30fe99472ebe32f5bd43c59052f036519a0084c699693d95a7e6c0bd
0xf7bc92103f23ef312658cd9b81dc2713f7b396c3,0x0000000000000000000000000000000000000000,,WETH,50.0,2026-09-27T15:47:23,0x16e391cd91b4506ebb41cbb491a3ca159a0d4656f2d8df8fe21fc6505340e249,https://etherscan.io/tx/0x16e391cd91b4506ebb41cbb491a3ca159a0d4656f2d8df8fe21fc6505340e249
0xdc5e46f803d686e679ab55b7deb259cf1556aad6,0xf7bc92103f23ef312658cd9b81dc2713f7b396c3,,ETH,0.01269,2026-09-27T20:09:23,0x9d6d56b87884f8b0ca139c0c49a5ec1ae079f783cdc94134e05858d57b7405ec,https://etherscan.io/tx/0x9d6d56b87884f8b0ca139c0c49a5ec1ae079f783cdc94134e05858d57b7405ec
0xdc5e46f803d686e679ab55b7deb259cf1556aad6,0xacddac6c77318b615f7f6fb9bb67c6833e9c05f1,LZMultiCall,ETH,3.15021,2026-09-27T15:32:11,0x57c18f243cce7c3e166fac378ef16140bc66b40634e2c38f21e846804a4fb071,https://etherscan.io/tx/0x57c18f243cce7c3e166fac378ef16140bc66b40634e2c38f21e846804a4fb071
0xdc5e46f803d686e679ab55b7deb259cf1556aad6,0xb830d5d5ad9c2c0624ebf41353e945dbc2398930,Deposit,ETH,0.1,2026-09-27T14:44:11,0x9d659847cf2d0e7bd70bdbaaba0cc2576f9cc9eebae26017751c89f6e1164716,https://etherscan.io/tx/0x9d659847cf2d0e7bd70bdbaaba0cc2576f9cc9eebae26017751c89f6e1164716
0xdc5e46f803d686e679ab55b7deb259cf1556aad6,0x83dfc091dfca7ef484ac7904c28a318d8fcc9671,Deposit,ETH,0.02,2026-09-27T14:22:23,0x552544f24136c0999eeaabf628e90c79887da712cf115bbbee603119d51c4238,https://etherscan.io/tx/0x552544f24136c0999eeaabf628e90c79887da712cf115bbbee603119d51c4238
0xdc5e46f803d686e679ab55b7deb259cf1556aad6,0x78adb153b5b94543c33f2b94f4bef09febf47508,contract,ETH,0.05,2026-09-27T14:20:35,0xe135f72ac2508a9aa20e35e2401a4699d733590bdbeba6b2ecfc70007075d1b4,https://etherscan.io/tx/0xe135f72ac2508a9aa20e35e2401a4699d733590bdbeba6b2ecfc70007075d1b4
0x1417eb9b255d78132b773bb0ea2d1614d600c2f6,0xf7bc92103f23ef312658cd9b81dc2713f7b396c3,,ETH,9.919177,2026-09-28T11:04:11,0x5ca9a9d7257df86466b01bc180c519c7f826475c89f01531f1e987e0e760265b,https://etherscan.io/tx/0x5ca9a9d7257df86466b01bc180c519c7f826475c89f01531f1e987e0e760265b
0x1417eb9b255d78132b773bb0ea2d1614d600c2f6,0xacddac6c77318b615f7f6fb9bb67c6833e9c05f1,LZMultiCall,ETH,0.0,2026-09-28T11:03:35,0xe0e716378a77c16380462561dd5a9f22cc900859261491323255768d33d6aa92,https://etherscan.io/tx/0xe0e716378a77c16380462561dd5a9f22cc900859261491323255768d33d6aa92
0x1417eb9b255d78132b773bb0ea2d1614d600c2f6,0xacddac6c77318b615f7f6fb9bb67c6833e9c05f1,LZMultiCall,USDC,26449.619965,2026-09-28T11:03:35,0xe0e716378a77c16380462561dd5a9f22cc900859261491323255768d33d6aa92,https://etherscan.io/tx/0xe0e716378a77c16380462561dd5a9f22cc900859261491323255768d33d6aa92
0xa2638c9e25fb12b1edbc8e8fb270e8890382d58d,0xf7bc92103f23ef312658cd9b81dc2713f7b396c3,,ETH,239.440382,2026-09-28T13:58:47,0x71ec6741beae78dd5988553bfb2439efe2403bcd74b8f9354468742827b93448,https://etherscan.io/tx/0x71ec6741beae78dd5988553bfb2439efe2403bcd74b8f9354468742827b93448
0xa2638c9e25fb12b1edbc8e8fb270e8890382d58d,0xcf775e9c73886e85d69e01f80fe4fa3b1f52164c,,ETH,53.3486,2026-09-28T13:55:23,0xfdcecbbaabd89f3a13aee015091f6bf5b5796a59c5816cda5a9ae2638295c20d,https://etherscan.io/tx/0xfdcecbbaabd89f3a13aee015091f6bf5b5796a59c5816cda5a9ae2638295c20d
0xa2638c9e25fb12b1edbc8e8fb270e8890382d58d,0xcf775e9c73886e85d69e01f80fe4fa3b1f52164c,,ETH,35.84,2026-09-28T12:40:35,0xa777309ff3ec3241250f600a68cf284af4d90a8ec25bfd57ab9cb9ae68830036,https://etherscan.io/tx/0xa777309ff3ec3241250f600a68cf284af4d90a8ec25bfd57ab9cb9ae68830036
0xa2638c9e25fb12b1edbc8e8fb270e8890382d58d,0xf7bc92103f23ef312658cd9b81dc2713f7b396c3,,ETH,1249.495956,2026-09-28T12:07:35,0xe3137a364a9fcb025d7f09150a9a6df6f4a8f8800068a82ba103df54a784d029,https://etherscan.io/tx/0xe3137a364a9fcb025d7f09150a9a6df6f4a8f8800068a82ba103df54a784d029
0xa2638c9e25fb12b1edbc8e8fb270e8890382d58d,0xcf775e9c73886e85d69e01f80fe4fa3b1f52164c,,ETH,39.727657,2026-09-28T10:43:23,0xaf4dc76ebece122db38f6fa5cd625abf7f2d1f9c706c8e3126c35e8f39ed28a5,https://etherscan.io/tx/0xaf4dc76ebece122db38f6fa5cd625abf7f2d1f9c706c8e3126c35e8f39ed28a5
0xa2638c9e25fb12b1edbc8e8fb270e8890382d58d,0xcf775e9c73886e85d69e01f80fe4fa3b1f52164c,,ETH,61.8461,2026-09-28T06:01:59,0xe898570a06b73438e1471834f70682969e128336a3f443a802ea5e5c21f9f96d,https://etherscan.io/tx/0xe898570a06b73438e1471834f70682969e128336a3f443a802ea5e5c21f9f96d
0xa2638c9e25fb12b1edbc8e8fb270e8890382d58d,0xf7bc92103f23ef312658cd9b81dc2713f7b396c3,,ETH,100.829374,2026-09-28T05:32:11,0x5352c30c415cc3c720f96778c9dd7077d1efb037d2b5c6506c206161585bf8ee,https://etherscan.io/tx/0x5352c30c415cc3c720f96778c9dd7077d1efb037d2b5c6506c206161585bf8ee
0xc8df6ad1203598395777164519b81e49f11209e2,0x3c9b7b3794061450e018d8b8e83eb2db3f2625b8,,ETH,20.113672,2026-09-28T13:34:35,0x2c046409acd5b1a0257f538c28ec8ad2bcbf95733a6d5ff077b4e601d59ec726,https://etherscan.io/tx/0x2c046409acd5b1a0257f538c28ec8ad2bcbf95733a6d5ff077b4e601d59ec726
0xc8df6ad1203598395777164519b81e49f11209e2,0x6b175474e89094c44da98b954eedeac495271d0f,Dai,ETH,0.0,2026-09-28T12:46:59,0x82ec45f3231c433780df23b1a300d2066956456f6689a91b8ab46dd40692975a,https://etherscan.io/tx/0x82ec45f3231c433780df23b1a300d2066956456f6689a91b8ab46dd40692975a
0xc8df6ad1203598395777164519b81e49f11209e2,0xba3cb449bd2b4adddbc894d8697f5170800eadec,CoWSwapEthFlow,ETH,213.414816,2026-09-28T12:44:35,0xcea931743b69c3a80a5a80b92380b68277e469755b8827e45969ec99f8f3ca83,https://etherscan.io/tx/0xcea931743b69c3a80a5a80b92380b68277e469755b8827e45969ec99f8f3ca83
0xc8df6ad1203598395777164519b81e49f11209e2,0x20f3afe8feb485790194e608d88b60b050452c8a,,DAI,570779.890299,2026-09-28T12:46:59,0x82ec45f3231c433780df23b1a300d2066956456f6689a91b8ab46dd40692975a,https://etherscan.io/tx/0x82ec45f3231c433780df23b1a300d2066956456f6689a91b8ab46dd40692975a
0x3c9b7b3794061450e018d8b8e83eb2db3f2625b8,0x6269c4afc8ee43b666c8063b0abbe5ac6623cede,,ETH,0.0103,2026-09-28T13:51:35,0xac4eb0cf8868a9af15845553768dd77e16fd968b268d51a48f970f1ea858c2f5,https://etherscan.io/tx/0xac4eb0cf8868a9af15845553768dd77e16fd968b268d51a48f970f1ea858c2f5
0x3c9b7b3794061450e018d8b8e83eb2db3f2625b8,0x6b175474e89094c44da98b954eedeac495271d0f,Dai,ETH,0.0,2026-09-28T13:50:59,0xf71f2553a1a9dfff6ccd6d61771f3e438eaa99424643c4279d4cbf1c069b0edd,https://etherscan.io/tx/0xf71f2553a1a9dfff6ccd6d61771f3e438eaa99424643c4279d4cbf1c069b0edd
0x3c9b7b3794061450e018d8b8e83eb2db3f2625b8,0xe3478b0bb1a5084567c319096437924948be1964,,ETH,0.00047,2026-09-28T13:35:11,0x56db6e2dbea7dfacc947a24f2602268c04f318ba99b7d16c0442ad97e820f2aa,https://etherscan.io/tx/0x56db6e2dbea7dfacc947a24f2602268c04f318ba99b7d16c0442ad97e820f2aa
0x3c9b7b3794061450e018d8b8e83eb2db3f2625b8,0xba3cb449bd2b4adddbc894d8697f5170800eadec,CoWSwapEthFlow,ETH,20.102672,2026-09-28T13:35:11,0x5a341861549fc8d42ad8a1716c3ed56d0293e9357da28907e67d092d7d4b1e2d,https://etherscan.io/tx/0x5a341861549fc8d42ad8a1716c3ed56d0293e9357da28907e67d092d7d4b1e2d
0x3c9b7b3794061450e018d8b8e83eb2db3f2625b8,0x6269c4afc8ee43b666c8063b0abbe5ac6623cede,,DAI,54001.792145,2026-09-28T13:50:59,0xf71f2553a1a9dfff6ccd6d61771f3e438eaa99424643c4279d4cbf1c069b0edd,https://etherscan.io/tx/0xf71f2553a1a9dfff6ccd6d61771f3e438eaa99424643c4279d4cbf1c069b0edd
0xa406a6465853791ffaf4278b6a4ff6e37eef9aa8,0xdd6612a6d64d66fab5a8a5ba69fe3a7e7bccc828,,ETH,63.1513,2026-09-28T14:01:11,0x1af8ed58092837210e7395c22e07f579c1cd31b6b41f94089d6c1d71eb1703dd,https://etherscan.io/tx/0x1af8ed58092837210e7395c22e07f579c1cd31b6b41f94089d6c1d71eb1703dd
0xa406a6465853791ffaf4278b6a4ff6e37eef9aa8,0xdd6612a6d64d66fab5a8a5ba69fe3a7e7bccc828,,ETH,63.1406,2026-09-28T13:35:59,0xced6a2cc0b753f74b0732f254b9fdb67ae80e46593edb7e91ebcb3b27581a916,https://etherscan.io/tx/0xced6a2cc0b753f74b0732f254b9fdb67ae80e46593edb7e91ebcb3b27581a916
0xa406a6465853791ffaf4278b6a4ff6e37eef9aa8,0xdd6612a6d64d66fab5a8a5ba69fe3a7e7bccc828,,ETH,126.5581,2026-09-28T13:10:35,0x77c5728786e2e0d1fb3545bd810c2bd2b77b0404e0f598a85b7ebbff99d350a1,https://etherscan.io/tx/0x77c5728786e2e0d1fb3545bd810c2bd2b77b0404e0f598a85b7ebbff99d350a1
0xa406a6465853791ffaf4278b6a4ff6e37eef9aa8,0xdc18d3515664189a5d08aed4d15fe4308ac025ff,,ETH,126.7002,2026-09-28T12:44:35,0xaaa196d574514ee291c3a8cb806d03c97f973337d19b213a63a1118e28131997,https://etherscan.io/tx/0xaaa196d574514ee291c3a8cb806d03c97f973337d19b213a63a1118e28131997
0xa406a6465853791ffaf4278b6a4ff6e37eef9aa8,0xdc18d3515664189a5d08aed4d15fe4308ac025ff,,ETH,126.9587,2026-09-28T11:23:59,0x207ad6bd9e7ad5ea12e8ad4169acf1dacb47bff59e3b1534edbab0c9854ed3cc,https://etherscan.io/tx/0x207ad6bd9e7ad5ea12e8ad4169acf1dacb47bff59e3b1534edbab0c9854ed3cc
0xa406a6465853791ffaf4278b6a4ff6e37eef9aa8,0x846267082e7c92d9f488d238f01082a44c869788,,ETH,63.5088,2026-09-28T10:36:47,0x5d498c6daae49411cfcd9f40ebda9396f33d6896d3b8c5e15d44c83e9f284f47,https://etherscan.io/tx/0x5d498c6daae49411cfcd9f40ebda9396f33d6896d3b8c5e15d44c83e9f284f47
0xa406a6465853791ffaf4278b6a4ff6e37eef9aa8,0x52dd53a1b8ce7b2dfddd4aea4e3c9909a46431df,,ETH,63.5298,2026-09-28T10:21:47,0x0d22f04c9fe8dcd112dd2f2a83313417d6ac0a1167ab46fcbc7e75cebb0c10a7,https://etherscan.io/tx/0x0d22f04c9fe8dcd112dd2f2a83313417d6ac0a1167ab46fcbc7e75cebb0c10a7
0xa406a6465853791ffaf4278b6a4ff6e37eef9aa8,0xd2c85609c3ee79fb4631d39fb84cb53fa7ef759c,,ETH,63.6114,2026-09-28T10:10:23,0xbe5974a6f6e0ae5068b07b969bc04632e35720dfaa9b96de68f630b10c511c72,https://etherscan.io/tx/0xbe5974a6f6e0ae5068b07b969bc04632e35720dfaa9b96de68f630b10c511c72
0xa406a6465853791ffaf4278b6a4ff6e37eef9aa8,0xb0e821e2ae1aabf74c2ceadf7a9d47097067f9f0,,ETH,63.5993,2026-09-28T09:25:23,0xced259ec7885aac0cfe55b8ee2f79d600fe289102eeadc54414c19e0f6305b31,https://etherscan.io/tx/0xced259ec7885aac0cfe55b8ee2f79d600fe289102eeadc54414c19e0f6305b31
0xa406a6465853791ffaf4278b6a4ff6e37eef9aa8,0xb0e821e2ae1aabf74c2ceadf7a9d47097067f9f0,,ETH,63.719,2026-09-28T08:50:35,0xfb89664d8d265a002eaeba3cdfa404bf5b1cfaca42025955099110daa9057871,https://etherscan.io/tx/0xfb89664d8d265a002eaeba3cdfa404bf5b1cfaca42025955099110daa9057871
0xa406a6465853791ffaf4278b6a4ff6e37eef9aa8,0xd2c85609c3ee79fb4631d39fb84cb53fa7ef759c,,ETH,63.759,2026-09-28T07:26:59,0xadb998f3cedec5d50010f61947cf7c3b1cd92a5414695b8cc835250311701509,https://etherscan.io/tx/0xadb998f3cedec5d50010f61947cf7c3b1cd92a5414695b8cc835250311701509
0xa406a6465853791ffaf4278b6a4ff6e37eef9aa8,0x9c4c490ac643daa1b432a38073025441a9ccbeb3,,ETH,63.779,2026-09-28T07:11:23,0x489f2b07ab3d6f427ec98b8cb76090076d8f08e171b265e42314a81bc46951cd,https://etherscan.io/tx/0x489f2b07ab3d6f427ec98b8cb76090076d8f08e171b265e42314a81bc46951cd
0xa406a6465853791ffaf4278b6a4ff6e37eef9aa8,0xb0e821e2ae1aabf74c2ceadf7a9d47097067f9f0,,ETH,63.759,2026-09-28T06:57:23,0x40520d4ee0ac7fdab64a18f9ec45c226518d71b547cf74771a7e72d69684694f,https://etherscan.io/tx/0x40520d4ee0ac7fdab64a18f9ec45c226518d71b547cf74771a7e72d69684694f
0xa406a6465853791ffaf4278b6a4ff6e37eef9aa8,0x7f28eea527c3ed387574e19018742e62e6a94201,,ETH,63.759,2026-09-28T06:29:47,0xaad862eaa95e3d6a65d2642b3fd358bf164a276d223138e5fd8891ed20be6661,https://etherscan.io/tx/0xaad862eaa95e3d6a65d2642b3fd358bf164a276d223138e5fd8891ed20be6661
0xa406a6465853791ffaf4278b6a4ff6e37eef9aa8,0x59ea064a7375a78f93eff1180d133c106b05de92,,ETH,31.8795,2026-09-28T06:04:59,0x3c4b15ec4cb5ae77d8c6798d8b0b94110396261146345807926a24c0d460fe1d,https://etherscan.io/tx/0x3c4b15ec4cb5ae77d8c6798d8b0b94110396261146345807926a24c0d460fe1d
0xa406a6465853791ffaf4278b6a4ff6e37eef9aa8,0x59ea064a7375a78f93eff1180d133c106b05de92,,ETH,31.8895,2026-09-28T05:48:11,0xdb03ee1a4f9ab4a1aea0170dc2725fd6f68731f256d72ada0723b75a469fa5f8,https://etherscan.io/tx/0xdb03ee1a4f9ab4a1aea0170dc2725fd6f68731f256d72ada0723b75a469fa5f8
0xa406a6465853791ffaf4278b6a4ff6e37eef9aa8,0x59ea064a7375a78f93eff1180d133c106b05de92,,ETH,31.9095,2026-09-28T05:31:23,0x2875c1b18249c900fb9f8c82fb8a455368f1ca5330ec459e48c12629a82e04b2,https://etherscan.io/tx/0x2875c1b18249c900fb9f8c82fb8a455368f1ca5330ec459e48c12629a82e04b2
0xa406a6465853791ffaf4278b6a4ff6e37eef9aa8,0x49ca79103c1cb1a6f48dcc0710b33a129b556765,,ETH,31.9095,2026-09-28T04:56:59,0x4bd6f5e6b18924801aef2d763f548c019ac1860da1911036d3a8e161827ce4b5,https://etherscan.io/tx/0x4bd6f5e6b18924801aef2d763f548c019ac1860da1911036d3a8e161827ce4b5
0xa406a6465853791ffaf4278b6a4ff6e37eef9aa8,0x49ca79103c1cb1a6f48dcc0710b33a129b556765,,ETH,31.9195,2026-09-28T04:24:11,0xda3769da3c58c2bcd729f5b2e46559b8ff3ad950a55058918391bffc245bda78,https://etherscan.io/tx/0xda3769da3c58c2bcd729f5b2e46559b8ff3ad950a55058918391bffc245bda78
0xa406a6465853791ffaf4278b6a4ff6e37eef9aa8,0xffeee7518c15f785a096eb7c4445f2ac6ea52599,,ETH,31.9296,2026-09-28T04:01:47,0xd35df743deda21d7bef4f4aecf47d7a774202fcaec23054a097533ea397c82ac,https://etherscan.io/tx/0xd35df743deda21d7bef4f4aecf47d7a774202fcaec23054a097533ea397c82ac
0xffeee7518c15f785a096eb7c4445f2ac6ea52599,0xe7e68d336f90f98d22a479253eafa5f2424acad8,OnchainGateway,ETH,31.79015,2026-09-28T07:02:59,0x7cd8c8019e9ee9012c1ac87027c6015d9078ea7c032f4f5d7758dfe5d2b512dd,https://etherscan.io/tx/0x7cd8c8019e9ee9012c1ac87027c6015d9078ea7c032f4f5d7758dfe5d2b512dd
0xffeee7518c15f785a096eb7c4445f2ac6ea52599,0xe7e68d336f90f98d22a479253eafa5f2424acad8,OnchainGateway,ETH,0.02015,2026-09-28T04:12:23,0xe7dae42a53b058a24ffa83bbf32adde301d74efd37641c9ec1bd990b64591fd4,https://etherscan.io/tx/0xe7dae42a53b058a24ffa83bbf32adde301d74efd37641c9ec1bd990b64591fd4
0xffeee7518c15f785a096eb7c4445f2ac6ea52599,0xe7e68d336f90f98d22a479253eafa5f2424acad8,OnchainGateway,ETH,26.90015,2026-09-28T04:11:23,0x9c052a545f175630faab7d4b7fc65e70779a00b183c56e85d569449f4711df04,https://etherscan.io/tx/0x9c052a545f175630faab7d4b7fc65e70779a00b183c56e85d569449f4711df04
0xffeee7518c15f785a096eb7c4445f2ac6ea52599,0xe7e68d336f90f98d22a479253eafa5f2424acad8,OnchainGateway,ETH,5.00015,2026-09-28T04:09:47,0x16c696681cabf2040809c9b26eaef2affa51172529a01586a8def23d20d1be0b,https://etherscan.io/tx/0x16c696681cabf2040809c9b26eaef2affa51172529a01586a8def23d20d1be0b
0x49ca79103c1cb1a6f48dcc0710b33a129b556765,0x59ea064a7375a78f93eff1180d133c106b05de92,,ETH,33.828947,2026-09-28T05:06:23,0xd0da9d986560246cdfddfef6f538d94b5447a6370b03c07301a16af7e4cc0832,https://etherscan.io/tx/0xd0da9d986560246cdfddfef6f538d94b5447a6370b03c07301a16af7e4cc0832
0x49ca79103c1cb1a6f48dcc0710b33a129b556765,0x9d1c9710b3394f2287ae9d0cc6b7b8b599f05ce2,,ETH,30.0,2026-09-28T05:04:11,0xff17eb93608d6fc2b4455f2ee08cedc64dd5f2be8d25d7b73dbacd5e670dac20,https://etherscan.io/tx/0xff17eb93608d6fc2b4455f2ee08cedc64dd5f2be8d25d7b73dbacd5e670dac20
0x9d1c9710b3394f2287ae9d0cc6b7b8b599f05ce2,0x59ea064a7375a78f93eff1180d133c106b05de92,,ETH,14.997987,2026-09-28T05:22:35,0xd2f6157001dded12071a8a109295dc80887a70eb9e75b3da256f5532ff4e7a90,https://etherscan.io/tx/0xd2f6157001dded12071a8a109295dc80887a70eb9e75b3da256f5532ff4e7a90
0x9d1c9710b3394f2287ae9d0cc6b7b8b599f05ce2,0xe7e68d336f90f98d22a479253eafa5f2424acad8,OnchainGateway,ETH,15.00015,2026-09-28T05:05:47,0x2d2599231b2ad1540cc668d601b645ba98a4be2a1a994309e0abdb1a6fde9c23,https://etherscan.io/tx/0x2d2599231b2ad1540cc668d601b645ba98a4be2a1a994309e0abdb1a6fde9c23
0x59ea064a7375a78f93eff1180d133c106b05de92,0xb0e821e2ae1aabf74c2ceadf7a9d47097067f9f0,,ETH,31.902778,2026-09-28T06:09:47,0x17b2dc8fe05f18b1d2cd5b4aead04bac3c0d32cff80fd81bb33f725045ec5f60,https://etherscan.io/tx/0x17b2dc8fe05f18b1d2cd5b4aead04bac3c0d32cff80fd81bb33f725045ec5f60
0x59ea064a7375a78f93eff1180d133c106b05de92,0xe7e68d336f90f98d22a479253eafa5f2424acad8,OnchainGateway,ETH,31.90015,2026-09-28T05:51:47,0xdf7fb81bb4c30af2d1eb3c7c85ea4fc02fc023908bf896f1f21f5747ea89fca2,https://etherscan.io/tx/0xdf7fb81bb4c30af2d1eb3c7c85ea4fc02fc023908bf896f1f21f5747ea89fca2
0x59ea064a7375a78f93eff1180d133c106b05de92,0xe7e68d336f90f98d22a479253eafa5f2424acad8,OnchainGateway,ETH,32.00015,2026-09-28T05:33:23,0x65f6a34e2070d5646ba15c07c77492cf609afd55fe4875bbe3fef96f6fe79029,https://etherscan.io/tx/0x65f6a34e2070d5646ba15c07c77492cf609afd55fe4875bbe3fef96f6fe79029
0x59ea064a7375a78f93eff1180d133c106b05de92,0xe7e68d336f90f98d22a479253eafa5f2424acad8,OnchainGateway,ETH,14.90015,2026-09-28T05:24:11,0xd6713e74fa29090e9f735eaab3f21ff964db76b18e746ad8726c9b98f29f115f,https://etherscan.io/tx/0xd6713e74fa29090e9f735eaab3f21ff964db76b18e746ad8726c9b98f29f115f
0x59ea064a7375a78f93eff1180d133c106b05de92,0xe7e68d336f90f98d22a479253eafa5f2424acad8,OnchainGateway,ETH,33.80015,2026-09-28T05:07:35,0x4ad6bcb79bff0fbc9b144f62f9d7eb9299d150cc8316b8d2bab1e9f1dc2eed61,https://etherscan.io/tx/0x4ad6bcb79bff0fbc9b144f62f9d7eb9299d150cc8316b8d2bab1e9f1dc2eed61
0x7f28eea527c3ed387574e19018742e62e6a94201,0x1dc0a05a3ec72f878f7bd444c20a2c70fc0052fa,,ETH,31.85899,2026-09-28T06:43:11,0x21bcbd19a538f03f15ca86aebcaf47027de2049890bacb6248eda61b21d163a6,https://etherscan.io/tx/0x21bcbd19a538f03f15ca86aebcaf47027de2049890bacb6248eda61b21d163a6
0x7f28eea527c3ed387574e19018742e62e6a94201,0x56f952eaa98400eaf904afc5977aaf39345dcedc,,ETH,31.9,2026-09-28T06:41:47,0x382f4c293c2e6c98e5a0fe11609a7c50d52a6e25f695bac07e7a5acf0a577971,https://etherscan.io/tx/0x382f4c293c2e6c98e5a0fe11609a7c50d52a6e25f695bac07e7a5acf0a577971
0x56f952eaa98400eaf904afc5977aaf39345dcedc,0xc10ffdc690060c8711d21dc85bf434ebe427018c,,ETH,15.899977,2026-09-28T07:56:35,0x98860d7d0f0a2dba3a54322c2b67ae71ab34f035284a2ddd8183d620d31ec53a,https://etherscan.io/tx/0x98860d7d0f0a2dba3a54322c2b67ae71ab34f035284a2ddd8183d620d31ec53a
0x56f952eaa98400eaf904afc5977aaf39345dcedc,0x179ec70fda22138e96186e798b4f2868523b4509,,ETH,6.0,2026-09-28T07:33:35,0xcc279f9eb3a5cf8bb494326f66c7fc87abe68a5c1c474b214faca46b41ea71a2,https://etherscan.io/tx/0xcc279f9eb3a5cf8bb494326f66c7fc87abe68a5c1c474b214faca46b41ea71a2
0x56f952eaa98400eaf904afc5977aaf39345dcedc,0xd28c3bc24a4f09eb27c62436dba2934181080433,,ETH,10.0,2026-09-28T06:51:59,0xe20f930e0571020a57befd4f87eff0b48d2b205eec68d58ee7606cef5a550416,https://etherscan.io/tx/0xe20f930e0571020a57befd4f87eff0b48d2b205eec68d58ee7606cef5a550416
0xd28c3bc24a4f09eb27c62436dba2934181080433,0x179ec70fda22138e96186e798b4f2868523b4509,,ETH,7.999752,2026-09-28T07:32:47,0x66e39488da3393e111d9776e35a2782982d685b5b2228074694cbac4bd1eb1c4,https://etherscan.io/tx/0x66e39488da3393e111d9776e35a2782982d685b5b2228074694cbac4bd1eb1c4
0xd28c3bc24a4f09eb27c62436dba2934181080433,0xe7e68d336f90f98d22a479253eafa5f2424acad8,OnchainGateway,ETH,2.00015,2026-09-28T06:53:35,0x10a16fac63a101d2782aca32d1d9275171347752e3861966328f0c3d67c77cb5,https://etherscan.io/tx/0x10a16fac63a101d2782aca32d1d9275171347752e3861966328f0c3d67c77cb5
0x179ec70fda22138e96186e798b4f2868523b4509,0x721bbccbee1a8ca754560213600a5d7ea4645af1,,ETH,13.999741,2026-09-28T07:36:11,0x65c2a5a00dfe9d30e2d6edc83b8b3707a7a88201442e40dceb53e5bad77cb0db,https://etherscan.io/tx/0x65c2a5a00dfe9d30e2d6edc83b8b3707a7a88201442e40dceb53e5bad77cb0db
0x721bbccbee1a8ca754560213600a5d7ea4645af1,0xe7e68d336f90f98d22a479253eafa5f2424acad8,OnchainGateway,ETH,13.99515,2026-09-28T07:40:47,0x4772dd1710bdc34556ead5e59cf75505972340563dcebc72c9fe276375282677,https://etherscan.io/tx/0x4772dd1710bdc34556ead5e59cf75505972340563dcebc72c9fe276375282677
0xc10ffdc690060c8711d21dc85bf434ebe427018c,0xe7e68d336f90f98d22a479253eafa5f2424acad8,OnchainGateway,ETH,15.89815,2026-09-28T07:57:47,0x71fd95fef95dd5e92068b58dbdfe62f4ae181c0bc7dcec7e6003c3609607de14,https://etherscan.io/tx/0x71fd95fef95dd5e92068b58dbdfe62f4ae181c0bc7dcec7e6003c3609607de14
0x1dc0a05a3ec72f878f7bd444c20a2c70fc0052fa,0xea6af18892db62d0d1dcb60dec9123be3440bb95,,ETH,15.858877,2026-09-28T07:31:11,0x6681e6a33ef2df00c40f37a67c669479647625c6b8075f8a0da4ea7fa0ddcf8e,https://etherscan.io/tx/0x6681e6a33ef2df00c40f37a67c669479647625c6b8075f8a0da4ea7fa0ddcf8e
0x1dc0a05a3ec72f878f7bd444c20a2c70fc0052fa,0xc61b66e5fe8ddf067f19416551374f1d3bc809c6,,ETH,16.0,2026-09-28T06:49:59,0x3e574efa57e9049398fd3ddc27e4cc7976d883eac152dd58a4240ab84123d20f,https://etherscan.io/tx/0x3e574efa57e9049398fd3ddc27e4cc7976d883eac152dd58a4240ab84123d20f
0xc61b66e5fe8ddf067f19416551374f1d3bc809c6,0xea6af18892db62d0d1dcb60dec9123be3440bb95,,ETH,0.097604,2026-09-28T07:31:35,0x7aaf57b97c2a488bc8f3408fcb8bd26514c51c56221b322e9dbad16d0f052c60,https://etherscan.io/tx/0x7aaf57b97c2a488bc8f3408fcb8bd26514c51c56221b322e9dbad16d0f052c60
0xc61b66e5fe8ddf067f19416551374f1d3bc809c6,0xe3478b0bb1a5084567c319096437924948be1964,,ETH,0.002447,2026-09-28T06:51:35,0xff7a57796c1c24b641d391ec0aafbde5f96743e7e45a8c7da99262073c20312c,https://etherscan.io/tx/0xff7a57796c1c24b641d391ec0aafbde5f96743e7e45a8c7da99262073c20312c
0xc61b66e5fe8ddf067f19416551374f1d3bc809c6,0xe7e68d336f90f98d22a479253eafa5f2424acad8,OnchainGateway,ETH,15.90015,2026-09-28T06:51:35,0x9f7bb439fad599c5a587312249e9a1ca5f37d08f0e1c4048d11192687258b4ed,https://etherscan.io/tx/0x9f7bb439fad599c5a587312249e9a1ca5f37d08f0e1c4048d11192687258b4ed
0xea6af18892db62d0d1dcb60dec9123be3440bb95,0xe7e68d336f90f98d22a479253eafa5f2424acad8,OnchainGateway,ETH,0.00315,2026-09-28T07:33:47,0x905465811aa5d8467af8acd01a6a93139bb61415b2978384ee0a325626bb1aa7,https://etherscan.io/tx/0x905465811aa5d8467af8acd01a6a93139bb61415b2978384ee0a325626bb1aa7
0xea6af18892db62d0d1dcb60dec9123be3440bb95,0xe7e68d336f90f98d22a479253eafa5f2424acad8,OnchainGateway,ETH,15.95015,2026-09-28T07:32:35,0xeda9066014c8e0b6b3c801b1c22dd33554b070204617838aeb7ebeeb4150b49c,https://etherscan.io/tx/0xeda9066014c8e0b6b3c801b1c22dd33554b070204617838aeb7ebeeb4150b49c
0x9c4c490ac643daa1b432a38073025441a9ccbeb3,0x128d4a55e559dc3baa4e5067019efd26da4e41b4,,ETH,63.778992,2026-09-28T07:14:11,0x0ae9ac0d5a13be2b181322c462b54d325f0580ce7b19c3ee5a2fa249efd56efe,https://etherscan.io/tx/0x0ae9ac0d5a13be2b181322c462b54d325f0580ce7b19c3ee5a2fa249efd56efe
0x128d4a55e559dc3baa4e5067019efd26da4e41b4,0x5326dba217f71a406fde0aee5b7aa50fb0a56200,,ETH,63.781,2026-09-28T07:15:59,0x58004cb9a3858e1026d312dc1960815dbf8b4054747eab31d31e8c4f8be4a421,https://etherscan.io/tx/0x58004cb9a3858e1026d312dc1960815dbf8b4054747eab31d31e8c4f8be4a421
0x128d4a55e559dc3baa4e5067019efd26da4e41b4,0xe7e68d336f90f98d22a479253eafa5f2424acad8,OnchainGateway,ETH,31.79715,2026-09-28T07:00:35,0x01cbff5d127cc307ac39d7ab376a71de0ddb2139baad869b7a898522144bef61,https://etherscan.io/tx/0x01cbff5d127cc307ac39d7ab376a71de0ddb2139baad869b7a898522144bef61
0x5326dba217f71a406fde0aee5b7aa50fb0a56200,0x3e4066878753cbaaa01adc55d15e6a6280c92f94,,ETH,33.780564,2026-09-28T07:25:35,0x7b454a8b084c7d749657b90c50062e7c85f6e083beeff80bb9d8d72aa719cf2f,https://etherscan.io/tx/0x7b454a8b084c7d749657b90c50062e7c85f6e083beeff80bb9d8d72aa719cf2f
0x5326dba217f71a406fde0aee5b7aa50fb0a56200,0xe7e68d336f90f98d22a479253eafa5f2424acad8,OnchainGateway,ETH,30.00015,2026-09-28T07:18:11,0xf209a1ba5beb3c3dcc139dd9c98fed5113b48511c254782705dce40422d96e5c,https://etherscan.io/tx/0xf209a1ba5beb3c3dcc139dd9c98fed5113b48511c254782705dce40422d96e5c
0x3e4066878753cbaaa01adc55d15e6a6280c92f94,0xe7e68d336f90f98d22a479253eafa5f2424acad8,OnchainGateway,ETH,33.77915,2026-09-28T07:32:35,0xb77df1c18b53c9222c42d8c6f77bf33d93d187673dbebb7f000f26e6a66bd588,https://etherscan.io/tx/0xb77df1c18b53c9222c42d8c6f77bf33d93d187673dbebb7f000f26e6a66bd588
0xb0e821e2ae1aabf74c2ceadf7a9d47097067f9f0,0x4f152feccb7b0574661555fa54a24c820624522b,,ETH,63.5993,2026-09-28T09:29:23,0xccc016f1afb885b01b4457654a6eab975efe18f5bba5d4eb77a71e414fe2bcef,https://etherscan.io/tx/0xccc016f1afb885b01b4457654a6eab975efe18f5bba5d4eb77a71e414fe2bcef
0xb0e821e2ae1aabf74c2ceadf7a9d47097067f9f0,0x1297cedc5da2ff7bd094589d5745a2a0bb0054ee,,ETH,63.719,2026-09-28T08:51:59,0x9fe4a615637c27b260c0639068a721d711a61808efa9e522d7388bf52af61dca,https://etherscan.io/tx/0x9fe4a615637c27b260c0639068a721d711a61808efa9e522d7388bf52af61dca
0xb0e821e2ae1aabf74c2ceadf7a9d47097067f9f0,0xffeee7518c15f785a096eb7c4445f2ac6ea52599,,ETH,31.8,2026-09-28T06:59:35,0x01698037eda88ecc0a2710ee257b98c3e6a572784ee77c3b5fea167988ad437e,https://etherscan.io/tx/0x01698037eda88ecc0a2710ee257b98c3e6a572784ee77c3b5fea167988ad437e
0xb0e821e2ae1aabf74c2ceadf7a9d47097067f9f0,0x128d4a55e559dc3baa4e5067019efd26da4e41b4,,ETH,31.8,2026-09-28T06:58:11,0x2b8b796c1c48055e2efb30476411d7fd67349a7a3c690668ff134a8367e17977,https://etherscan.io/tx/0x2b8b796c1c48055e2efb30476411d7fd67349a7a3c690668ff134a8367e17977
0xb0e821e2ae1aabf74c2ceadf7a9d47097067f9f0,0xe7e68d336f90f98d22a479253eafa5f2424acad8,OnchainGateway,ETH,31.80015,2026-09-28T06:10:47,0xe9c2f325e81358bd581c97a6665026be7392e414f8807f5d28d71b8d8bbaabaa,https://etherscan.io/tx/0xe9c2f325e81358bd581c97a6665026be7392e414f8807f5d28d71b8d8bbaabaa
0x1297cedc5da2ff7bd094589d5745a2a0bb0054ee,0x65d732ae233be4baee95f413a1640f36600f479b,,ETH,32.018881,2026-09-28T08:56:23,0x8f1d078b659d19b283f081ce780996f4c1b257b8663f8e26f9431eae603fc9a3,https://etherscan.io/tx/0x8f1d078b659d19b283f081ce780996f4c1b257b8663f8e26f9431eae603fc9a3
0x1297cedc5da2ff7bd094589d5745a2a0bb0054ee,0x496d4bebe1a6a8c73be2238a79600f382127a0c2,,ETH,31.7,2026-09-28T08:55:23,0x80846234f67a3fe4c928dcb5db474196e04586c0645b9fd1b1097892a1557c94,https://etherscan.io/tx/0x80846234f67a3fe4c928dcb5db474196e04586c0645b9fd1b1097892a1557c94
0x496d4bebe1a6a8c73be2238a79600f382127a0c2,0x94d5612d99778ddb34b0b65cbe2e214421c3d5bc,,ETH,31.699987,2026-09-28T08:58:11,0xa8c1c3cbeb756d38d6b9e85f3108cb805b866d5cb6f318a1cedcab25c5703e72,https://etherscan.io/tx/0xa8c1c3cbeb756d38d6b9e85f3108cb805b866d5cb6f318a1cedcab25c5703e72
0x94d5612d99778ddb34b0b65cbe2e214421c3d5bc,0x9b45b7a3cc989d61000caf7655f6af7f5387b70d,,ETH,31.699963,2026-09-28T09:02:35,0x67de88b8180f2205d1587c65bdfc469afb420d73e352e4eef1d6c2b0dbfb0594,https://etherscan.io/tx/0x67de88b8180f2205d1587c65bdfc469afb420d73e352e4eef1d6c2b0dbfb0594
0x9b45b7a3cc989d61000caf7655f6af7f5387b70d,0xe7e68d336f90f98d22a479253eafa5f2424acad8,OnchainGateway,ETH,31.68015,2026-09-28T09:06:47,0x73845e920bf542b21d6042f9b49266ba510a28b10ccaf69de194de39a3c163d4,https://etherscan.io/tx/0x73845e920bf542b21d6042f9b49266ba510a28b10ccaf69de194de39a3c163d4
0x65d732ae233be4baee95f413a1640f36600f479b,0x0c1b0d505456eed22f1b52291a106e971fb33396,,ETH,32.018807,2026-09-28T08:59:47,0xaad07dc9daaf2c4713ee963502e04a456ca9087a93f263e3ad7e4d3153f4aa03,https://etherscan.io/tx/0xaad07dc9daaf2c4713ee963502e04a456ca9087a93f263e3ad7e4d3153f4aa03
0x0c1b0d505456eed22f1b52291a106e971fb33396,0xe7e68d336f90f98d22a479253eafa5f2424acad8,OnchainGateway,ETH,32.01415,2026-09-28T09:01:35,0x09abe33fe547f6c638d073c79c7ec910fa0a2e2d50457b323951ca2fa3562f1c,https://etherscan.io/tx/0x09abe33fe547f6c638d073c79c7ec910fa0a2e2d50457b323951ca2fa3562f1c
0x4f152feccb7b0574661555fa54a24c820624522b,0xe7e68d336f90f98d22a479253eafa5f2424acad8,OnchainGateway,ETH,31.78015,2026-09-28T09:32:47,0x20d3c88ba8b92fd333428aeaa27ed1d02883c35cb536a9854abf273ffaca7a5c,https://etherscan.io/tx/0x20d3c88ba8b92fd333428aeaa27ed1d02883c35cb536a9854abf273ffaca7a5c
0x4f152feccb7b0574661555fa54a24c820624522b,0xb18b60e466811ea03a7fe8bf20bbfb5e2665c5b5,,ETH,31.8,2026-09-28T09:30:11,0xb77890d8e546951df4bc5e7957531ed462b51d9371f6f2d11dfdcda127e7c021,https://etherscan.io/tx/0xb77890d8e546951df4bc5e7957531ed462b51d9371f6f2d11dfdcda127e7c021
0xb18b60e466811ea03a7fe8bf20bbfb5e2665c5b5,0xe7e68d336f90f98d22a479253eafa5f2424acad8,OnchainGateway,ETH,31.78015,2026-09-28T09:34:23,0x759a20ad9c975a8a033972b4913d6bab1d100321dfeaad8d9026e46b8df39040,https://etherscan.io/tx/0x759a20ad9c975a8a033972b4913d6bab1d100321dfeaad8d9026e46b8df39040
0xd2c85609c3ee79fb4631d39fb84cb53fa7ef759c,0x0510d3917bd1886f9773dc92b96a259b33b6e5e6,,ETH,63.611347,2026-09-28T10:11:59,0xd214f246ccb8cca32850f172de738b99e8905c0438540797ea95c6d662232c64,https://etherscan.io/tx/0xd214f246ccb8cca32850f172de738b99e8905c0438540797ea95c6d662232c64
0xd2c85609c3ee79fb4631d39fb84cb53fa7ef759c,0xcc6d35845a3e535b39a5713daa4c781184258105,,ETH,63.758991,2026-09-28T07:40:23,0x0a53b293de05d4ac0e76f4a3c97c01bcfaa4ac0de61529fa8ff6f1fcc6b9f03a,https://etherscan.io/tx/0x0a53b293de05d4ac0e76f4a3c97c01bcfaa4ac0de61529fa8ff6f1fcc6b9f03a
0xcc6d35845a3e535b39a5713daa4c781184258105,0xe7e68d336f90f98d22a479253eafa5f2424acad8,OnchainGateway,ETH,31.84015,2026-09-28T07:56:23,0x4595e46f8a8b7307fc42cb4938bae01f0119a6dcc2f14ad7d108085990be7bc7,https://etherscan.io/tx/0x4595e46f8a8b7307fc42cb4938bae01f0119a6dcc2f14ad7d108085990be7bc7
0xcc6d35845a3e535b39a5713daa4c781184258105,0xe7e68d336f90f98d22a479253eafa5f2424acad8,OnchainGateway,ETH,31.90015,2026-09-28T07:42:23,0xbf721e8665906cb733df54730af65dfcd4fb28edad4df301a67a86d99e2edf35,https://etherscan.io/tx/0xbf721e8665906cb733df54730af65dfcd4fb28edad4df301a67a86d99e2edf35
0x0510d3917bd1886f9773dc92b96a259b33b6e5e6,0x52b68f6b16f8bb73ddf20a8e60b05c2b2ee83d4a,,ETH,63.611323,2026-09-28T10:36:11,0xe66faabb02da3f356c5bad7ac29f209eb5242c43d9ac6f87280728dba5e3474e,https://etherscan.io/tx/0xe66faabb02da3f356c5bad7ac29f209eb5242c43d9ac6f87280728dba5e3474e
0x52b68f6b16f8bb73ddf20a8e60b05c2b2ee83d4a,0xd6365ffdece29af8e5c87adb6b85c53171e8a9d0,,ETH,63.611301,2026-09-28T10:46:35,0x8974cb0949b81db103c4a0015dd25be41c5689e9194711b0f1aa7705838a4e9e,https://etherscan.io/tx/0x8974cb0949b81db103c4a0015dd25be41c5689e9194711b0f1aa7705838a4e9e
0xd6365ffdece29af8e5c87adb6b85c53171e8a9d0,0xb357e22dcf0b037fe54a38c61866ac39da81d818,,ETH,63.611273,2026-09-28T10:53:59,0x081751639b09ab5002730f6ef2a790f8a8622b649752c03e1e1420a0d712c031,https://etherscan.io/tx/0x081751639b09ab5002730f6ef2a790f8a8622b649752c03e1e1420a0d712c031
0xb357e22dcf0b037fe54a38c61866ac39da81d818,0xe7e68d336f90f98d22a479253eafa5f2424acad8,OnchainGateway,ETH,32.10015,2026-09-28T12:28:11,0x91ae8680ac7ced2013c4c62f9eaec94cf561cb13de0fded6c9f81651eae340df,https://etherscan.io/tx/0x91ae8680ac7ced2013c4c62f9eaec94cf561cb13de0fded6c9f81651eae340df
0xb357e22dcf0b037fe54a38c61866ac39da81d818,0xe7e68d336f90f98d22a479253eafa5f2424acad8,OnchainGateway,ETH,31.50015,2026-09-28T10:58:11,0xb083fc29cec669b2bc138771738016f67429778ed263510d4b422669e480e413,https://etherscan.io/tx/0xb083fc29cec669b2bc138771738016f67429778ed263510d4b422669e480e413
0x52dd53a1b8ce7b2dfddd4aea4e3c9909a46431df,0xe914285247353847810f4ccc851578deb77c9978,,ETH,15.538526,2026-09-28T11:00:35,0x838928e1f7b94a61563552c33c8d4a2e9373467d7848dc4084f172710acdd328,https://etherscan.io/tx/0x838928e1f7b94a61563552c33c8d4a2e9373467d7848dc4084f172710acdd328
0x52dd53a1b8ce7b2dfddd4aea4e3c9909a46431df,0x333903624f32f3689815c0f1efd1e2ea5b47c597,,ETH,16.0,2026-09-28T10:26:59,0x59199121d32e7b336a82e86cee40f803c918bff68227f2625b637c40325c9c55,https://etherscan.io/tx/0x59199121d32e7b336a82e86cee40f803c918bff68227f2625b637c40325c9c55
0x52dd53a1b8ce7b2dfddd4aea4e3c9909a46431df,0xe43bbe3e457ccddce2f0877baed85043e2da41be,,ETH,32.0,2026-09-28T10:24:59,0xedb3e72067586ed54b45ae4885d8e7119af56707c6269a86b9a22fcaf8666907,https://etherscan.io/tx/0xedb3e72067586ed54b45ae4885d8e7119af56707c6269a86b9a22fcaf8666907
0xe43bbe3e457ccddce2f0877baed85043e2da41be,0x93f7566ea12459bdfe48461dd3fbed2a3aeae695,,ETH,31.999922,2026-09-28T10:47:47,0xfd5e581b529b8b8ea42655cf06d0c8d81bd9ad908f23c1e37be09caa119edc8c,https://etherscan.io/tx/0xfd5e581b529b8b8ea42655cf06d0c8d81bd9ad908f23c1e37be09caa119edc8c
0x93f7566ea12459bdfe48461dd3fbed2a3aeae695,0xe3478b0bb1a5084567c319096437924948be1964,,ETH,0.003944,2026-09-28T10:48:23,0x637b39a0a163000af27aa6460fb9f1ce63f19baa67e83cafaf671fd48291741f,https://etherscan.io/tx/0x637b39a0a163000af27aa6460fb9f1ce63f19baa67e83cafaf671fd48291741f
0x93f7566ea12459bdfe48461dd3fbed2a3aeae695,0xe7e68d336f90f98d22a479253eafa5f2424acad8,OnchainGateway,ETH,31.99415,2026-09-28T10:48:23,0xcc0822d2b49bde3598c48d20f1ff43c71e0b898796dbaa4098105c404387e52c,https://etherscan.io/tx/0xcc0822d2b49bde3598c48d20f1ff43c71e0b898796dbaa4098105c404387e52c
0x333903624f32f3689815c0f1efd1e2ea5b47c597,0xa8d21a7447ab7284e121ae78f5747911b46fe32e,,ETH,15.999979,2026-09-28T10:28:59,0x276b3a4d4c4d597a70a0cbf3271808a3f6c220534e6ec3c75466c6d971a0c359,https://etherscan.io/tx/0x276b3a4d4c4d597a70a0cbf3271808a3f6c220534e6ec3c75466c6d971a0c359
0xa8d21a7447ab7284e121ae78f5747911b46fe32e,0x22436f2d7fe93b958099b708ece48f9e6847ac58,,ETH,15.999957,2026-09-28T10:34:59,0x9636fd0acd3e3bff347b11bebcb1648e56c9ffbba75dfd0bd4300363a627a100,https://etherscan.io/tx/0x9636fd0acd3e3bff347b11bebcb1648e56c9ffbba75dfd0bd4300363a627a100
0x22436f2d7fe93b958099b708ece48f9e6847ac58,0x52dd53a1b8ce7b2dfddd4aea4e3c9909a46431df,,ETH,0.008774,2026-09-28T10:51:59,0x2a22df714fa588104621932e4e5ba5ccaada52a2da254717b23d7b02eae39874,https://etherscan.io/tx/0x2a22df714fa588104621932e4e5ba5ccaada52a2da254717b23d7b02eae39874
0x22436f2d7fe93b958099b708ece48f9e6847ac58,0xe7e68d336f90f98d22a479253eafa5f2424acad8,OnchainGateway,ETH,15.99015,2026-09-28T10:35:59,0xf347a4e63c0422cb771949848e60c1c5df70d3630bbd830d90d0b8d8052cbebe,https://etherscan.io/tx/0xf347a4e63c0422cb771949848e60c1c5df70d3630bbd830d90d0b8d8052cbebe
0xe914285247353847810f4ccc851578deb77c9978,0xe7e68d336f90f98d22a479253eafa5f2424acad8,OnchainGateway,ETH,15.53615,2026-09-28T11:01:47,0xb09b76f67a05abbae6962b272bdd29f94fe6894c4da03a2f143e644e6e5d28c1,https://etherscan.io/tx/0xb09b76f67a05abbae6962b272bdd29f94fe6894c4da03a2f143e644e6e5d28c1
0x846267082e7c92d9f488d238f01082a44c869788,0xe7e68d336f90f98d22a479253eafa5f2424acad8,OnchainGateway,ETH,31.75015,2026-09-28T10:38:59,0x8de9d741265c17856e7aee31a723f5ebda2b80e47e2c238ecadf7526b0e18671,https://etherscan.io/tx/0x8de9d741265c17856e7aee31a723f5ebda2b80e47e2c238ecadf7526b0e18671
0x846267082e7c92d9f488d238f01082a44c869788,0xb4ed84bd0980d3562dcd850a2d4a1883da3a2b19,,ETH,31.75,2026-09-28T10:38:11,0xadfe48bf2db6dc3e68f2145e5e9c18762f2d5ead45fcecb4130d4b286383ed6a,https://etherscan.io/tx/0xadfe48bf2db6dc3e68f2145e5e9c18762f2d5ead45fcecb4130d4b286383ed6a
0xb4ed84bd0980d3562dcd850a2d4a1883da3a2b19,0xe7e68d336f90f98d22a479253eafa5f2424acad8,OnchainGateway,ETH,31.73915,2026-09-28T10:39:23,0x656b6d838ab3f81f9503c027f55a54c009499d3e9d46ac468b8a80b2cf62945e,https://etherscan.io/tx/0x656b6d838ab3f81f9503c027f55a54c009499d3e9d46ac468b8a80b2cf62945e
0xdc18d3515664189a5d08aed4d15fe4308ac025ff,0xfea211f5dafbaf6d7f129afa745a8560d0d41077,,ETH,63.350149,2026-09-28T12:50:59,0x124c9ebea62d91a5521dc4f6b6920bf404e95b2cf0c020b7b0603355e8199931,https://etherscan.io/tx/0x124c9ebea62d91a5521dc4f6b6920bf404e95b2cf0c020b7b0603355e8199931
0xdc18d3515664189a5d08aed4d15fe4308ac025ff,0xa3763269fe8e8b24d40dfec0da256574fe2d0340,,ETH,63.35,2026-09-28T12:49:47,0xe4d814bf19a71eb0327595796102063d9c70e741b8765dfdc6a7d1de20768ec4,https://etherscan.io/tx/0xe4d814bf19a71eb0327595796102063d9c70e741b8765dfdc6a7d1de20768ec4
0xdc18d3515664189a5d08aed4d15fe4308ac025ff,0xe18ada91f76dd0c9acdfcd4d58ec20861b55d634,,ETH,126.958683,2026-09-28T11:25:23,0xaef6e5a675e8da5a8c785ec70b1f46f3d3d0a08a0e96630b2ce56c6f00a488ba,https://etherscan.io/tx/0xaef6e5a675e8da5a8c785ec70b1f46f3d3d0a08a0e96630b2ce56c6f00a488ba
0xe18ada91f76dd0c9acdfcd4d58ec20861b55d634,0xb3ba16dc67bfc0917d8fa60e818927a50bf7fc2f,,ETH,31.740011,2026-09-28T11:30:23,0x1a6226fdbcd453d64e820fdaed23888f77679130083ccaa4cc423311e1c61bd9,https://etherscan.io/tx/0x1a6226fdbcd453d64e820fdaed23888f77679130083ccaa4cc423311e1c61bd9
0xe18ada91f76dd0c9acdfcd4d58ec20861b55d634,0xb959b0f8c27a3f5e3b8dbd3cf2709b8097fe6ff3,,ETH,63.4795,2026-09-28T11:28:11,0x763e1af6fc872ebc9a220247d6f94a0255e50ab3356dfadf2895e241e9d611b9,https://etherscan.io/tx/0x763e1af6fc872ebc9a220247d6f94a0255e50ab3356dfadf2895e241e9d611b9
0xe18ada91f76dd0c9acdfcd4d58ec20861b55d634,0x7769181bdb02cb11c8bee1b4c111a931a15cdd00,,ETH,31.739,2026-09-28T11:26:35,0x5877ecd745f7e98690dc302228c1cac3ef60b473fdcfba0bb84abbf1303a4d8e,https://etherscan.io/tx/0x5877ecd745f7e98690dc302228c1cac3ef60b473fdcfba0bb84abbf1303a4d8e
0x7769181bdb02cb11c8bee1b4c111a931a15cdd00,0xe7e68d336f90f98d22a479253eafa5f2424acad8,OnchainGateway,ETH,31.73015,2026-09-28T11:28:11,0x50d2f4bd8973cfc90c192bf32f665aa68c4ecbd396be6aed21362a68cdfa3490,https://etherscan.io/tx/0x50d2f4bd8973cfc90c192bf32f665aa68c4ecbd396be6aed21362a68cdfa3490
0xb959b0f8c27a3f5e3b8dbd3cf2709b8097fe6ff3,0xc3de6905e97da4e3faec691acc5b3254ff04e557,,ETH,31.475962,2026-09-28T11:30:11,0xc6076f4642c6a49ca149e3c72be0156eb37e0bb73f207c0df1d5544da370833d,https://etherscan.io/tx/0xc6076f4642c6a49ca149e3c72be0156eb37e0bb73f207c0df1d5544da370833d
0xb959b0f8c27a3f5e3b8dbd3cf2709b8097fe6ff3,0xe3478b0bb1a5084567c319096437924948be1964,,ETH,0.003737,2026-09-28T11:28:59,0x27ccb1f55737ef03c2c858a2238220d2ca1df4befb6b04fc71bb75fd8682ccc3,https://etherscan.io/tx/0x27ccb1f55737ef03c2c858a2238220d2ca1df4befb6b04fc71bb75fd8682ccc3
0xb959b0f8c27a3f5e3b8dbd3cf2709b8097fe6ff3,0xe7e68d336f90f98d22a479253eafa5f2424acad8,OnchainGateway,ETH,32.00015,2026-09-28T11:28:59,0xb7c658fe57d0617df977554c44f37f2c9fd789ea178f9e65dcb4c96781840f6d,https://etherscan.io/tx/0xb7c658fe57d0617df977554c44f37f2c9fd789ea178f9e65dcb4c96781840f6d
0xc3de6905e97da4e3faec691acc5b3254ff04e557,0xec3d14221cad60e12c5fcdc7a69e1079eb33b876,,ETH,15.475932,2026-09-28T11:36:35,0xe731b5212545521ff3ed5756548f672becfc8d3606da597efdd85e910061b460,https://etherscan.io/tx/0xe731b5212545521ff3ed5756548f672becfc8d3606da597efdd85e910061b460
0xc3de6905e97da4e3faec691acc5b3254ff04e557,0xec3d14221cad60e12c5fcdc7a69e1079eb33b876,,ETH,16.0,2026-09-28T11:36:23,0x0e12ea0aab0d4a7b6fc788d2c289dab0eebc36863d65709ef6ee6ddc6773f383,https://etherscan.io/tx/0x0e12ea0aab0d4a7b6fc788d2c289dab0eebc36863d65709ef6ee6ddc6773f383
0xec3d14221cad60e12c5fcdc7a69e1079eb33b876,0xe7e68d336f90f98d22a479253eafa5f2424acad8,OnchainGateway,ETH,31.47415,2026-09-28T11:37:47,0x088b9a5d7d2600e003acd2f700530dedc3128a1389a9f0f79813d6a21696c626,https://etherscan.io/tx/0x088b9a5d7d2600e003acd2f700530dedc3128a1389a9f0f79813d6a21696c626
0xb3ba16dc67bfc0917d8fa60e818927a50bf7fc2f,0xe7e68d336f90f98d22a479253eafa5f2424acad8,OnchainGateway,ETH,31.73015,2026-09-28T11:32:11,0x6498c53c4db082eeec1e3efd6ef578a68f73a7f963754fdc20ec05282680408e,https://etherscan.io/tx/0x6498c53c4db082eeec1e3efd6ef578a68f73a7f963754fdc20ec05282680408e
0xa3763269fe8e8b24d40dfec0da256574fe2d0340,0x36302536c5a88ff4819dee08d24ed7b7e1bf4286,,ETH,31.349852,2026-09-28T13:01:47,0x527b518d955cf125a3c73df8ebd1469d1478ac8181808e490a0387632a576a23,https://etherscan.io/tx/0x527b518d955cf125a3c73df8ebd1469d1478ac8181808e490a0387632a576a23
0xa3763269fe8e8b24d40dfec0da256574fe2d0340,0xcafb4a40735e2d4e4eed6cce18c9a7565cfac446,,ETH,32.0,2026-09-28T12:56:11,0xf4c3df40d38e4629f2879170aaa7ac486f4df3c9193f4c3414655652ad208013,https://etherscan.io/tx/0xf4c3df40d38e4629f2879170aaa7ac486f4df3c9193f4c3414655652ad208013
0xcafb4a40735e2d4e4eed6cce18c9a7565cfac446,0x1314058b6f94724a6d519611257b039e92294851,,ETH,31.999951,2026-09-28T13:03:59,0x74d8206079da96b690451319cdfb9f842a6f991bf967dc0218a912d91fdba3af,https://etherscan.io/tx/0x74d8206079da96b690451319cdfb9f842a6f991bf967dc0218a912d91fdba3af
0x1314058b6f94724a6d519611257b039e92294851,0xe7e68d336f90f98d22a479253eafa5f2424acad8,OnchainGateway,ETH,0.99515,2026-09-28T13:06:59,0xf022d81e4c68b2aaa5112523e9bd7437271c930950da5f96124bd0841fa47d95,https://etherscan.io/tx/0xf022d81e4c68b2aaa5112523e9bd7437271c930950da5f96124bd0841fa47d95
0x1314058b6f94724a6d519611257b039e92294851,0xe7e68d336f90f98d22a479253eafa5f2424acad8,OnchainGateway,ETH,31.00015,2026-09-28T13:05:11,0x174c05976b38bb18783774cf792565afdfbac9088532aaa9133eff04e3e301c4,https://etherscan.io/tx/0x174c05976b38bb18783774cf792565afdfbac9088532aaa9133eff04e3e301c4
0x36302536c5a88ff4819dee08d24ed7b7e1bf4286,0xe3478b0bb1a5084567c319096437924948be1964,,ETH,0.002185,2026-09-28T13:02:47,0xd3f2a64c384e9cd7fa3f47eef1155607b3831ee4ef82c97b4b5603dc5052ad41,https://etherscan.io/tx/0xd3f2a64c384e9cd7fa3f47eef1155607b3831ee4ef82c97b4b5603dc5052ad41
0x36302536c5a88ff4819dee08d24ed7b7e1bf4286,0xe7e68d336f90f98d22a479253eafa5f2424acad8,OnchainGateway,ETH,31.34515,2026-09-28T13:02:47,0x337153e813865af70f2cf6d87c680883f479acc1dcb0756efcd5a376bb2c99f6,https://etherscan.io/tx/0x337153e813865af70f2cf6d87c680883f479acc1dcb0756efcd5a376bb2c99f6
0xfea211f5dafbaf6d7f129afa745a8560d0d41077,0xe7e68d336f90f98d22a479253eafa5f2424acad8,OnchainGateway,ETH,31.67015,2026-09-28T12:53:23,0x2f15f239340b4ff4c60b96bb39f370fcf974e3a0f6b3a3a22ad4e646ed75342d,https://etherscan.io/tx/0x2f15f239340b4ff4c60b96bb39f370fcf974e3a0f6b3a3a22ad4e646ed75342d
0xfea211f5dafbaf6d7f129afa745a8560d0d41077,0x7d68e3150f6a6f18d0f9ae73edb3ef092d63afcf,,ETH,31.675,2026-09-28T12:51:47,0x4a446a4680ab2aa3604a0a98731ec452d8d9e37ec9a72e44fbf03d7a2127887c,https://etherscan.io/tx/0x4a446a4680ab2aa3604a0a98731ec452d8d9e37ec9a72e44fbf03d7a2127887c
0x7d68e3150f6a6f18d0f9ae73edb3ef092d63afcf,0xe7e68d336f90f98d22a479253eafa5f2424acad8,OnchainGateway,ETH,31.67015,2026-09-28T12:53:23,0x262443b92430a23e88a880032ef624a864e675ebdc4cb0368a6a30d689794051,https://etherscan.io/tx/0x262443b92430a23e88a880032ef624a864e675ebdc4cb0368a6a30d689794051
0xdd6612a6d64d66fab5a8a5ba69fe3a7e7bccc828,0xc1e40391026ef06431ea395203a020f4f3c1454d,,ETH,63.14053,2026-09-28T13:54:23,0xb5bb08e0b5446a78d81be1997d9d8a71d33bbeaa2fd81bfcffaf9fed7675ee4b,https://etherscan.io/tx/0xb5bb08e0b5446a78d81be1997d9d8a71d33bbeaa2fd81bfcffaf9fed7675ee4b
0xdd6612a6d64d66fab5a8a5ba69fe3a7e7bccc828,0x7970928d10782133bab72dcda94d51e25af1c312,,ETH,126.558069,2026-09-28T13:21:23,0xe8e596b24806cd642fe9843961ec8d63e5baf259b185d52e954ae171baf18dac,https://etherscan.io/tx/0xe8e596b24806cd642fe9843961ec8d63e5baf259b185d52e954ae171baf18dac
0x7970928d10782133bab72dcda94d51e25af1c312,0x18962b14a530fc658f1ae8b89a4bff74723d5f0c,,ETH,31.634991,2026-09-28T13:27:35,0x164b34276bd69a391e38684d1661a220370222491dbccc031b3a0c0e2b6c4cd7,https://etherscan.io/tx/0x164b34276bd69a391e38684d1661a220370222491dbccc031b3a0c0e2b6c4cd7
0x7970928d10782133bab72dcda94d51e25af1c312,0xe7e68d336f90f98d22a479253eafa5f2424acad8,OnchainGateway,ETH,31.65015,2026-09-28T13:24:23,0x316e8dbb9bcb09f0a4228e0ff3984d15191244e0b1e5f600fe1dc2a1bd12dbd9,https://etherscan.io/tx/0x316e8dbb9bcb09f0a4228e0ff3984d15191244e0b1e5f600fe1dc2a1bd12dbd9
0x7970928d10782133bab72dcda94d51e25af1c312,0x5fc35ec82524f8a8bb88e9a64f1d47838795cb67,,ETH,63.27,2026-09-28T13:22:59,0x01b84a060fdb4b6e34afd844e6def3834dc4624819f310f2d1a99dd1fb8a6923,https://etherscan.io/tx/0x01b84a060fdb4b6e34afd844e6def3834dc4624819f310f2d1a99dd1fb8a6923
0x5fc35ec82524f8a8bb88e9a64f1d47838795cb67,0xe7e68d336f90f98d22a479253eafa5f2424acad8,OnchainGateway,ETH,31.55015,2026-09-28T13:25:35,0x572905794611981c123c54a13d011007e4dac856e7f730f1a68dfe98ec704a53,https://etherscan.io/tx/0x572905794611981c123c54a13d011007e4dac856e7f730f1a68dfe98ec704a53
0x5fc35ec82524f8a8bb88e9a64f1d47838795cb67,0xe7e68d336f90f98d22a479253eafa5f2424acad8,OnchainGateway,ETH,31.70015,2026-09-28T13:24:47,0xc9fff9cadff026835b91708795d5f81fa4eae06d6312afd4536e982b2145c53f,https://etherscan.io/tx/0xc9fff9cadff026835b91708795d5f81fa4eae06d6312afd4536e982b2145c53f
0x18962b14a530fc658f1ae8b89a4bff74723d5f0c,0xe7e68d336f90f98d22a479253eafa5f2424acad8,OnchainGateway,ETH,31.62815,2026-09-28T13:29:11,0x558f9cc9db749345b3f6e200327650d6f53f686571732b9b137d6241c6703a9e,https://etherscan.io/tx/0x558f9cc9db749345b3f6e200327650d6f53f686571732b9b137d6241c6703a9e
0xc1e40391026ef06431ea395203a020f4f3c1454d,0xabb8f9e2951bddbbbbcd4f59b02320b833ccbda7,,ETH,31.140373,2026-09-28T14:03:35,0x898e1add162a1a8d82877198525ee1e72839cfd07f52246c53c72c7104800c74,https://etherscan.io/tx/0x898e1add162a1a8d82877198525ee1e72839cfd07f52246c53c72c7104800c74
0xc1e40391026ef06431ea395203a020f4f3c1454d,0xe94edc2d2abf45512d6cecc26d39ab44190ebf72,,ETH,32.0,2026-09-28T13:56:59,0x4f01c4b4cb6afbc5b3e81514b9e0114cd3671bb0045f3c90896061e030f91c8c,https://etherscan.io/tx/0x4f01c4b4cb6afbc5b3e81514b9e0114cd3671bb0045f3c90896061e030f91c8c
0xe94edc2d2abf45512d6cecc26d39ab44190ebf72,0x335d1353d594c622600bd6797a64c52def7d043a,,ETH,31.99992,2026-09-28T14:01:35,0xba75bd19644b3a61fa6f0765cae1509714fae4444f39ffa0fc0497485db49b67,https://etherscan.io/tx/0xba75bd19644b3a61fa6f0765cae1509714fae4444f39ffa0fc0497485db49b67
0x335d1353d594c622600bd6797a64c52def7d043a,0x56c01c1fedc67145c7d97281b6b6b8514e9de332,,ETH,31.99982,2026-09-28T14:05:11,0xca11133cfa3fa08efc17288db99dab709aa07b58c086569f1c15668fea2f7079,https://etherscan.io/tx/0xca11133cfa3fa08efc17288db99dab709aa07b58c086569f1c15668fea2f7079
0x56c01c1fedc67145c7d97281b6b6b8514e9de332,0xa3c7f8909a41799d985bce106c2bca1fb8e2d776,,ETH,15.9,2026-09-28T14:07:23,0xfd3fe296e6dbb317c1f683eb523e4e4d1ea9881b7c3762a47851c02e1e9debb8,https://etherscan.io/tx/0xfd3fe296e6dbb317c1f683eb523e4e4d1ea9881b7c3762a47851c02e1e9debb8
0xabb8f9e2951bddbbbbcd4f59b02320b833ccbda7,0x5be00368262992f260a6b2b4f9837c4bcc3acf7b,,ETH,20.0,2026-09-28T14:07:11,0x9415fc9b7345659801c6421f75b1ff571d1c822b8eaa7f9f7a2387cb2ea5b668,https://etherscan.io/tx/0x9415fc9b7345659801c6421f75b1ff571d1c822b8eaa7f9f7a2387cb2ea5b668
0x5be00368262992f260a6b2b4f9837c4bcc3acf7b,0x2ced6878daca29ae7b581eca099e08b4de0ce4b6,,ETH,19.999942,2026-09-28T14:18:35,0x15c14555166c4b8f95f70e300f308f68d70dc9ca9ffa5dc721017dead4b39ec9,https://etherscan.io/tx/0x15c14555166c4b8f95f70e300f308f68d70dc9ca9ffa5dc721017dead4b39ec9
0x2ced6878daca29ae7b581eca099e08b4de0ce4b6,0xe3478b0bb1a5084567c319096437924948be1964,,ETH,0.004672,2026-09-28T14:19:35,0x7a3bd881dd4b969b487efaeb656b50475de74d56096b119a0c31aa83f3d93e2e,https://etherscan.io/tx/0x7a3bd881dd4b969b487efaeb656b50475de74d56096b119a0c31aa83f3d93e2e
0x2ced6878daca29ae7b581eca099e08b4de0ce4b6,0xe7e68d336f90f98d22a479253eafa5f2424acad8,OnchainGateway,ETH,19.94015,2026-09-28T14:19:35,0x5965108c3a8cdc566c2880dbda3eb30b6fa369fdaebe0a70f6394add32f75ae8,https://etherscan.io/tx/0x5965108c3a8cdc566c2880dbda3eb30b6fa369fdaebe0a70f6394add32f75ae8
0x41c4f3c546d6fb5610bf146f58e70f866cd11e58,0x0db14a0288f4637f60b46690f1971b756c58a47e,,ETH,4.946026,2026-09-28T12:53:23,0x637ca132d5cc372b440cfccfc7dd8fb8eccc6a2053acf72c9c0ee000ebd415a6,https://etherscan.io/tx/0x637ca132d5cc372b440cfccfc7dd8fb8eccc6a2053acf72c9c0ee000ebd415a6
0x41c4f3c546d6fb5610bf146f58e70f866cd11e58,0x4feb8dd18f442ff67b521b5a5bc4c3824e3288ab,,ETH,9.031698,2026-09-28T12:36:35,0x7e0bdd30171cc9606b0b18bc45719b4a81b1e45d728087b775011025f1f2a410,https://etherscan.io/tx/0x7e0bdd30171cc9606b0b18bc45719b4a81b1e45d728087b775011025f1f2a410
0x41c4f3c546d6fb5610bf146f58e70f866cd11e58,0x328763072e3ce351ec29318df971b534ca45a0f7,,ETH,9.0,2026-09-28T05:49:59,0xfd68c4108c3a9cea290142ea1a096aa7cfbee48bd80a2d5052b171fbdc952407,https://etherscan.io/tx/0xfd68c4108c3a9cea290142ea1a096aa7cfbee48bd80a2d5052b171fbdc952407
0x41c4f3c546d6fb5610bf146f58e70f866cd11e58,0x41c88d3c0eda3f4df0bb4e5d0f4c81cc0232902c,,ETH,5.0,2026-09-28T05:25:11,0x94084a126f066856d6100574063ca68beaef93187dbdba6bff67795cf9a074f3,https://etherscan.io/tx/0x94084a126f066856d6100574063ca68beaef93187dbdba6bff67795cf9a074f3
0x41c4f3c546d6fb5610bf146f58e70f866cd11e58,0x0dac1fb302bc428d8dc272a511e7c2f0d2a1c128,,ETH,9.0,2026-09-28T05:01:59,0xd79017b9fc73ad1a288a438ecb42fe55c77f5a5faeff35656d0dd2fe12e2a1e0,https://etherscan.io/tx/0xd79017b9fc73ad1a288a438ecb42fe55c77f5a5faeff35656d0dd2fe12e2a1e0
0x41c4f3c546d6fb5610bf146f58e70f866cd11e58,0x4feb8dd18f442ff67b521b5a5bc4c3824e3288ab,,ETH,5.0,2026-09-28T04:37:23,0xa1c0c43db6c307a91515ce42c3bb9301b7a05e5684a83284527acc883ac09644,https://etherscan.io/tx/0xa1c0c43db6c307a91515ce42c3bb9301b7a05e5684a83284527acc883ac09644
0x4a777646417b0fd34715d2b21d4a132c06aed330,0xacddac6c77318b615f7f6fb9bb67c6833e9c05f1,LZMultiCall,ETH,165.500204,2026-09-28T14:05:59,0x0e359dfa91d41adbbec29da74f8fdac655b71c9fd501b53f75b7b381dd66785c,https://etherscan.io/tx/0x0e359dfa91d41adbbec29da74f8fdac655b71c9fd501b53f75b7b381dd66785c
0x4a777646417b0fd34715d2b21d4a132c06aed330,0x4feb8dd18f442ff67b521b5a5bc4c3824e3288ab,,ETH,10.9186,2026-09-28T13:38:11,0x73f00080dd9fcb525be5a5914c521a90080a5a7448c2aa952966e4ac985073ae,https://etherscan.io/tx/0x73f00080dd9fcb525be5a5914c521a90080a5a7448c2aa952966e4ac985073ae
0x4a777646417b0fd34715d2b21d4a132c06aed330,0x4feb8dd18f442ff67b521b5a5bc4c3824e3288ab,,ETH,12.0,2026-09-28T13:37:47,0x805a7c6bfaca532bbf237f68069dfd1670451d7dd8c471ea74b347183c2f7182,https://etherscan.io/tx/0x805a7c6bfaca532bbf237f68069dfd1670451d7dd8c471ea74b347183c2f7182
0x4a777646417b0fd34715d2b21d4a132c06aed330,0x4feb8dd18f442ff67b521b5a5bc4c3824e3288ab,,ETH,11.0,2026-09-28T13:36:59,0xc913b37e99a8ec2e7af5a2c041cb28087198c2d25d104e61f2da79cc2110deb7,https://etherscan.io/tx/0xc913b37e99a8ec2e7af5a2c041cb28087198c2d25d104e61f2da79cc2110deb7
0x4a777646417b0fd34715d2b21d4a132c06aed330,0x4feb8dd18f442ff67b521b5a5bc4c3824e3288ab,,ETH,13.0,2026-09-28T13:36:35,0x57f4f4d6dc119b967c2b7d147697e674a7fe17e523e48211e987b27c4e2b87a9,https://etherscan.io/tx/0x57f4f4d6dc119b967c2b7d147697e674a7fe17e523e48211e987b27c4e2b87a9
0x4a777646417b0fd34715d2b21d4a132c06aed330,0x328763072e3ce351ec29318df971b534ca45a0f7,,ETH,11.0,2026-09-28T13:36:11,0xc6b782a22ea676691c89da53c4919ce919efa35688e945de07fe1e59ab075f9f,https://etherscan.io/tx/0xc6b782a22ea676691c89da53c4919ce919efa35688e945de07fe1e59ab075f9f
0x4a777646417b0fd34715d2b21d4a132c06aed330,0x328763072e3ce351ec29318df971b534ca45a0f7,,ETH,14.0,2026-09-28T13:35:11,0xca13248add9c1c397b2ddcda75cc66774049a891a51d727acdc078d3269991df,https://etherscan.io/tx/0xca13248add9c1c397b2ddcda75cc66774049a891a51d727acdc078d3269991df
0x4a777646417b0fd34715d2b21d4a132c06aed330,0x328763072e3ce351ec29318df971b534ca45a0f7,,ETH,13.0,2026-09-28T13:34:35,0x73f183c7b81d4c3ce06cf4c5eab551e993808a3c137f4b1d7266055f2818c8ce,https://etherscan.io/tx/0x73f183c7b81d4c3ce06cf4c5eab551e993808a3c137f4b1d7266055f2818c8ce
0x4a777646417b0fd34715d2b21d4a132c06aed330,0x328763072e3ce351ec29318df971b534ca45a0f7,,ETH,12.0,2026-09-28T13:34:11,0x9ba9f2b27e238cf4e15a5ec16b05f3664bc0964930f9c150618da64027c421f4,https://etherscan.io/tx/0x9ba9f2b27e238cf4e15a5ec16b05f3664bc0964930f9c150618da64027c421f4
0x4a777646417b0fd34715d2b21d4a132c06aed330,0x0dac1fb302bc428d8dc272a511e7c2f0d2a1c128,,ETH,11.0,2026-09-28T13:32:47,0x8a6799a5794788cf46b0d2e9b34e5aa911416d2783ee68e756ff8a71804be757,https://etherscan.io/tx/0x8a6799a5794788cf46b0d2e9b34e5aa911416d2783ee68e756ff8a71804be757
0x4a777646417b0fd34715d2b21d4a132c06aed330,0x0dac1fb302bc428d8dc272a511e7c2f0d2a1c128,,ETH,10.0,2026-09-28T13:32:23,0xf9bb2d7bc88cefba90b0d74463c9aad9fbb219dbf053f628df23d0f7924ff66a,https://etherscan.io/tx/0xf9bb2d7bc88cefba90b0d74463c9aad9fbb219dbf053f628df23d0f7924ff66a
0x4a777646417b0fd34715d2b21d4a132c06aed330,0x0dac1fb302bc428d8dc272a511e7c2f0d2a1c128,,ETH,16.055504,2026-09-28T12:58:35,0x21416d8efba2a6ed95a0e60fd9d47e25dac531737016ee802621cb0de55e9ea3,https://etherscan.io/tx/0x21416d8efba2a6ed95a0e60fd9d47e25dac531737016ee802621cb0de55e9ea3
0x4a777646417b0fd34715d2b21d4a132c06aed330,0x4feb8dd18f442ff67b521b5a5bc4c3824e3288ab,,ETH,14.0,2026-09-28T12:58:11,0x19d9a5fcb86dcdb5a3fdd943ab256f11f410f819b21a4df321f346462a0e9c1a,https://etherscan.io/tx/0x19d9a5fcb86dcdb5a3fdd943ab256f11f410f819b21a4df321f346462a0e9c1a
0x4a777646417b0fd34715d2b21d4a132c06aed330,0x4feb8dd18f442ff67b521b5a5bc4c3824e3288ab,,ETH,10.0,2026-09-28T12:57:47,0xb4d8e32e4664180b37a12ee756e0bc5a13c035ddb175ec5f036664cb3535c985,https://etherscan.io/tx/0xb4d8e32e4664180b37a12ee756e0bc5a13c035ddb175ec5f036664cb3535c985
0x4a777646417b0fd34715d2b21d4a132c06aed330,0x4feb8dd18f442ff67b521b5a5bc4c3824e3288ab,,ETH,13.0,2026-09-28T12:57:23,0x63cd428f45c0fa93f378c7ab68b04e1e70cf25394d7cb4be6ece873139d6d495,https://etherscan.io/tx/0x63cd428f45c0fa93f378c7ab68b04e1e70cf25394d7cb4be6ece873139d6d495
0x4a777646417b0fd34715d2b21d4a132c06aed330,0x4feb8dd18f442ff67b521b5a5bc4c3824e3288ab,,ETH,12.0,2026-09-28T12:56:59,0x39aa458792658c358767d4facb1c2312776c6879f4bb3de10545650e0e20926e,https://etherscan.io/tx/0x39aa458792658c358767d4facb1c2312776c6879f4bb3de10545650e0e20926e
0x4a777646417b0fd34715d2b21d4a132c06aed330,0x0db14a0288f4637f60b46690f1971b756c58a47e,,ETH,11.0,2026-09-28T12:56:59,0x134c062a4a4a4dd08d5e21b42388f27e81fd1c2d422421a6e936ddf30c003a8d,https://etherscan.io/tx/0x134c062a4a4a4dd08d5e21b42388f27e81fd1c2d422421a6e936ddf30c003a8d
0x4a777646417b0fd34715d2b21d4a132c06aed330,0x0db14a0288f4637f60b46690f1971b756c58a47e,,ETH,10.0,2026-09-28T12:56:35,0x9a34ad59b197c08d61da803c9bf836df537491c2ff5d6fabde9037a639f586e0,https://etherscan.io/tx/0x9a34ad59b197c08d61da803c9bf836df537491c2ff5d6fabde9037a639f586e0
0x4a777646417b0fd34715d2b21d4a132c06aed330,0x4feb8dd18f442ff67b521b5a5bc4c3824e3288ab,,ETH,9.1213,2026-09-28T12:46:11,0x6eb8dcb659481096fc2ed2f5e90250ee0b3074051cd2f2ca911008d1f8414445,https://etherscan.io/tx/0x6eb8dcb659481096fc2ed2f5e90250ee0b3074051cd2f2ca911008d1f8414445
0x4a777646417b0fd34715d2b21d4a132c06aed330,0x328763072e3ce351ec29318df971b534ca45a0f7,,ETH,9.0,2026-09-28T12:45:47,0x429729675e58941eccc649333e014fee5f6c3184e0dc709ae840712ef9d679b2,https://etherscan.io/tx/0x429729675e58941eccc649333e014fee5f6c3184e0dc709ae840712ef9d679b2
0x4a777646417b0fd34715d2b21d4a132c06aed330,0x328763072e3ce351ec29318df971b534ca45a0f7,,ETH,10.0,2026-09-28T12:45:23,0xb9f12f34a1298f44d88f29b538e0d67126dcc97434865b59e8deec4dda7efd66,https://etherscan.io/tx/0xb9f12f34a1298f44d88f29b538e0d67126dcc97434865b59e8deec4dda7efd66
0x4a777646417b0fd34715d2b21d4a132c06aed330,0x328763072e3ce351ec29318df971b534ca45a0f7,,ETH,10.0,2026-09-28T12:44:35,0x73a22fc31ea27883d7bbf8af1f2286e209040c2ec1ae077b171a4721cc991754,https://etherscan.io/tx/0x73a22fc31ea27883d7bbf8af1f2286e209040c2ec1ae077b171a4721cc991754
0x4a777646417b0fd34715d2b21d4a132c06aed330,0x328763072e3ce351ec29318df971b534ca45a0f7,,ETH,11.0,2026-09-28T12:44:11,0x60818ab2d87b29434842415c1b79c9b66f45557a36afaf1db4e4111179693d82,https://etherscan.io/tx/0x60818ab2d87b29434842415c1b79c9b66f45557a36afaf1db4e4111179693d82
0x4a777646417b0fd34715d2b21d4a132c06aed330,0x0db14a0288f4637f60b46690f1971b756c58a47e,,ETH,13.0,2026-09-28T12:43:47,0xf6ca7c7e62c6905ce39d1fb0d630ea0af20f0799e0acf50e33eb4ccb9219432a,https://etherscan.io/tx/0xf6ca7c7e62c6905ce39d1fb0d630ea0af20f0799e0acf50e33eb4ccb9219432a
0x4a777646417b0fd34715d2b21d4a132c06aed330,0x0db14a0288f4637f60b46690f1971b756c58a47e,,ETH,11.0,2026-09-28T12:43:11,0x2780e7c6a19675b7c0e91046dc3174537655ecb2dc8e1fb7d220c65eca8c9531,https://etherscan.io/tx/0x2780e7c6a19675b7c0e91046dc3174537655ecb2dc8e1fb7d220c65eca8c9531
0x4a777646417b0fd34715d2b21d4a132c06aed330,0x0db14a0288f4637f60b46690f1971b756c58a47e,,ETH,12.0,2026-09-28T12:42:35,0x9732c7134740fe29c34ce9637c78ae3dd5e719e8173dd7a5dcc51a0b0d5095df,https://etherscan.io/tx/0x9732c7134740fe29c34ce9637c78ae3dd5e719e8173dd7a5dcc51a0b0d5095df
0x4a777646417b0fd34715d2b21d4a132c06aed330,0x0db14a0288f4637f60b46690f1971b756c58a47e,,ETH,11.0,2026-09-28T12:41:59,0x228ac09a85196803645eb5bd486466b6b0543eb64f92f53e5ce33c97722f254b,https://etherscan.io/tx/0x228ac09a85196803645eb5bd486466b6b0543eb64f92f53e5ce33c97722f254b
0x4a777646417b0fd34715d2b21d4a132c06aed330,0x0db14a0288f4637f60b46690f1971b756c58a47e,,ETH,16.0,2026-09-28T12:41:35,0x1a80499c0dc92638bf28e7a067f6ec084f7503a8ab6af40437f88d642af2cd06,https://etherscan.io/tx/0x1a80499c0dc92638bf28e7a067f6ec084f7503a8ab6af40437f88d642af2cd06
0x4a777646417b0fd34715d2b21d4a132c06aed330,0x0db14a0288f4637f60b46690f1971b756c58a47e,,ETH,13.0,2026-09-28T12:40:59,0xdf47f2559071854b26fd073f592d1eb00f974b4c9dfd191396b7cbd897fd6a33,https://etherscan.io/tx/0xdf47f2559071854b26fd073f592d1eb00f974b4c9dfd191396b7cbd897fd6a33
0x4a777646417b0fd34715d2b21d4a132c06aed330,0x0dac1fb302bc428d8dc272a511e7c2f0d2a1c128,,ETH,11.0,2026-09-28T12:40:35,0xb409d565ea20f8fa66d7ec7979cbc1b76718ad62608d1ba241b7ed9057a39e6b,https://etherscan.io/tx/0xb409d565ea20f8fa66d7ec7979cbc1b76718ad62608d1ba241b7ed9057a39e6b
0x4a777646417b0fd34715d2b21d4a132c06aed330,0x0dac1fb302bc428d8dc272a511e7c2f0d2a1c128,,ETH,10.0,2026-09-28T12:40:11,0xf2528594e0efc8b1e1fd7c5b6b90636e3b0e4264c42536625a000068cfad1105,https://etherscan.io/tx/0xf2528594e0efc8b1e1fd7c5b6b90636e3b0e4264c42536625a000068cfad1105
0x4a777646417b0fd34715d2b21d4a132c06aed330,0x0dac1fb302bc428d8dc272a511e7c2f0d2a1c128,,ETH,13.0,2026-09-28T12:39:59,0x98cc5a53b44dd61464d20f82e3afca3a06e405cb0481def9ec03739c61a339a2,https://etherscan.io/tx/0x98cc5a53b44dd61464d20f82e3afca3a06e405cb0481def9ec03739c61a339a2
0x4a777646417b0fd34715d2b21d4a132c06aed330,0x0dac1fb302bc428d8dc272a511e7c2f0d2a1c128,,ETH,15.0,2026-09-28T12:39:35,0xa957e71f280dd3a598c5d653a24402bc19073a085040b262201f08d7b1341c5c,https://etherscan.io/tx/0xa957e71f280dd3a598c5d653a24402bc19073a085040b262201f08d7b1341c5c
0x4a777646417b0fd34715d2b21d4a132c06aed330,0x0dac1fb302bc428d8dc272a511e7c2f0d2a1c128,,ETH,14.0,2026-09-28T12:39:11,0x966a82b6a9ba9dec5b5f5191746618ce89ea4be447f56f57280e8fd967284e36,https://etherscan.io/tx/0x966a82b6a9ba9dec5b5f5191746618ce89ea4be447f56f57280e8fd967284e36
0x4a777646417b0fd34715d2b21d4a132c06aed330,0x0dac1fb302bc428d8dc272a511e7c2f0d2a1c128,,ETH,13.0,2026-09-28T12:38:47,0xd9d2ce8732c3f625122072b83a1fa752a0e6346ad80f1eb4e7cbb75d656e178f,https://etherscan.io/tx/0xd9d2ce8732c3f625122072b83a1fa752a0e6346ad80f1eb4e7cbb75d656e178f
0x4a777646417b0fd34715d2b21d4a132c06aed330,0x0dac1fb302bc428d8dc272a511e7c2f0d2a1c128,,ETH,12.0,2026-09-28T12:38:23,0xfb7a6c6d1be08ecfdc649a573b62cd9aed6ce917f83047da55bc9f3ca10f5ca7,https://etherscan.io/tx/0xfb7a6c6d1be08ecfdc649a573b62cd9aed6ce917f83047da55bc9f3ca10f5ca7
0x4a777646417b0fd34715d2b21d4a132c06aed330,0x0dac1fb302bc428d8dc272a511e7c2f0d2a1c128,,ETH,10.0,2026-09-28T12:38:11,0xe5e65ef9de9bef305778d25ae69b74efeadbd63ca192865f0a93df8f2e27ed1a,https://etherscan.io/tx/0xe5e65ef9de9bef305778d25ae69b74efeadbd63ca192865f0a93df8f2e27ed1a
0x4a777646417b0fd34715d2b21d4a132c06aed330,0x4feb8dd18f442ff67b521b5a5bc4c3824e3288ab,,ETH,6.9998,2026-09-28T12:37:11,0x1ad1bf166b7d0bbbe8aa94ed4b23597b017df8347a03280ee64a5ee6dbef9339,https://etherscan.io/tx/0x1ad1bf166b7d0bbbe8aa94ed4b23597b017df8347a03280ee64a5ee6dbef9339
0x4a777646417b0fd34715d2b21d4a132c06aed330,0x4feb8dd18f442ff67b521b5a5bc4c3824e3288ab,,ETH,9.0,2026-09-28T12:36:47,0x714017887abfa14840ddf266002c78f8ee584b2ad566d72d0f305278f459a500,https://etherscan.io/tx/0x714017887abfa14840ddf266002c78f8ee584b2ad566d72d0f305278f459a500
0x4a777646417b0fd34715d2b21d4a132c06aed330,0x4feb8dd18f442ff67b521b5a5bc4c3824e3288ab,,ETH,13.0,2026-09-28T12:36:23,0xfb2fdc649ffd5d12bb61290f13a48c335994ae737417d8b309135542859ee0e0,https://etherscan.io/tx/0xfb2fdc649ffd5d12bb61290f13a48c335994ae737417d8b309135542859ee0e0
0x4a777646417b0fd34715d2b21d4a132c06aed330,0x328763072e3ce351ec29318df971b534ca45a0f7,,ETH,11.0,2026-09-28T12:35:59,0xa399a80d58f72e53a159b6f5f5307b3c8825ef940485770916d70ea0eaece1c4,https://etherscan.io/tx/0xa399a80d58f72e53a159b6f5f5307b3c8825ef940485770916d70ea0eaece1c4
0x4a777646417b0fd34715d2b21d4a132c06aed330,0x328763072e3ce351ec29318df971b534ca45a0f7,,ETH,10.0,2026-09-28T12:34:59,0xcf6745390754d52c31964fe02134ec1172c3887f6d112668cdc4a1777dd88277,https://etherscan.io/tx/0xcf6745390754d52c31964fe02134ec1172c3887f6d112668cdc4a1777dd88277
0x4a777646417b0fd34715d2b21d4a132c06aed330,0x328763072e3ce351ec29318df971b534ca45a0f7,,ETH,13.376,2026-09-28T12:30:23,0xf3096cf0978ef6093f301b89eb96b133c299215ea7d95b8b3029e358c6a5f908,https://etherscan.io/tx/0xf3096cf0978ef6093f301b89eb96b133c299215ea7d95b8b3029e358c6a5f908
0x4a777646417b0fd34715d2b21d4a132c06aed330,0x328763072e3ce351ec29318df971b534ca45a0f7,,ETH,13.0,2026-09-28T12:29:59,0x6c57f5e11deae719f07677c5c06e2035ad586ae301573b814c8e6b6a8aa16e88,https://etherscan.io/tx/0x6c57f5e11deae719f07677c5c06e2035ad586ae301573b814c8e6b6a8aa16e88
0x4a777646417b0fd34715d2b21d4a132c06aed330,0x4feb8dd18f442ff67b521b5a5bc4c3824e3288ab,,ETH,12.0,2026-09-28T12:28:47,0xb00c3e67d91a75f2be219f138ef9d3ce886ddccbacf764afa488a26a0214f08c,https://etherscan.io/tx/0xb00c3e67d91a75f2be219f138ef9d3ce886ddccbacf764afa488a26a0214f08c
0x4a777646417b0fd34715d2b21d4a132c06aed330,0x4feb8dd18f442ff67b521b5a5bc4c3824e3288ab,,ETH,10.0,2026-09-28T12:28:11,0x9ac235b4d1a61006e0b9d4eab16aa3d3b7c8437430c2202a777c42aeb0281485,https://etherscan.io/tx/0x9ac235b4d1a61006e0b9d4eab16aa3d3b7c8437430c2202a777c42aeb0281485
0x4a777646417b0fd34715d2b21d4a132c06aed330,0x4feb8dd18f442ff67b521b5a5bc4c3824e3288ab,,ETH,10.0,2026-09-28T12:27:11,0xb5655d522831f242838f00fa170945c70bcb8771b638bc1933331a2bb1275d73,https://etherscan.io/tx/0xb5655d522831f242838f00fa170945c70bcb8771b638bc1933331a2bb1275d73
0x4a777646417b0fd34715d2b21d4a132c06aed330,0x4feb8dd18f442ff67b521b5a5bc4c3824e3288ab,,ETH,11.0,2026-09-28T12:26:35,0x2e08f73dfc7944b1f2f73824dcc1734bfc7bfcfe5c52d421a4820ac82925c177,https://etherscan.io/tx/0x2e08f73dfc7944b1f2f73824dcc1734bfc7bfcfe5c52d421a4820ac82925c177
0x4a777646417b0fd34715d2b21d4a132c06aed330,0x4feb8dd18f442ff67b521b5a5bc4c3824e3288ab,,ETH,10.0,2026-09-28T12:25:59,0xab70377a8ed8b25af58d1fdf5dc335a72dce6486891268fb6cddcd83509ca64a,https://etherscan.io/tx/0xab70377a8ed8b25af58d1fdf5dc335a72dce6486891268fb6cddcd83509ca64a
0x4a777646417b0fd34715d2b21d4a132c06aed330,0x0db14a0288f4637f60b46690f1971b756c58a47e,,ETH,16.0,2026-09-28T12:25:35,0x71771baeeeac2c1bfc970e81e826f22e5b809135cdbcf7a5468014a64a0b891d,https://etherscan.io/tx/0x71771baeeeac2c1bfc970e81e826f22e5b809135cdbcf7a5468014a64a0b891d
0x4a777646417b0fd34715d2b21d4a132c06aed330,0x0db14a0288f4637f60b46690f1971b756c58a47e,,ETH,16.0,2026-09-28T12:25:11,0xaaa453f55e6432beca7238e9716e50e3ea534daa4f1d2586fea8bf7b315071b2,https://etherscan.io/tx/0xaaa453f55e6432beca7238e9716e50e3ea534daa4f1d2586fea8bf7b315071b2
0x4a777646417b0fd34715d2b21d4a132c06aed330,0x0db14a0288f4637f60b46690f1971b756c58a47e,,ETH,15.0,2026-09-28T12:24:47,0xa2c95e2123c917abdd8f43cc9fe0de1edda53c81e086d05fa803fe8f5b6fc719,https://etherscan.io/tx/0xa2c95e2123c917abdd8f43cc9fe0de1edda53c81e086d05fa803fe8f5b6fc719
0x4a777646417b0fd34715d2b21d4a132c06aed330,0x0db14a0288f4637f60b46690f1971b756c58a47e,,ETH,14.0,2026-09-28T12:24:23,0x0c75b6ff3e982a35dc3f9128d36f3e1e69c63b301ffa4b5fb60533a9f36dad8c,https://etherscan.io/tx/0x0c75b6ff3e982a35dc3f9128d36f3e1e69c63b301ffa4b5fb60533a9f36dad8c
0x4a777646417b0fd34715d2b21d4a132c06aed330,0x0db14a0288f4637f60b46690f1971b756c58a47e,,ETH,11.0,2026-09-28T12:23:59,0xdc5b09abd59689c0333bd565f93f846032d7c90aa83b855d66db006ba3e3ff3a,https://etherscan.io/tx/0xdc5b09abd59689c0333bd565f93f846032d7c90aa83b855d66db006ba3e3ff3a
0x4a777646417b0fd34715d2b21d4a132c06aed330,0x0db14a0288f4637f60b46690f1971b756c58a47e,,ETH,12.0,2026-09-28T12:23:35,0x0e7cc9ba5b3757db3784bcb78c1005cd2242ed4a69a82f584c8b5ff8cbd440df,https://etherscan.io/tx/0x0e7cc9ba5b3757db3784bcb78c1005cd2242ed4a69a82f584c8b5ff8cbd440df
0x4a777646417b0fd34715d2b21d4a132c06aed330,0x0db14a0288f4637f60b46690f1971b756c58a47e,,ETH,10.0,2026-09-28T12:22:47,0x5ef332d15c539b1cdd0572bab8260d2d511f65465ed1cec93a4b61284a0ffdfe,https://etherscan.io/tx/0x5ef332d15c539b1cdd0572bab8260d2d511f65465ed1cec93a4b61284a0ffdfe
0x4a777646417b0fd34715d2b21d4a132c06aed330,0xacddac6c77318b615f7f6fb9bb67c6833e9c05f1,LZMultiCall,ETH,0.100121,2026-09-28T12:08:47,0x65b5f44d2e7de6941e8bf5b0639598fe8091b3099f9139247e71b0dd4d3f3a4a,https://etherscan.io/tx/0x65b5f44d2e7de6941e8bf5b0639598fe8091b3099f9139247e71b0dd4d3f3a4a
0x4a777646417b0fd34715d2b21d4a132c06aed330,0xb55cbbb58f8c040bd3a06c065d99f9fd5d6a4193,,ETH,0.2,2026-09-28T12:05:47,0x569aff338dce72d5b94786fd8a343b0aeaf4a69c869b87bdf75b84c60bbdd331,https://etherscan.io/tx/0x569aff338dce72d5b94786fd8a343b0aeaf4a69c869b87bdf75b84c60bbdd331
0x4a777646417b0fd34715d2b21d4a132c06aed330,0xacddac6c77318b615f7f6fb9bb67c6833e9c05f1,LZMultiCall,ETH,0.001121,2026-09-28T11:53:23,0x59942be8722332f8a3913c7f726b8a80556de143431a1a081ca63e1e21314ab6,https://etherscan.io/tx/0x59942be8722332f8a3913c7f726b8a80556de143431a1a081ca63e1e21314ab6
0x4a777646417b0fd34715d2b21d4a132c06aed330,0xb55cbbb58f8c040bd3a06c065d99f9fd5d6a4193,,ETH,50.0,2026-09-28T11:33:47,0x070c0a71f1087b0ee640cd243e9f2e5218356a3c20272867c5a76ffbd2fc273a,https://etherscan.io/tx/0x070c0a71f1087b0ee640cd243e9f2e5218356a3c20272867c5a76ffbd2fc273a
0x4a777646417b0fd34715d2b21d4a132c06aed330,0xacddac6c77318b615f7f6fb9bb67c6833e9c05f1,LZMultiCall,ETH,46.000121,2026-09-28T11:00:11,0xc124f582858567f8cb16abbd99132c23bab121e17f8f1dedc1aab103972fc51f,https://etherscan.io/tx/0xc124f582858567f8cb16abbd99132c23bab121e17f8f1dedc1aab103972fc51f
0x4a777646417b0fd34715d2b21d4a132c06aed330,0xacddac6c77318b615f7f6fb9bb67c6833e9c05f1,LZMultiCall,ETH,40.000121,2026-09-28T10:48:23,0x22465d59350537d208fcd0397dac0ab26ecc5c1e16276afd72e4c02da709f3ef,https://etherscan.io/tx/0x22465d59350537d208fcd0397dac0ab26ecc5c1e16276afd72e4c02da709f3ef
0x4a777646417b0fd34715d2b21d4a132c06aed330,0xacddac6c77318b615f7f6fb9bb67c6833e9c05f1,LZMultiCall,ETH,20.000117,2026-09-28T10:14:23,0xeee5e81561f684bdde1c59b980bb118f1a29bf4e47f9ef545186d25e3d98e8ca,https://etherscan.io/tx/0xeee5e81561f684bdde1c59b980bb118f1a29bf4e47f9ef545186d25e3d98e8ca
0x4a777646417b0fd34715d2b21d4a132c06aed330,0xd19d4b5d358258f05d7b411e21a1460d11b0876f,TransparentUpgradeableProxy,ETH,20.0,2026-09-28T09:20:35,0xede7bb772c6398daa82b155c4d1cbec8be6a72d117d5054a5474f3b64366a78b,https://etherscan.io/tx/0xede7bb772c6398daa82b155c4d1cbec8be6a72d117d5054a5474f3b64366a78b
0x4a777646417b0fd34715d2b21d4a132c06aed330,0xd19d4b5d358258f05d7b411e21a1460d11b0876f,TransparentUpgradeableProxy,ETH,2.0,2026-09-28T08:23:11,0xe1c06f88c646ae03489dd39f0192bdf0312677c5f880c75134de1127e613c083,https://etherscan.io/tx/0xe1c06f88c646ae03489dd39f0192bdf0312677c5f880c75134de1127e613c083
0x4a777646417b0fd34715d2b21d4a132c06aed330,0xacddac6c77318b615f7f6fb9bb67c6833e9c05f1,LZMultiCall,ETH,30.000177,2026-09-28T08:05:23,0xd210b5e6e907c4858c45857cdc67f566bb1136cf2201c3df0dec7eed103e5f4a,https://etherscan.io/tx/0xd210b5e6e907c4858c45857cdc67f566bb1136cf2201c3df0dec7eed103e5f4a
0x4a777646417b0fd34715d2b21d4a132c06aed330,0xd19d4b5d358258f05d7b411e21a1460d11b0876f,TransparentUpgradeableProxy,ETH,1.0,2026-09-28T07:45:47,0x96f03046eeb4501853c5cfaddf855fb714c9406571541db2cde5f26f5570ef1b,https://etherscan.io/tx/0x96f03046eeb4501853c5cfaddf855fb714c9406571541db2cde5f26f5570ef1b
0x4a777646417b0fd34715d2b21d4a132c06aed330,0x4feb8dd18f442ff67b521b5a5bc4c3824e3288ab,,ETH,6.4836,2026-09-28T05:59:11,0x60d253ab9027f3e1dd06fc48b8157e64373dc0346b508655cf2ee7a00dea7870,https://etherscan.io/tx/0x60d253ab9027f3e1dd06fc48b8157e64373dc0346b508655cf2ee7a00dea7870
0x4a777646417b0fd34715d2b21d4a132c06aed330,0x0db14a0288f4637f60b46690f1971b756c58a47e,,ETH,11.999,2026-09-28T05:57:11,0xf36ce7e906dd98cf48dc7e470407daed1e07c319ea59d0091e82be505d94b3bd,https://etherscan.io/tx/0xf36ce7e906dd98cf48dc7e470407daed1e07c319ea59d0091e82be505d94b3bd
0x4a777646417b0fd34715d2b21d4a132c06aed330,0x0dac1fb302bc428d8dc272a511e7c2f0d2a1c128,,ETH,11.0,2026-09-28T05:56:35,0x0cd2750fb50c87fe5787db632bd0406d19825af76a560d4b99d1a2432d1bd7d5,https://etherscan.io/tx/0x0cd2750fb50c87fe5787db632bd0406d19825af76a560d4b99d1a2432d1bd7d5
0x4a777646417b0fd34715d2b21d4a132c06aed330,0x0dac1fb302bc428d8dc272a511e7c2f0d2a1c128,,ETH,11.0,2026-09-28T05:56:11,0x9d584577d9eedba29cced4aa727ecc8bbf6a6796e5e0451fc343c1a59d2d878d,https://etherscan.io/tx/0x9d584577d9eedba29cced4aa727ecc8bbf6a6796e5e0451fc343c1a59d2d878d
0x4a777646417b0fd34715d2b21d4a132c06aed330,0x0db14a0288f4637f60b46690f1971b756c58a47e,,ETH,12.0,2026-09-28T05:55:47,0x406f196ade612cbf232c4cae6dd96e437faa647a7c502a3c78964d55158ef099,https://etherscan.io/tx/0x406f196ade612cbf232c4cae6dd96e437faa647a7c502a3c78964d55158ef099
0x4a777646417b0fd34715d2b21d4a132c06aed330,0x0dac1fb302bc428d8dc272a511e7c2f0d2a1c128,,ETH,10.0,2026-09-28T05:55:11,0x7f0f7b4251ee5e8d28cec12d69ddc5e84270a755cb901e31bd193c3acd80cd7d,https://etherscan.io/tx/0x7f0f7b4251ee5e8d28cec12d69ddc5e84270a755cb901e31bd193c3acd80cd7d
0x4a777646417b0fd34715d2b21d4a132c06aed330,0x0dac1fb302bc428d8dc272a511e7c2f0d2a1c128,,ETH,10.0,2026-09-28T05:54:35,0x0827e8cdf341818df0456a08d7aae29bfaf3daabdca4f2b01a1af24d8896da75,https://etherscan.io/tx/0x0827e8cdf341818df0456a08d7aae29bfaf3daabdca4f2b01a1af24d8896da75
0x4a777646417b0fd34715d2b21d4a132c06aed330,0x0dac1fb302bc428d8dc272a511e7c2f0d2a1c128,,ETH,10.0,2026-09-28T05:52:47,0x19627a930b12ca330f92421af7830532db7f260b1c3949bd9927567812a5b1bf,https://etherscan.io/tx/0x19627a930b12ca330f92421af7830532db7f260b1c3949bd9927567812a5b1bf
0x4a777646417b0fd34715d2b21d4a132c06aed330,0x0dac1fb302bc428d8dc272a511e7c2f0d2a1c128,,ETH,12.0,2026-09-28T05:51:11,0xca53a072ea710f7227b8eba7fed564e38e7bba8173bc17cec331bf840f33a203,https://etherscan.io/tx/0xca53a072ea710f7227b8eba7fed564e38e7bba8173bc17cec331bf840f33a203
0x4a777646417b0fd34715d2b21d4a132c06aed330,0x0dac1fb302bc428d8dc272a511e7c2f0d2a1c128,,ETH,11.0,2026-09-28T05:50:47,0x7c8c256ee5d3067c9cfff99332ffbe826271d68f3124f5a42cf8b471f9e1b8a7,https://etherscan.io/tx/0x7c8c256ee5d3067c9cfff99332ffbe826271d68f3124f5a42cf8b471f9e1b8a7
0x4a777646417b0fd34715d2b21d4a132c06aed330,0x328763072e3ce351ec29318df971b534ca45a0f7,,ETH,10.0,2026-09-28T05:50:23,0x049999eb457cc74d4c99e2f8d4f21c938ef9bdbe01193560d9b46c363d6ca0f0,https://etherscan.io/tx/0x049999eb457cc74d4c99e2f8d4f21c938ef9bdbe01193560d9b46c363d6ca0f0
0x4a777646417b0fd34715d2b21d4a132c06aed330,0x328763072e3ce351ec29318df971b534ca45a0f7,,ETH,10.0,2026-09-28T05:49:35,0xdcf2b20415608738326bd2488400f872973321554ac5f164cbc3ab48e3f5b72e,https://etherscan.io/tx/0xdcf2b20415608738326bd2488400f872973321554ac5f164cbc3ab48e3f5b72e
0x4a777646417b0fd34715d2b21d4a132c06aed330,0x328763072e3ce351ec29318df971b534ca45a0f7,,ETH,13.358803,2026-09-28T05:48:23,0x2fe40f59d29da17d14cce5dcb3d2e902a090cd868f99544ab79d89f4929f8833,https://etherscan.io/tx/0x2fe40f59d29da17d14cce5dcb3d2e902a090cd868f99544ab79d89f4929f8833
0x4a777646417b0fd34715d2b21d4a132c06aed330,0x328763072e3ce351ec29318df971b534ca45a0f7,,ETH,10.0,2026-09-28T05:47:47,0x4b39072fd52ac37c050cbf26a81f8e7b4b7f95a20184d7525f9f9451867c80bc,https://etherscan.io/tx/0x4b39072fd52ac37c050cbf26a81f8e7b4b7f95a20184d7525f9f9451867c80bc
0x4a777646417b0fd34715d2b21d4a132c06aed330,0x328763072e3ce351ec29318df971b534ca45a0f7,,ETH,10.0,2026-09-28T05:47:23,0xc31f0e27413bfd97b6ba19120f77eccd53a64a2d692d3b70c0480e484480a873,https://etherscan.io/tx/0xc31f0e27413bfd97b6ba19120f77eccd53a64a2d692d3b70c0480e484480a873
0x4a777646417b0fd34715d2b21d4a132c06aed330,0x0db14a0288f4637f60b46690f1971b756c58a47e,,ETH,11.0,2026-09-28T05:46:59,0x2ffc0fadf07de88c30ae5901d3f595acda93a58fcb13037f7dab8e4040e3bb11,https://etherscan.io/tx/0x2ffc0fadf07de88c30ae5901d3f595acda93a58fcb13037f7dab8e4040e3bb11
0x4a777646417b0fd34715d2b21d4a132c06aed330,0x0db14a0288f4637f60b46690f1971b756c58a47e,,ETH,12.0,2026-09-28T05:46:11,0xf83061c9f3148b57eb341aa2c280473e99bd68c4bf8117733503fe5e4409b3ab,https://etherscan.io/tx/0xf83061c9f3148b57eb341aa2c280473e99bd68c4bf8117733503fe5e4409b3ab
0x4a777646417b0fd34715d2b21d4a132c06aed330,0x0db14a0288f4637f60b46690f1971b756c58a47e,,ETH,10.0,2026-09-28T05:45:47,0x7f2506fec5bc1889ae3a0b2eff24cda83c40871467d375809f0dbada2f9d3e6e,https://etherscan.io/tx/0x7f2506fec5bc1889ae3a0b2eff24cda83c40871467d375809f0dbada2f9d3e6e
0x4a777646417b0fd34715d2b21d4a132c06aed330,0x0db14a0288f4637f60b46690f1971b756c58a47e,,ETH,10.0,2026-09-28T05:44:59,0x350f392359cc81d81a5f797a643c8f4bb8b9d6a0db5a29858eb79576aa182027,https://etherscan.io/tx/0x350f392359cc81d81a5f797a643c8f4bb8b9d6a0db5a29858eb79576aa182027
0x4a777646417b0fd34715d2b21d4a132c06aed330,0x4feb8dd18f442ff67b521b5a5bc4c3824e3288ab,,ETH,10.0,2026-09-28T05:41:47,0xe17d1073bc8aa60e826ec881e2743f7c91a4a054b8663f10248fffba46790d74,https://etherscan.io/tx/0xe17d1073bc8aa60e826ec881e2743f7c91a4a054b8663f10248fffba46790d74
0x4a777646417b0fd34715d2b21d4a132c06aed330,0x4feb8dd18f442ff67b521b5a5bc4c3824e3288ab,,ETH,12.0,2026-09-28T05:39:47,0x1f10763eba001dd78a625f140136ead27bf5689f77141d80a17cf52180dfa42e,https://etherscan.io/tx/0x1f10763eba001dd78a625f140136ead27bf5689f77141d80a17cf52180dfa42e
0x4a777646417b0fd34715d2b21d4a132c06aed330,0x4feb8dd18f442ff67b521b5a5bc4c3824e3288ab,,ETH,13.0,2026-09-28T05:39:23,0x62100683a832e93ab8245fcd4faa1f3a318b1cdb1f34992f93126ee83f3b8c49,https://etherscan.io/tx/0x62100683a832e93ab8245fcd4faa1f3a318b1cdb1f34992f93126ee83f3b8c49
0x4a777646417b0fd34715d2b21d4a132c06aed330,0x4feb8dd18f442ff67b521b5a5bc4c3824e3288ab,,ETH,11.0,2026-09-28T05:39:11,0xc626955a81786d5e30f9f25838519de3949f4dcd26995320352948db439532c8,https://etherscan.io/tx/0xc626955a81786d5e30f9f25838519de3949f4dcd26995320352948db439532c8
0x4a777646417b0fd34715d2b21d4a132c06aed330,0x4feb8dd18f442ff67b521b5a5bc4c3824e3288ab,,ETH,12.0,2026-09-28T05:38:11,0xe0bbf20e70ff367a85383c3a2726eac7ad04e8732987ec73409bf4c999ad72e1,https://etherscan.io/tx/0xe0bbf20e70ff367a85383c3a2726eac7ad04e8732987ec73409bf4c999ad72e1
0x4a777646417b0fd34715d2b21d4a132c06aed330,0x0db14a0288f4637f60b46690f1971b756c58a47e,,ETH,10.0,2026-09-28T05:36:23,0x0a0fff00b24d6c71370a79059721479ff2a571e4eaf7d92919b8017f17927062,https://etherscan.io/tx/0x0a0fff00b24d6c71370a79059721479ff2a571e4eaf7d92919b8017f17927062
0x4a777646417b0fd34715d2b21d4a132c06aed330,0x0db14a0288f4637f60b46690f1971b756c58a47e,,ETH,10.0,2026-09-28T05:35:35,0xa2122e9fffaa69831ce584d5f5720da68e80e60fddae9b8682012bf1cec285d5,https://etherscan.io/tx/0xa2122e9fffaa69831ce584d5f5720da68e80e60fddae9b8682012bf1cec285d5
0x4a777646417b0fd34715d2b21d4a132c06aed330,0x0db14a0288f4637f60b46690f1971b756c58a47e,,ETH,11.0,2026-09-28T05:35:11,0x40d62461e74f8a04c5a14b9f2095ffa4e5b1cfa6f4917949f0e3e6b71702fe83,https://etherscan.io/tx/0x40d62461e74f8a04c5a14b9f2095ffa4e5b1cfa6f4917949f0e3e6b71702fe83
0x4a777646417b0fd34715d2b21d4a132c06aed330,0x0db14a0288f4637f60b46690f1971b756c58a47e,,ETH,10.0,2026-09-28T05:34:23,0xfd75efea1cb7b45f6fef097e28489d91631d9df5c8437d131df6bfd8bf67bbc4,https://etherscan.io/tx/0xfd75efea1cb7b45f6fef097e28489d91631d9df5c8437d131df6bfd8bf67bbc4
0x4a777646417b0fd34715d2b21d4a132c06aed330,0x0db14a0288f4637f60b46690f1971b756c58a47e,,ETH,11.0,2026-09-28T05:31:23,0xd8c7d2ca8fadbd79606991063c299c27b9c118badb88232d648d6f3de01ffbe9,https://etherscan.io/tx/0xd8c7d2ca8fadbd79606991063c299c27b9c118badb88232d648d6f3de01ffbe9
0x4a777646417b0fd34715d2b21d4a132c06aed330,0x0db14a0288f4637f60b46690f1971b756c58a47e,,ETH,10.0,2026-09-28T05:30:59,0xa57bc28c6d7cf34c372eaac8ae2e0263066f250d9c978f6f2cf78bf68fc401db,https://etherscan.io/tx/0xa57bc28c6d7cf34c372eaac8ae2e0263066f250d9c978f6f2cf78bf68fc401db
0x4a777646417b0fd34715d2b21d4a132c06aed330,0x0db14a0288f4637f60b46690f1971b756c58a47e,,ETH,10.0,2026-09-28T05:30:11,0xc650f385aedfb79b6ffbecc783e8cc5632b1af65d98ce47b9363fcb92bedce3d,https://etherscan.io/tx/0xc650f385aedfb79b6ffbecc783e8cc5632b1af65d98ce47b9363fcb92bedce3d
0x4a777646417b0fd34715d2b21d4a132c06aed330,0x0db14a0288f4637f60b46690f1971b756c58a47e,,ETH,11.0,2026-09-28T05:29:23,0xc47c9c8e399ed628ca9bd176c4490480dab0a8559d27f4265d4e47b649c016ff,https://etherscan.io/tx/0xc47c9c8e399ed628ca9bd176c4490480dab0a8559d27f4265d4e47b649c016ff
0x4a777646417b0fd34715d2b21d4a132c06aed330,0x0db14a0288f4637f60b46690f1971b756c58a47e,,ETH,10.0,2026-09-28T05:28:47,0x3d4817f541fb027496b7b2931d27abdaed79b4b63a2db490392779dcf248ea06,https://etherscan.io/tx/0x3d4817f541fb027496b7b2931d27abdaed79b4b63a2db490392779dcf248ea06
0x4a777646417b0fd34715d2b21d4a132c06aed330,0x0db14a0288f4637f60b46690f1971b756c58a47e,,ETH,10.0,2026-09-28T05:27:35,0x2495a107441816c0e804fa05237e40bcd7629b388a2abf5c9bf2e0befed191dd,https://etherscan.io/tx/0x2495a107441816c0e804fa05237e40bcd7629b388a2abf5c9bf2e0befed191dd
0x4a777646417b0fd34715d2b21d4a132c06aed330,0x0db14a0288f4637f60b46690f1971b756c58a47e,,ETH,14.0,2026-09-28T05:26:59,0xa8a3964b5275ee9831963c01794c611169c247cb5b036471b1f3c4ee0ecfb3e3,https://etherscan.io/tx/0xa8a3964b5275ee9831963c01794c611169c247cb5b036471b1f3c4ee0ecfb3e3
0x4a777646417b0fd34715d2b21d4a132c06aed330,0x41c88d3c0eda3f4df0bb4e5d0f4c81cc0232902c,,ETH,13.0,2026-09-28T05:26:35,0xfb1cbc222882e46306fa9045980c2b9c018022fb56374755cb86139c468ecb56,https://etherscan.io/tx/0xfb1cbc222882e46306fa9045980c2b9c018022fb56374755cb86139c468ecb56
0x4a777646417b0fd34715d2b21d4a132c06aed330,0x41c88d3c0eda3f4df0bb4e5d0f4c81cc0232902c,,ETH,12.0,2026-09-28T05:25:35,0xdfd1c8271832d9c4006ee36f6eed10cf2556fac1f8ed48269faf2a2978ba5b73,https://etherscan.io/tx/0xdfd1c8271832d9c4006ee36f6eed10cf2556fac1f8ed48269faf2a2978ba5b73
0x4a777646417b0fd34715d2b21d4a132c06aed330,0x41c88d3c0eda3f4df0bb4e5d0f4c81cc0232902c,,ETH,10.0,2026-09-28T05:24:35,0xf796e3e6d20ab8cc2a4be839bd8dba14660cfeb8d7dfbabe4ecdaa1ad352ada0,https://etherscan.io/tx/0xf796e3e6d20ab8cc2a4be839bd8dba14660cfeb8d7dfbabe4ecdaa1ad352ada0
0x4a777646417b0fd34715d2b21d4a132c06aed330,0x41c88d3c0eda3f4df0bb4e5d0f4c81cc0232902c,,ETH,16.0,2026-09-28T05:24:11,0xdf5c15611265e6bdaeec05a9b8aca20ce9ffef31f29d057a2b25eb10fa8335cf,https://etherscan.io/tx/0xdf5c15611265e6bdaeec05a9b8aca20ce9ffef31f29d057a2b25eb10fa8335cf
0x4a777646417b0fd34715d2b21d4a132c06aed330,0x41c88d3c0eda3f4df0bb4e5d0f4c81cc0232902c,,ETH,15.0,2026-09-28T05:23:23,0x263799199dce5704f51084f7583d6dc492cdf86e4f07eb478aac1ccbb116699e,https://etherscan.io/tx/0x263799199dce5704f51084f7583d6dc492cdf86e4f07eb478aac1ccbb116699e
0x4a777646417b0fd34715d2b21d4a132c06aed330,0x41c88d3c0eda3f4df0bb4e5d0f4c81cc0232902c,,ETH,12.0,2026-09-28T05:22:35,0x46edd305890b431202aa43e54b467402dc40d58c8ed8e853e3dc2ad7d1538acb,https://etherscan.io/tx/0x46edd305890b431202aa43e54b467402dc40d58c8ed8e853e3dc2ad7d1538acb
0x4a777646417b0fd34715d2b21d4a132c06aed330,0x41c88d3c0eda3f4df0bb4e5d0f4c81cc0232902c,,ETH,10.0,2026-09-28T05:22:11,0x6804f9d274379e4facb96d9c645bb4ce52b65adae6776b7986dad69a779db7db,https://etherscan.io/tx/0x6804f9d274379e4facb96d9c645bb4ce52b65adae6776b7986dad69a779db7db
0x4a777646417b0fd34715d2b21d4a132c06aed330,0x41c88d3c0eda3f4df0bb4e5d0f4c81cc0232902c,,ETH,11.0,2026-09-28T05:21:35,0xb8a9bbebe4bf6916002bf5b2f8146936ec4d030ef9e2ad21fa6b56e4888b21e5,https://etherscan.io/tx/0xb8a9bbebe4bf6916002bf5b2f8146936ec4d030ef9e2ad21fa6b56e4888b21e5
0x4a777646417b0fd34715d2b21d4a132c06aed330,0x41c88d3c0eda3f4df0bb4e5d0f4c81cc0232902c,,ETH,10.0,2026-09-28T05:20:35,0xb33960d86a23878a4e946e4884acc0a5f9e93e2753e0e92a8bafa14c3cd2d67b,https://etherscan.io/tx/0xb33960d86a23878a4e946e4884acc0a5f9e93e2753e0e92a8bafa14c3cd2d67b
0x4a777646417b0fd34715d2b21d4a132c06aed330,0x41c88d3c0eda3f4df0bb4e5d0f4c81cc0232902c,,ETH,10.0,2026-09-28T05:19:47,0x1b339be3f0e9c8d2fea5322ec9f1684b0e519cf6984e3b83f9e6f5c920f7d6dd,https://etherscan.io/tx/0x1b339be3f0e9c8d2fea5322ec9f1684b0e519cf6984e3b83f9e6f5c920f7d6dd
0x4a777646417b0fd34715d2b21d4a132c06aed330,0x41c88d3c0eda3f4df0bb4e5d0f4c81cc0232902c,,ETH,11.0,2026-09-28T05:18:59,0x887b1450a3476d499ab3d91dcedd473e84de9988b8b9cb1de3a8b3e5e52dc885,https://etherscan.io/tx/0x887b1450a3476d499ab3d91dcedd473e84de9988b8b9cb1de3a8b3e5e52dc885
0x4a777646417b0fd34715d2b21d4a132c06aed330,0x41c88d3c0eda3f4df0bb4e5d0f4c81cc0232902c,,ETH,10.0,2026-09-28T05:18:23,0xf98e17379f324818714de4838ae1fdfc58d8222cd88e35797ff80d66ed81b4d0,https://etherscan.io/tx/0xf98e17379f324818714de4838ae1fdfc58d8222cd88e35797ff80d66ed81b4d0
0x4a777646417b0fd34715d2b21d4a132c06aed330,0x41c88d3c0eda3f4df0bb4e5d0f4c81cc0232902c,,ETH,12.0,2026-09-28T05:17:23,0x1a308141b0fe650df62323731bfb3e65d127a8965982b4d649e148bb035e4553,https://etherscan.io/tx/0x1a308141b0fe650df62323731bfb3e65d127a8965982b4d649e148bb035e4553
0x4a777646417b0fd34715d2b21d4a132c06aed330,0x41c88d3c0eda3f4df0bb4e5d0f4c81cc0232902c,,ETH,11.0,2026-09-28T05:16:47,0x2286b64185d50a00a646123a0fac40b025d712c466cbb30736a8d5fda9a818fc,https://etherscan.io/tx/0x2286b64185d50a00a646123a0fac40b025d712c466cbb30736a8d5fda9a818fc
0x4a777646417b0fd34715d2b21d4a132c06aed330,0x41c88d3c0eda3f4df0bb4e5d0f4c81cc0232902c,,ETH,10.0,2026-09-28T05:16:11,0x617251ac1787ff3035416a35409a06b745ef2acd957d74c92115f00ade84de21,https://etherscan.io/tx/0x617251ac1787ff3035416a35409a06b745ef2acd957d74c92115f00ade84de21
0x4a777646417b0fd34715d2b21d4a132c06aed330,0x328763072e3ce351ec29318df971b534ca45a0f7,,ETH,20.149139,2026-09-28T04:55:35,0x5116738ca0b34d2b035350c57316ed77aa207d64dc05aff9b7e9c6695cb8b31a,https://etherscan.io/tx/0x5116738ca0b34d2b035350c57316ed77aa207d64dc05aff9b7e9c6695cb8b31a
0x4a777646417b0fd34715d2b21d4a132c06aed330,0x328763072e3ce351ec29318df971b534ca45a0f7,,ETH,11.0,2026-09-28T04:54:59,0xa5880c920046a208514651ab8d9574a71828883890b5472ac144fbc2264acde4,https://etherscan.io/tx/0xa5880c920046a208514651ab8d9574a71828883890b5472ac144fbc2264acde4
0x4a777646417b0fd34715d2b21d4a132c06aed330,0x328763072e3ce351ec29318df971b534ca45a0f7,,ETH,20.0,2026-09-28T04:53:59,0x53b39cc0a602d6e348afb43a1d7b2abefc874ee4a5f250346c3e8264cf81c8d8,https://etherscan.io/tx/0x53b39cc0a602d6e348afb43a1d7b2abefc874ee4a5f250346c3e8264cf81c8d8
0x4a777646417b0fd34715d2b21d4a132c06aed330,0x328763072e3ce351ec29318df971b534ca45a0f7,,ETH,10.0,2026-09-28T04:53:23,0x85d00b4888cf10b7b68436639dcc337a06f54dfb78f2744d28de867ccee73119,https://etherscan.io/tx/0x85d00b4888cf10b7b68436639dcc337a06f54dfb78f2744d28de867ccee73119
0x4a777646417b0fd34715d2b21d4a132c06aed330,0x0db14a0288f4637f60b46690f1971b756c58a47e,,ETH,14.0,2026-09-28T04:51:11,0xfafe8e62249eadcd56fd59df306a697b59369e819f11e5c5a49bc933d5f50446,https://etherscan.io/tx/0xfafe8e62249eadcd56fd59df306a697b59369e819f11e5c5a49bc933d5f50446
0x4a777646417b0fd34715d2b21d4a132c06aed330,0x0db14a0288f4637f60b46690f1971b756c58a47e,,ETH,15.0,2026-09-28T04:50:35,0x518405e3672dc9c300819d5071fa0acb2cffbebc35c5dfe341ba223d36458d88,https://etherscan.io/tx/0x518405e3672dc9c300819d5071fa0acb2cffbebc35c5dfe341ba223d36458d88
0x4a777646417b0fd34715d2b21d4a132c06aed330,0x0db14a0288f4637f60b46690f1971b756c58a47e,,ETH,10.0,2026-09-28T04:50:11,0xc3e6876a234e0a8ce741ca99515bbf5bbc1400deb037724fbfd2571190af54ea,https://etherscan.io/tx/0xc3e6876a234e0a8ce741ca99515bbf5bbc1400deb037724fbfd2571190af54ea
0x4a777646417b0fd34715d2b21d4a132c06aed330,0x0db14a0288f4637f60b46690f1971b756c58a47e,,ETH,10.0,2026-09-28T04:49:23,0x256c69ad9f7a85b6986a4ecdd1b24804f157cc4991cbd8775d82eed0801b8fc3,https://etherscan.io/tx/0x256c69ad9f7a85b6986a4ecdd1b24804f157cc4991cbd8775d82eed0801b8fc3
0x4a777646417b0fd34715d2b21d4a132c06aed330,0x0db14a0288f4637f60b46690f1971b756c58a47e,,ETH,11.0,2026-09-28T04:48:47,0x98bcebef998dcc979dc2082fcdd2e6db7fef6590bfffa95bd3c2600051edf027,https://etherscan.io/tx/0x98bcebef998dcc979dc2082fcdd2e6db7fef6590bfffa95bd3c2600051edf027
0x4a777646417b0fd34715d2b21d4a132c06aed330,0x0db14a0288f4637f60b46690f1971b756c58a47e,,ETH,13.0,2026-09-28T04:48:11,0x8da5d4ddb56ce08a6752ef5bbb969043dbe228d3c571ee99d4d3fda237b463e3,https://etherscan.io/tx/0x8da5d4ddb56ce08a6752ef5bbb969043dbe228d3c571ee99d4d3fda237b463e3
0x4a777646417b0fd34715d2b21d4a132c06aed330,0x4feb8dd18f442ff67b521b5a5bc4c3824e3288ab,,ETH,11.0,2026-09-28T04:44:47,0x05d010deb0aa24071db635d81b5864d34a9e492984797cde3a1b82a609208708,https://etherscan.io/tx/0x05d010deb0aa24071db635d81b5864d34a9e492984797cde3a1b82a609208708
0x4a777646417b0fd34715d2b21d4a132c06aed330,0x4feb8dd18f442ff67b521b5a5bc4c3824e3288ab,,ETH,12.0,2026-09-28T04:43:59,0x4933c57c7d257bb73cbd52c87ca1da128a97e8fb3dbf4d421f8663cd9a04f639,https://etherscan.io/tx/0x4933c57c7d257bb73cbd52c87ca1da128a97e8fb3dbf4d421f8663cd9a04f639
0x4a777646417b0fd34715d2b21d4a132c06aed330,0x4feb8dd18f442ff67b521b5a5bc4c3824e3288ab,,ETH,11.0,2026-09-28T04:42:59,0xf40184516d6181793a2fe149fa0eaba1b9680a4154bdf6d7aad9a4a41678fe49,https://etherscan.io/tx/0xf40184516d6181793a2fe149fa0eaba1b9680a4154bdf6d7aad9a4a41678fe49
0x4a777646417b0fd34715d2b21d4a132c06aed330,0x0db14a0288f4637f60b46690f1971b756c58a47e,,ETH,10.0,2026-09-28T04:41:23,0xb30a904849e24fbbdb8844c83471eaeea15f3670da02e6c42eb94cef8c056174,https://etherscan.io/tx/0xb30a904849e24fbbdb8844c83471eaeea15f3670da02e6c42eb94cef8c056174
0x4a777646417b0fd34715d2b21d4a132c06aed330,0x0db14a0288f4637f60b46690f1971b756c58a47e,,ETH,11.0,2026-09-28T04:40:35,0x9c7c39dc6a4247e5577c1e4d0cb64f25960a9b1ab6e4203e9f9918232ac9d4f1,https://etherscan.io/tx/0x9c7c39dc6a4247e5577c1e4d0cb64f25960a9b1ab6e4203e9f9918232ac9d4f1
0x4a777646417b0fd34715d2b21d4a132c06aed330,0x0db14a0288f4637f60b46690f1971b756c58a47e,,ETH,13.0,2026-09-28T04:39:35,0x72832ae0b555fbb1923096222ff15d7a3e4e4dd9c568eb464181436adba5d170,https://etherscan.io/tx/0x72832ae0b555fbb1923096222ff15d7a3e4e4dd9c568eb464181436adba5d170
0x4a777646417b0fd34715d2b21d4a132c06aed330,0x0db14a0288f4637f60b46690f1971b756c58a47e,,ETH,12.0,2026-09-28T04:38:47,0xb96c4956683ab95351877048e984db1d6cddecbda881309cad6b171767dfb9ab,https://etherscan.io/tx/0xb96c4956683ab95351877048e984db1d6cddecbda881309cad6b171767dfb9ab
0x4a777646417b0fd34715d2b21d4a132c06aed330,0x4feb8dd18f442ff67b521b5a5bc4c3824e3288ab,,ETH,11.0,2026-09-28T04:37:59,0x616cfa53e257cc66ea9c06c807e8bfd391205e677e471ffe1c36eb5dfb457c43,https://etherscan.io/tx/0x616cfa53e257cc66ea9c06c807e8bfd391205e677e471ffe1c36eb5dfb457c43
0x4a777646417b0fd34715d2b21d4a132c06aed330,0x4feb8dd18f442ff67b521b5a5bc4c3824e3288ab,,ETH,10.0,2026-09-28T04:36:47,0x762ab0631e8424531837721e70d56c4d04530f925d53d807bd3df74463a7d5f5,https://etherscan.io/tx/0x762ab0631e8424531837721e70d56c4d04530f925d53d807bd3df74463a7d5f5
0x4a777646417b0fd34715d2b21d4a132c06aed330,0xfb2dc580eed955b528407b4d36ffafe3da685401,Umbra,ETH,151.0,2026-09-28T03:31:11,0x6399836e9149fa5cd5231582c1f076d92d8101f95b4473c85d1376b206e27630,https://etherscan.io/tx/0x6399836e9149fa5cd5231582c1f076d92d8101f95b4473c85d1376b206e27630
0x4a777646417b0fd34715d2b21d4a132c06aed330,0xacddac6c77318b615f7f6fb9bb67c6833e9c05f1,LZMultiCall,ETH,10.000204,2026-09-28T02:25:47,0x80b266c7969d746f395e7f20bacd22e3fa5b473ffd5180225b43819273a614d1,https://etherscan.io/tx/0x80b266c7969d746f395e7f20bacd22e3fa5b473ffd5180225b43819273a614d1
0x4a777646417b0fd34715d2b21d4a132c06aed330,0xa19820d9db8c7d015ef75f612b52e0ecc7347779,,ETH,20.0,2026-09-27T18:44:11,0x79d1281f179b9415428a2187fb91f675fc9dd5edf03f72d2d954ca361d300452,https://etherscan.io/tx/0x79d1281f179b9415428a2187fb91f675fc9dd5edf03f72d2d954ca361d300452
0x4a777646417b0fd34715d2b21d4a132c06aed330,0xacddac6c77318b615f7f6fb9bb67c6833e9c05f1,LZMultiCall,ETH,160.00021,2026-09-27T15:18:35,0xa9027709c157c05201511a4aaadf440eefaf9783f2fe28caf7c8c95b3828d92b,https://etherscan.io/tx/0xa9027709c157c05201511a4aaadf440eefaf9783f2fe28caf7c8c95b3828d92b
0x4a777646417b0fd34715d2b21d4a132c06aed330,0xacddac6c77318b615f7f6fb9bb67c6833e9c05f1,LZMultiCall,ETH,55.000204,2026-09-27T14:32:23,0xad2656f7f0dc47dda32b6a180c3b22cfcf5e714c37a2c8c62627f59b25cc6acc,https://etherscan.io/tx/0xad2656f7f0dc47dda32b6a180c3b22cfcf5e714c37a2c8c62627f59b25cc6acc
0x4a777646417b0fd34715d2b21d4a132c06aed330,0xacddac6c77318b615f7f6fb9bb67c6833e9c05f1,LZMultiCall,ETH,55.000204,2026-09-27T14:27:47,0xd3d94bfc1ec3372dabcd8bed95e423c7bd8a61cefa15635f06faff0956f52410,https://etherscan.io/tx/0xd3d94bfc1ec3372dabcd8bed95e423c7bd8a61cefa15635f06faff0956f52410
0x4a777646417b0fd34715d2b21d4a132c06aed330,0xacddac6c77318b615f7f6fb9bb67c6833e9c05f1,LZMultiCall,ETH,50.000204,2026-09-27T14:21:35,0x20b19e7a443a6c15118c59e1e7ce7f5fcc87ff3000ff200d48cddc238497276b,https://etherscan.io/tx/0x20b19e7a443a6c15118c59e1e7ce7f5fcc87ff3000ff200d48cddc238497276b
0xa19820d9db8c7d015ef75f612b52e0ecc7347779,0x4a777646417b0fd34715d2b21d4a132c06aed330,,ETH,19.99999,2026-09-27T18:47:23,0x3690ab2e640e86d2a120bfed18568cd82a2743bd81c8cb84edf376751b35b54a,https://etherscan.io/tx/0x3690ab2e640e86d2a120bfed18568cd82a2743bd81c8cb84edf376751b35b54a
0xb55cbbb58f8c040bd3a06c065d99f9fd5d6a4193,0x4a777646417b0fd34715d2b21d4a132c06aed330,,ETH,0.298594,2026-09-28T12:38:11,0xc6f68e90e37bdbb2d5fb1add7889d7853f14ead5fc0e5dfa4f0d5467ba87788d,https://etherscan.io/tx/0xc6f68e90e37bdbb2d5fb1add7889d7853f14ead5fc0e5dfa4f0d5467ba87788d
0xb55cbbb58f8c040bd3a06c065d99f9fd5d6a4193,0x4a777646417b0fd34715d2b21d4a132c06aed330,,ETH,50.0,2026-09-28T12:31:35,0x7459fa46fd2483021fe1398b902b9a7f0ecf95bdf423a2913ed098fcf486604e,https://etherscan.io/tx/0x7459fa46fd2483021fe1398b902b9a7f0ecf95bdf423a2913ed098fcf486604e
0xb55cbbb58f8c040bd3a06c065d99f9fd5d6a4193,0xc02aaa39b223fe8d0a0e5c4f27ead9083c756cc2,WETH9,ETH,49.997139,2026-09-28T11:34:47,0xa5610ed802cce9e28cbe33e98291a44518dd518664680e6559b16b4ff74e69a6,https://etherscan.io/tx/0xa5610ed802cce9e28cbe33e98291a44518dd518664680e6559b16b4ff74e69a6
0xb55cbbb58f8c040bd3a06c065d99f9fd5d6a4193,0x2b3547a21e84e55a9f029d45383c64e1c5ff0d8c,contract,WETH,49.997139,2026-09-28T11:35:11,0xe77fe5993efaca0806d0b165e2a03b6ee341949f04776347c17557e88e3ec753,https://etherscan.io/tx/0xe77fe5993efaca0806d0b165e2a03b6ee341949f04776347c17557e88e3ec753
0x5648b985f91616470edf7bba8775a3a5f7caf70c,0x865d5600118703043d03b5285969fd5077ea6715,,ETH,158.87,2026-09-28T14:03:11,0x90b097be2883ca79657f77c44c88343042f3a6ba7fd435696362499d7efbb514,https://etherscan.io/tx/0x90b097be2883ca79657f77c44c88343042f3a6ba7fd435696362499d7efbb514
0x5648b985f91616470edf7bba8775a3a5f7caf70c,0xd9154200c6a4ec3bab1e4a36a98a9346d800b424,,ETH,1.078,2026-09-28T13:36:47,0xf22aafd0c4ebb01484ece463bd3a5c3072a130d4872a657cbf406df967b2c031,https://etherscan.io/tx/0xf22aafd0c4ebb01484ece463bd3a5c3072a130d4872a657cbf406df967b2c031
0x5648b985f91616470edf7bba8775a3a5f7caf70c,0xa04620dc5d0aac18af64363847be9ab762f608bf,,ETH,365.4,2026-09-28T13:31:23,0x895fda3f3002b65eee4c23ae6a2abb12853bb9fa9b2d24a68723f7fa4ecf3652,https://etherscan.io/tx/0x895fda3f3002b65eee4c23ae6a2abb12853bb9fa9b2d24a68723f7fa4ecf3652
0x5648b985f91616470edf7bba8775a3a5f7caf70c,0xd9154200c6a4ec3bab1e4a36a98a9346d800b424,,ETH,0.4734,2026-09-28T13:29:23,0x202710e91eecf4675a8242444c2f5cd5b4f4b15b88891c11a89feb6bfe2f9d96,https://etherscan.io/tx/0x202710e91eecf4675a8242444c2f5cd5b4f4b15b88891c11a89feb6bfe2f9d96
0x5648b985f91616470edf7bba8775a3a5f7caf70c,0x865d5600118703043d03b5285969fd5077ea6715,,ETH,159.14,2026-09-28T13:00:35,0x8a755f0dc83469c54b03492502b0dac7cb00c90cfd55f379968adf21231c1faa,https://etherscan.io/tx/0x8a755f0dc83469c54b03492502b0dac7cb00c90cfd55f379968adf21231c1faa
0x5648b985f91616470edf7bba8775a3a5f7caf70c,0xd9154200c6a4ec3bab1e4a36a98a9346d800b424,,ETH,0.6997,2026-09-28T12:49:35,0x1098802ab2e20d8cf432d41c5f96ba63a6236f59c4594453b1d798b648d50326,https://etherscan.io/tx/0x1098802ab2e20d8cf432d41c5f96ba63a6236f59c4594453b1d798b648d50326
0x5648b985f91616470edf7bba8775a3a5f7caf70c,0xa04620dc5d0aac18af64363847be9ab762f608bf,,ETH,234.81,2026-09-28T12:39:11,0x925cb7fe46b19a085da6a6e71e5eb6134ecbe3772e6fb47b64a5a6e8ea3a11db,https://etherscan.io/tx/0x925cb7fe46b19a085da6a6e71e5eb6134ecbe3772e6fb47b64a5a6e8ea3a11db
0x5648b985f91616470edf7bba8775a3a5f7caf70c,0xd9154200c6a4ec3bab1e4a36a98a9346d800b424,,ETH,0.683,2026-09-28T11:31:11,0xfd37959ed4b0abef83c73adb5f2610374676f2cf3efe231d091978eee07689bb,https://etherscan.io/tx/0xfd37959ed4b0abef83c73adb5f2610374676f2cf3efe231d091978eee07689bb
0x5648b985f91616470edf7bba8775a3a5f7caf70c,0xa04620dc5d0aac18af64363847be9ab762f608bf,,ETH,230.62,2026-09-28T04:57:11,0x57a434de7b896cb48c720892a857a4d6c5076b2e40eba3a9153e803f94b1ae65,https://etherscan.io/tx/0x57a434de7b896cb48c720892a857a4d6c5076b2e40eba3a9153e803f94b1ae65
0x5648b985f91616470edf7bba8775a3a5f7caf70c,0xd9154200c6a4ec3bab1e4a36a98a9346d800b424,,ETH,0.3263,2026-09-27T21:03:59,0xfb03468fdb858565a080d3890d51ebb0fc2aa5f133ce377037b40da55dd83d45,https://etherscan.io/tx/0xfb03468fdb858565a080d3890d51ebb0fc2aa5f133ce377037b40da55dd83d45
0x5648b985f91616470edf7bba8775a3a5f7caf70c,0xa04620dc5d0aac18af64363847be9ab762f608bf,,ETH,109.7,2026-09-27T19:56:59,0x1e0a9d82f509cc16a9d63c4d827aa9a23173ad877c6da6d40f00fe8c8ea2a214,https://etherscan.io/tx/0x1e0a9d82f509cc16a9d63c4d827aa9a23173ad877c6da6d40f00fe8c8ea2a214
0x5648b985f91616470edf7bba8775a3a5f7caf70c,0xd9154200c6a4ec3bab1e4a36a98a9346d800b424,,ETH,0.5582,2026-09-27T19:49:59,0x9f77bbe3464b954c282c42b11d1b4301e4f8dc438685b0581ed5a9db3fc06cea,https://etherscan.io/tx/0x9f77bbe3464b954c282c42b11d1b4301e4f8dc438685b0581ed5a9db3fc06cea
0x5648b985f91616470edf7bba8775a3a5f7caf70c,0xa04620dc5d0aac18af64363847be9ab762f608bf,,ETH,120.94,2026-09-27T19:34:23,0x60d990a6492901419802d63cc26bd0bd991fd4b8a3c7c6864c1c0f3ce1e1d995,https://etherscan.io/tx/0x60d990a6492901419802d63cc26bd0bd991fd4b8a3c7c6864c1c0f3ce1e1d995
0x5648b985f91616470edf7bba8775a3a5f7caf70c,0xa04620dc5d0aac18af64363847be9ab762f608bf,,ETH,67.64,2026-09-27T18:48:35,0x4798e95f6850c6e5782391abb069f3a52428280f55ec858b73ffc79509ac722e,https://etherscan.io/tx/0x4798e95f6850c6e5782391abb069f3a52428280f55ec858b73ffc79509ac722e
0x5648b985f91616470edf7bba8775a3a5f7caf70c,0xd9154200c6a4ec3bab1e4a36a98a9346d800b424,,ETH,1.6181,2026-09-27T18:46:11,0x29522a76688a6eebf5cb99337afe5ba26eebbf0960f474dc90a60db1562cd5f3,https://etherscan.io/tx/0x29522a76688a6eebf5cb99337afe5ba26eebbf0960f474dc90a60db1562cd5f3
0x5648b985f91616470edf7bba8775a3a5f7caf70c,0xa04620dc5d0aac18af64363847be9ab762f608bf,,ETH,232.28,2026-09-27T18:32:59,0xf65c11bfc9852b2f864af6545f5f58f937e8f0742b8e61b501fb25c4179016ab,https://etherscan.io/tx/0xf65c11bfc9852b2f864af6545f5f58f937e8f0742b8e61b501fb25c4179016ab
0x5648b985f91616470edf7bba8775a3a5f7caf70c,0xa04620dc5d0aac18af64363847be9ab762f608bf,,ETH,182.84,2026-09-27T18:24:35,0xfbca0f48a32992af20f02abe7253f1a7154520b96f1c1210a6d3965a2c6a30ef,https://etherscan.io/tx/0xfbca0f48a32992af20f02abe7253f1a7154520b96f1c1210a6d3965a2c6a30ef
0x5648b985f91616470edf7bba8775a3a5f7caf70c,0xa04620dc5d0aac18af64363847be9ab762f608bf,,ETH,132.2,2026-09-27T17:54:23,0x825b4e093d175340e74341d462d90b9efee42b52c3adb719d89c43ac2a77cbd6,https://etherscan.io/tx/0x825b4e093d175340e74341d462d90b9efee42b52c3adb719d89c43ac2a77cbd6
0x5648b985f91616470edf7bba8775a3a5f7caf70c,0xd9154200c6a4ec3bab1e4a36a98a9346d800b424,,ETH,1.3999,2026-09-27T17:41:23,0x2e1000b42242669795607d60daf85d2d2f5196267e8fce8f1cb38858df552fce,https://etherscan.io/tx/0x2e1000b42242669795607d60daf85d2d2f5196267e8fce8f1cb38858df552fce
0x5648b985f91616470edf7bba8775a3a5f7caf70c,0xa04620dc5d0aac18af64363847be9ab762f608bf,,ETH,280.05,2026-09-27T17:24:35,0x5f82f251adcc9d3e9ba0cf7f8084e440c1e0c13128944bb3af4ca5b3c7d55803,https://etherscan.io/tx/0x5f82f251adcc9d3e9ba0cf7f8084e440c1e0c13128944bb3af4ca5b3c7d55803
0x5648b985f91616470edf7bba8775a3a5f7caf70c,0xa04620dc5d0aac18af64363847be9ab762f608bf,,ETH,192.65,2026-09-27T17:12:59,0x718f881477d09ebdfa3f998659fedd169595f12a472dbb2d53573959722d380d,https://etherscan.io/tx/0x718f881477d09ebdfa3f998659fedd169595f12a472dbb2d53573959722d380d
0x5648b985f91616470edf7bba8775a3a5f7caf70c,0xd9154200c6a4ec3bab1e4a36a98a9346d800b424,,ETH,1.4693,2026-09-27T16:07:35,0x25ccd73840a6dc5702049c9d5f3ef60d5e5c7c72e8cf9923df35cef1745fd150,https://etherscan.io/tx/0x25ccd73840a6dc5702049c9d5f3ef60d5e5c7c72e8cf9923df35cef1745fd150
0x5648b985f91616470edf7bba8775a3a5f7caf70c,0xa04620dc5d0aac18af64363847be9ab762f608bf,,ETH,162.65,2026-09-27T16:06:23,0xbd46bbcf1a3dedf12b61c242038e066f7efa3827feb60965fbf22a827d692a30,https://etherscan.io/tx/0xbd46bbcf1a3dedf12b61c242038e066f7efa3827feb60965fbf22a827d692a30
0x5648b985f91616470edf7bba8775a3a5f7caf70c,0xa04620dc5d0aac18af64363847be9ab762f608bf,,ETH,113.3,2026-09-27T15:38:35,0xb451d312516216c0d038eeea027a5d0a63a4b3f230e8a17c700c61bca781f720,https://etherscan.io/tx/0xb451d312516216c0d038eeea027a5d0a63a4b3f230e8a17c700c61bca781f720
0x5648b985f91616470edf7bba8775a3a5f7caf70c,0xa04620dc5d0aac18af64363847be9ab762f608bf,,ETH,116.8,2026-09-27T15:21:35,0xcfde7b912de7d47f9bbc8447aa3f05a6bb7c92eaf6d651e77c48fab681cee27f,https://etherscan.io/tx/0xcfde7b912de7d47f9bbc8447aa3f05a6bb7c92eaf6d651e77c48fab681cee27f
0x5648b985f91616470edf7bba8775a3a5f7caf70c,0xa04620dc5d0aac18af64363847be9ab762f608bf,,ETH,107.41,2026-09-27T14:53:47,0x0457239ae92c8e95b619ed7e924bb9c1449f36f03b80b0081a0000fbb5db263e,https://etherscan.io/tx/0x0457239ae92c8e95b619ed7e924bb9c1449f36f03b80b0081a0000fbb5db263e
0x5648b985f91616470edf7bba8775a3a5f7caf70c,0xd9154200c6a4ec3bab1e4a36a98a9346d800b424,,ETH,0.897,2026-09-27T14:32:59,0x764b2adf560be46b56761d86b800f25b622557d57a61b1d794ffebe56dd110fd,https://etherscan.io/tx/0x764b2adf560be46b56761d86b800f25b622557d57a61b1d794ffebe56dd110fd
0x5648b985f91616470edf7bba8775a3a5f7caf70c,0xa04620dc5d0aac18af64363847be9ab762f608bf,,ETH,139.7,2026-09-27T14:27:47,0x5a188162c7ab7b26630f08b58a2921b1764dea88cc0efd0205bda78b3ee200f6,https://etherscan.io/tx/0x5a188162c7ab7b26630f08b58a2921b1764dea88cc0efd0205bda78b3ee200f6
0x5648b985f91616470edf7bba8775a3a5f7caf70c,0xa04620dc5d0aac18af64363847be9ab762f608bf,,ETH,163.0,2026-09-27T14:20:59,0x1f8cb62f9c522c6f60fbad8e0b99435c0ff364521c9a1512350f7f8c13e096f3,https://etherscan.io/tx/0x1f8cb62f9c522c6f60fbad8e0b99435c0ff364521c9a1512350f7f8c13e096f3
0x5648b985f91616470edf7bba8775a3a5f7caf70c,0xd9154200c6a4ec3bab1e4a36a98a9346d800b424,,ETH,0.4156,2026-09-27T14:04:23,0x1313c5a69dad656b32a79e0a20fc3a3c5ca325bcabda3e731e135dcb05a3f217,https://etherscan.io/tx/0x1313c5a69dad656b32a79e0a20fc3a3c5ca325bcabda3e731e135dcb05a3f217
0x5648b985f91616470edf7bba8775a3a5f7caf70c,0xa04620dc5d0aac18af64363847be9ab762f608bf,,ETH,138.15,2026-09-27T14:03:23,0xa1e0614b77574ecdc037a5ea030b2737591ec04dc165a44f8a2c6733cd504afa,https://etherscan.io/tx/0xa1e0614b77574ecdc037a5ea030b2737591ec04dc165a44f8a2c6733cd504afa
0x5648b985f91616470edf7bba8775a3a5f7caf70c,0xd9154200c6a4ec3bab1e4a36a98a9346d800b424,,ETH,0.3398,2026-09-27T13:51:47,0x18269f0d281826ffad5a1f83733ebcc332e514d1c6d59f11abcccd9845ec2382,https://etherscan.io/tx/0x18269f0d281826ffad5a1f83733ebcc332e514d1c6d59f11abcccd9845ec2382
0x5648b985f91616470edf7bba8775a3a5f7caf70c,0xa04620dc5d0aac18af64363847be9ab762f608bf,,ETH,116.32,2026-09-27T13:46:11,0xeede3aa8ae899533591f2374e16bc83fddf8f246811a10673a9aedf4e020c662,https://etherscan.io/tx/0xeede3aa8ae899533591f2374e16bc83fddf8f246811a10673a9aedf4e020c662
0x5648b985f91616470edf7bba8775a3a5f7caf70c,0xd9154200c6a4ec3bab1e4a36a98a9346d800b424,,ETH,0.422768,2026-09-27T13:38:11,0xd2c7700fd3377e404ec9b06d195c36c3b92dbdde4149562395359397cc1cb9b3,https://etherscan.io/tx/0xd2c7700fd3377e404ec9b06d195c36c3b92dbdde4149562395359397cc1cb9b3
0x5648b985f91616470edf7bba8775a3a5f7caf70c,0xa04620dc5d0aac18af64363847be9ab762f608bf,,ETH,143.72,2026-09-27T13:36:59,0x12245ed1efa59ceabf05faa77eb85e7d4f7453d0e3248179933041271f168ab0,https://etherscan.io/tx/0x12245ed1efa59ceabf05faa77eb85e7d4f7453d0e3248179933041271f168ab0
0x5648b985f91616470edf7bba8775a3a5f7caf70c,0xd9154200c6a4ec3bab1e4a36a98a9346d800b424,,ETH,0.919363,2026-09-27T13:27:23,0xe17f6644a470b5aa01986b8bb94cfadb3014fceeca092699793a34b9c002f5a0,https://etherscan.io/tx/0xe17f6644a470b5aa01986b8bb94cfadb3014fceeca092699793a34b9c002f5a0
0x5648b985f91616470edf7bba8775a3a5f7caf70c,0xa04620dc5d0aac18af64363847be9ab762f608bf,,ETH,306.89,2026-09-27T13:25:35,0x9c9cc2265a377e4e5a237b7e12ceb46a8086e97c8fa8da9aca16111c5e54b04e,https://etherscan.io/tx/0x9c9cc2265a377e4e5a237b7e12ceb46a8086e97c8fa8da9aca16111c5e54b04e
0x5648b985f91616470edf7bba8775a3a5f7caf70c,0xd9154200c6a4ec3bab1e4a36a98a9346d800b424,,ETH,0.4284,2026-09-27T12:57:47,0xc505d38ef7ef213ce759f34c99a36f4ac5b2239b81cd31905392dd6c77f9de92,https://etherscan.io/tx/0xc505d38ef7ef213ce759f34c99a36f4ac5b2239b81cd31905392dd6c77f9de92
0x5648b985f91616470edf7bba8775a3a5f7caf70c,0xa04620dc5d0aac18af64363847be9ab762f608bf,,ETH,112.05,2026-09-27T12:35:35,0x33d433ec6dd0a9dadd1368ff196c732cb96ed2f8c3f9deca845acfde05c83bd3,https://etherscan.io/tx/0x33d433ec6dd0a9dadd1368ff196c732cb96ed2f8c3f9deca845acfde05c83bd3
0x5648b985f91616470edf7bba8775a3a5f7caf70c,0xa04620dc5d0aac18af64363847be9ab762f608bf,,ETH,31.79,2026-09-27T11:34:35,0xd2e554a56617b43dc07200fbbd823cd7a43698ed99002bf9494261b11bcf4915,https://etherscan.io/tx/0xd2e554a56617b43dc07200fbbd823cd7a43698ed99002bf9494261b11bcf4915
0xa04620dc5d0aac18af64363847be9ab762f608bf,0xfa406e19f2c8e5fcfbe3be214049f39a0f043f02,,ETH,100.0,2026-09-28T13:35:23,0x1631706f414879f915342007dd853bce7ee6b3d421a92705834af98ac330e71b,https://etherscan.io/tx/0x1631706f414879f915342007dd853bce7ee6b3d421a92705834af98ac330e71b
0xa04620dc5d0aac18af64363847be9ab762f608bf,0xbc7c0f10eb697dbe156b0b62ef77a9bd2573757e,,ETH,135.0,2026-09-28T13:19:23,0xc399b8a3544098f70f9610c6a8357d0715f8a54ac048dde77b7e6caae5b65421,https://etherscan.io/tx/0xc399b8a3544098f70f9610c6a8357d0715f8a54ac048dde77b7e6caae5b65421
0xa04620dc5d0aac18af64363847be9ab762f608bf,0x629561ef022a19c605a8a6d72bc20021c2806fe9,,ETH,100.0,2026-09-28T13:04:23,0xbba2fb12c43329653c6c4285a33cd967c4c46d06aa9e1944f170701e8fb699d1,https://etherscan.io/tx/0xbba2fb12c43329653c6c4285a33cd967c4c46d06aa9e1944f170701e8fb699d1
0xa04620dc5d0aac18af64363847be9ab762f608bf,0xbc7c0f10eb697dbe156b0b62ef77a9bd2573757e,,ETH,380.0,2026-09-28T11:25:23,0x5347b558d5b395890df73273ad655ac59e641481dcac0d3d160cc6eb393cb6ee,https://etherscan.io/tx/0x5347b558d5b395890df73273ad655ac59e641481dcac0d3d160cc6eb393cb6ee
0xa04620dc5d0aac18af64363847be9ab762f608bf,0x5c768bf29923f221bba75f2f3baab32d793eaea0,,ETH,200.0,2026-09-28T05:09:59,0xe66db5a0b2054e4603ad5445462ceab8989a571cd075511fc818680558d8c3dd,https://etherscan.io/tx/0xe66db5a0b2054e4603ad5445462ceab8989a571cd075511fc818680558d8c3dd
0xa04620dc5d0aac18af64363847be9ab762f608bf,0x944f912055ed2a1096f71fd16e89631de6422edf,,ETH,200.0,2026-09-28T04:57:59,0xf1d3924aaf1324b36700c79c46b21a620513f03fb2d23dde7d12a31f5ac70e41,https://etherscan.io/tx/0xf1d3924aaf1324b36700c79c46b21a620513f03fb2d23dde7d12a31f5ac70e41
0xa04620dc5d0aac18af64363847be9ab762f608bf,0xbc7c0f10eb697dbe156b0b62ef77a9bd2573757e,,ETH,1.0,2026-09-27T20:11:23,0x0c75c41a1a0efc7c8f8bdd10d43ad53abd89485642a558dbc29d46983c6a7799,https://etherscan.io/tx/0x0c75c41a1a0efc7c8f8bdd10d43ad53abd89485642a558dbc29d46983c6a7799
0xa04620dc5d0aac18af64363847be9ab762f608bf,0xbc7c0f10eb697dbe156b0b62ef77a9bd2573757e,,ETH,120.93989,2026-09-27T19:40:11,0x2104e5520373ac088a81037289571205747585cb69f59ed9e14ee79ff27ee81c,https://etherscan.io/tx/0x2104e5520373ac088a81037289571205747585cb69f59ed9e14ee79ff27ee81c
0xa04620dc5d0aac18af64363847be9ab762f608bf,0xbc7c0f10eb697dbe156b0b62ef77a9bd2573757e,,ETH,67.63999,2026-09-27T18:49:47,0xd1d572336cb2b5d2b96f55a34f4872ab8f6daab6d8f27753fd1e2eb026f4be5e,https://etherscan.io/tx/0xd1d572336cb2b5d2b96f55a34f4872ab8f6daab6d8f27753fd1e2eb026f4be5e
0xa04620dc5d0aac18af64363847be9ab762f608bf,0xbc7c0f10eb697dbe156b0b62ef77a9bd2573757e,,ETH,232.279992,2026-09-27T18:34:11,0x7008ef5f889ede4d9ea6e6ad3f81deefd8624cd2aa9d450380fe8c4865233d75,https://etherscan.io/tx/0x7008ef5f889ede4d9ea6e6ad3f81deefd8624cd2aa9d450380fe8c4865233d75
0xa04620dc5d0aac18af64363847be9ab762f608bf,0xbc7c0f10eb697dbe156b0b62ef77a9bd2573757e,,ETH,182.83999,2026-09-27T18:25:35,0x3ee3c46046a1199daed1d702d487ae09154e6f63eef23bde91fdc478853b4999,https://etherscan.io/tx/0x3ee3c46046a1199daed1d702d487ae09154e6f63eef23bde91fdc478853b4999
0xa04620dc5d0aac18af64363847be9ab762f608bf,0xbc7c0f10eb697dbe156b0b62ef77a9bd2573757e,,ETH,196.077877,2026-09-27T17:57:35,0x216a85075d492dd089640d98e182cf717be44b319373cdbfa4722f4e9de962fa,https://etherscan.io/tx/0x216a85075d492dd089640d98e182cf717be44b319373cdbfa4722f4e9de962fa
0xa04620dc5d0aac18af64363847be9ab762f608bf,0xbc7c0f10eb697dbe156b0b62ef77a9bd2573757e,,ETH,280.050016,2026-09-27T17:33:35,0x35019ce07a6aeafb54eac12945017b3d9763a91ad1fcf24d8f6126cc8abdf0e4,https://etherscan.io/tx/0x35019ce07a6aeafb54eac12945017b3d9763a91ad1fcf24d8f6126cc8abdf0e4
0xa04620dc5d0aac18af64363847be9ab762f608bf,0xbc7c0f10eb697dbe156b0b62ef77a9bd2573757e,,ETH,192.65,2026-09-27T17:14:35,0x4d0b52ab6c04b0acfc9982f40303ae9ef4a0336b0d6d1aa00c7f9f9555b180a8,https://etherscan.io/tx/0x4d0b52ab6c04b0acfc9982f40303ae9ef4a0336b0d6d1aa00c7f9f9555b180a8
0xa04620dc5d0aac18af64363847be9ab762f608bf,0xbc7c0f10eb697dbe156b0b62ef77a9bd2573757e,,ETH,162.649887,2026-09-27T16:07:11,0xa355b9a34861097c24ed1495e3c56b007bcd0f03b728576a7337b64c1f20db98,https://etherscan.io/tx/0xa355b9a34861097c24ed1495e3c56b007bcd0f03b728576a7337b64c1f20db98
0xa04620dc5d0aac18af64363847be9ab762f608bf,0xbc7c0f10eb697dbe156b0b62ef77a9bd2573757e,,ETH,113.300083,2026-09-27T15:39:11,0x79297e6bac5a7f2dac3041d8cd1c6e45be3ea53e56dd425ce07476a4827f9e37,https://etherscan.io/tx/0x79297e6bac5a7f2dac3041d8cd1c6e45be3ea53e56dd425ce07476a4827f9e37
0xa04620dc5d0aac18af64363847be9ab762f608bf,0xbc7c0f10eb697dbe156b0b62ef77a9bd2573757e,,ETH,116.799363,2026-09-27T15:22:23,0x7e71504debe396fa73d4426cefcea2971e8358869f2d51dda40d2d73e6acae5d,https://etherscan.io/tx/0x7e71504debe396fa73d4426cefcea2971e8358869f2d51dda40d2d73e6acae5d
0xa04620dc5d0aac18af64363847be9ab762f608bf,0xbc7c0f10eb697dbe156b0b62ef77a9bd2573757e,,ETH,107.409508,2026-09-27T14:54:23,0xe1e49f6762007495a7ad2934daa69d1f538eb6dc5a48a52bd10925ffee883952,https://etherscan.io/tx/0xe1e49f6762007495a7ad2934daa69d1f538eb6dc5a48a52bd10925ffee883952
0xa04620dc5d0aac18af64363847be9ab762f608bf,0xbc7c0f10eb697dbe156b0b62ef77a9bd2573757e,,ETH,139.69999,2026-09-27T14:28:47,0xe300f6fbee14e4a1d07c8b08cfb07fc7e900aff648940a2e2470d1d907c6f713,https://etherscan.io/tx/0xe300f6fbee14e4a1d07c8b08cfb07fc7e900aff648940a2e2470d1d907c6f713
0xa04620dc5d0aac18af64363847be9ab762f608bf,0xbc7c0f10eb697dbe156b0b62ef77a9bd2573757e,,ETH,162.99999,2026-09-27T14:21:35,0xa31ecc8132cdc97401d04696df73162d88b19ceaa52a2c5b5c2797898dd4b1f5,https://etherscan.io/tx/0xa31ecc8132cdc97401d04696df73162d88b19ceaa52a2c5b5c2797898dd4b1f5
0xa04620dc5d0aac18af64363847be9ab762f608bf,0xbc7c0f10eb697dbe156b0b62ef77a9bd2573757e,,ETH,138.150009,2026-09-27T14:03:59,0x9ddc42e1395c291c226bdaf53573c8824be27779784c958faf60297c9e00c0f8,https://etherscan.io/tx/0x9ddc42e1395c291c226bdaf53573c8824be27779784c958faf60297c9e00c0f8
0xa04620dc5d0aac18af64363847be9ab762f608bf,0xbc7c0f10eb697dbe156b0b62ef77a9bd2573757e,,ETH,116.319882,2026-09-27T13:47:35,0xe280c648dd423598005b451e0553666b84e55e0f9141dbb2d332fbe00f54e630,https://etherscan.io/tx/0xe280c648dd423598005b451e0553666b84e55e0f9141dbb2d332fbe00f54e630
0xa04620dc5d0aac18af64363847be9ab762f608bf,0xbc7c0f10eb697dbe156b0b62ef77a9bd2573757e,,ETH,143.719956,2026-09-27T13:38:59,0x89d3c0597074b5b33bb4491de4f3b991fe45de70e46cc5c6ff2b5c7e46f92726,https://etherscan.io/tx/0x89d3c0597074b5b33bb4491de4f3b991fe45de70e46cc5c6ff2b5c7e46f92726
0xa04620dc5d0aac18af64363847be9ab762f608bf,0xbc7c0f10eb697dbe156b0b62ef77a9bd2573757e,,ETH,306.88989,2026-09-27T13:26:59,0x8cfb160afab386c497826bfb5d98402a49535b4c3144932a39ae507eb7991028,https://etherscan.io/tx/0x8cfb160afab386c497826bfb5d98402a49535b4c3144932a39ae507eb7991028
0xa04620dc5d0aac18af64363847be9ab762f608bf,0xbc7c0f10eb697dbe156b0b62ef77a9bd2573757e,,ETH,112.050012,2026-09-27T12:41:47,0x65787729b7989bf825fb8f52bf1cdef8377c42378b9d5eb4d95c4ff015191382,https://etherscan.io/tx/0x65787729b7989bf825fb8f52bf1cdef8377c42378b9d5eb4d95c4ff015191382
0xa04620dc5d0aac18af64363847be9ab762f608bf,0xbc7c0f10eb697dbe156b0b62ef77a9bd2573757e,,ETH,17.789947,2026-09-27T12:10:35,0x858e3e7ad54323907c235fe6775dd306fa22429c2a54264119f0e5cf2324e2c6,https://etherscan.io/tx/0x858e3e7ad54323907c235fe6775dd306fa22429c2a54264119f0e5cf2324e2c6
0xa04620dc5d0aac18af64363847be9ab762f608bf,0xbc7c0f10eb697dbe156b0b62ef77a9bd2573757e,,ETH,10.0,2026-09-27T12:05:47,0xd70dedad0794daf09ecac6cc4eede6c0ca81a6d77aa6defc2b89349d2819ed5f,https://etherscan.io/tx/0xd70dedad0794daf09ecac6cc4eede6c0ca81a6d77aa6defc2b89349d2819ed5f
0xa04620dc5d0aac18af64363847be9ab762f608bf,0xbc7c0f10eb697dbe156b0b62ef77a9bd2573757e,,ETH,3.0,2026-09-27T11:56:47,0x206c55fe17a2644020e0319c0bb9b58d01e78bd9dccc4f361fbf98563062b145,https://etherscan.io/tx/0x206c55fe17a2644020e0319c0bb9b58d01e78bd9dccc4f361fbf98563062b145
0xa04620dc5d0aac18af64363847be9ab762f608bf,0xe89b2d25053301ff2429239d1ee56485d119c134,Deposit,ETH,1.0,2026-09-27T11:47:35,0x2581e5f8b19b147322dc6cbc67c6cf49931434123968b4a4a76eb73f265f743d,https://etherscan.io/tx/0x2581e5f8b19b147322dc6cbc67c6cf49931434123968b4a4a76eb73f265f743d
0xa04620dc5d0aac18af64363847be9ab762f608bf,0xbc7c0f10eb697dbe156b0b62ef77a9bd2573757e,,ETH,1.0,2026-09-27T11:36:35,0x4d9171d90e97a955214279e742262bb40d14ca5a6fa6a115ba71615f5a687f13,https://etherscan.io/tx/0x4d9171d90e97a955214279e742262bb40d14ca5a6fa6a115ba71615f5a687f13
0x944f912055ed2a1096f71fd16e89631de6422edf,0xbc7c0f10eb697dbe156b0b62ef77a9bd2573757e,,ETH,11.999237,2026-09-28T11:07:11,0xdbfdbb320f278ceff0a801b0728c1e19f766cd00eba33edc7b75f4c1b2f159b8,https://etherscan.io/tx/0xdbfdbb320f278ceff0a801b0728c1e19f766cd00eba33edc7b75f4c1b2f159b8
0x944f912055ed2a1096f71fd16e89631de6422edf,0xd37bbe5744d730a1d98d8dc97c42f0ca46ad7146,THORChain_Router,ETH,20.0,2026-09-28T05:36:59,0x311df57d9c67a131827aa54e50608e2b6657896eeddfd976e520bc8bbe37bf4f,https://etherscan.io/tx/0x311df57d9c67a131827aa54e50608e2b6657896eeddfd976e520bc8bbe37bf4f
0x944f912055ed2a1096f71fd16e89631de6422edf,0xd37bbe5744d730a1d98d8dc97c42f0ca46ad7146,THORChain_Router,ETH,20.0,2026-09-28T05:34:59,0x238a68232b428e2448df38727712e4c97530f1865bfcc27cd31609a251a09696,https://etherscan.io/tx/0x238a68232b428e2448df38727712e4c97530f1865bfcc27cd31609a251a09696
0x944f912055ed2a1096f71fd16e89631de6422edf,0xd37bbe5744d730a1d98d8dc97c42f0ca46ad7146,THORChain_Router,ETH,20.0,2026-09-28T05:34:23,0xe1bbe2aa8ff6987f34dbd34f003411a8a04854d142a32797d2b04cdbe5df5b02,https://etherscan.io/tx/0xe1bbe2aa8ff6987f34dbd34f003411a8a04854d142a32797d2b04cdbe5df5b02
0x944f912055ed2a1096f71fd16e89631de6422edf,0xd37bbe5744d730a1d98d8dc97c42f0ca46ad7146,THORChain_Router,ETH,20.0,2026-09-28T05:33:59,0xa5d207ee5393e8fbebe1c01c918c26bf2bfb2a9f90fad74a8bc466d5eee24f93,https://etherscan.io/tx/0xa5d207ee5393e8fbebe1c01c918c26bf2bfb2a9f90fad74a8bc466d5eee24f93
0x944f912055ed2a1096f71fd16e89631de6422edf,0xd37bbe5744d730a1d98d8dc97c42f0ca46ad7146,THORChain_Router,ETH,20.0,2026-09-28T05:33:35,0xa4be7a44b960fb56780dd99bdb64907490254b77a40ca9b79a193f4a08044e39,https://etherscan.io/tx/0xa4be7a44b960fb56780dd99bdb64907490254b77a40ca9b79a193f4a08044e39
0x944f912055ed2a1096f71fd16e89631de6422edf,0xd37bbe5744d730a1d98d8dc97c42f0ca46ad7146,THORChain_Router,ETH,20.0,2026-09-28T05:32:59,0x0e50c6a60fd1b1d315a773707ea097c83e83f0aa0ad4bece9d9fbac3a0f63896,https://etherscan.io/tx/0x0e50c6a60fd1b1d315a773707ea097c83e83f0aa0ad4bece9d9fbac3a0f63896
0x944f912055ed2a1096f71fd16e89631de6422edf,0xd37bbe5744d730a1d98d8dc97c42f0ca46ad7146,THORChain_Router,ETH,20.0,2026-09-28T05:32:35,0x560d2450fbd4710570fdf237a91a76f484af2cf2a79497227b1b1130d9afd6e4,https://etherscan.io/tx/0x560d2450fbd4710570fdf237a91a76f484af2cf2a79497227b1b1130d9afd6e4
0x944f912055ed2a1096f71fd16e89631de6422edf,0xd37bbe5744d730a1d98d8dc97c42f0ca46ad7146,THORChain_Router,ETH,20.0,2026-09-28T05:29:35,0x0f1362f1de8840a0e35bf5661362295ecdb610a803ab6976ca86959abcb276e5,https://etherscan.io/tx/0x0f1362f1de8840a0e35bf5661362295ecdb610a803ab6976ca86959abcb276e5
0x944f912055ed2a1096f71fd16e89631de6422edf,0xd37bbe5744d730a1d98d8dc97c42f0ca46ad7146,THORChain_Router,ETH,20.0,2026-09-28T05:24:47,0x521430bd1a8c2d2b711f5f5c32302b503b86eb515c9b8c54733b3f0f256aace7,https://etherscan.io/tx/0x521430bd1a8c2d2b711f5f5c32302b503b86eb515c9b8c54733b3f0f256aace7
0x944f912055ed2a1096f71fd16e89631de6422edf,0xd37bbe5744d730a1d98d8dc97c42f0ca46ad7146,THORChain_Router,ETH,5.0,2026-09-28T05:15:59,0xaed73dde80c12e02b93d3cfca0ff21869c85e040585160946d36e74ecce3f22b,https://etherscan.io/tx/0xaed73dde80c12e02b93d3cfca0ff21869c85e040585160946d36e74ecce3f22b
0x944f912055ed2a1096f71fd16e89631de6422edf,0xd37bbe5744d730a1d98d8dc97c42f0ca46ad7146,THORChain_Router,ETH,3.0,2026-09-28T05:11:11,0x7b91ceb3e8c976db191696c6a22a797ec9e96f43c82ba90ec9454c319bfd9a9b,https://etherscan.io/tx/0x7b91ceb3e8c976db191696c6a22a797ec9e96f43c82ba90ec9454c319bfd9a9b
0x5c768bf29923f221bba75f2f3baab32d793eaea0,0xd37bbe5744d730a1d98d8dc97c42f0ca46ad7146,THORChain_Router,ETH,15.0,2026-09-28T14:08:59,0x565a9c8bc8bfdae00b989c6aa2ddc0848c77ed2cee198301032c1ceb37f81b16,https://etherscan.io/tx/0x565a9c8bc8bfdae00b989c6aa2ddc0848c77ed2cee198301032c1ceb37f81b16
0x5c768bf29923f221bba75f2f3baab32d793eaea0,0xd37bbe5744d730a1d98d8dc97c42f0ca46ad7146,THORChain_Router,ETH,15.0,2026-09-28T13:34:35,0xb919990276f409f22dd7e3329465db93007512ec42f60147733eccf04c0c1625,https://etherscan.io/tx/0xb919990276f409f22dd7e3329465db93007512ec42f60147733eccf04c0c1625
0x5c768bf29923f221bba75f2f3baab32d793eaea0,0xd37bbe5744d730a1d98d8dc97c42f0ca46ad7146,THORChain_Router,ETH,15.0,2026-09-28T13:31:11,0x33223bebdd3e8bb17f384d7d83734c7483df6ac68f1e04b9666b1ef30559159a,https://etherscan.io/tx/0x33223bebdd3e8bb17f384d7d83734c7483df6ac68f1e04b9666b1ef30559159a
0x5c768bf29923f221bba75f2f3baab32d793eaea0,0xd37bbe5744d730a1d98d8dc97c42f0ca46ad7146,THORChain_Router,ETH,12.0,2026-09-28T13:14:23,0xdd9ba2f7bbbf0f18f13f3620cf8e560b68cd83c044b950703a3638e15197b270,https://etherscan.io/tx/0xdd9ba2f7bbbf0f18f13f3620cf8e560b68cd83c044b950703a3638e15197b270
0x5c768bf29923f221bba75f2f3baab32d793eaea0,0xd37bbe5744d730a1d98d8dc97c42f0ca46ad7146,THORChain_Router,ETH,30.0,2026-09-28T13:08:23,0xb187c7718686ded9f196c6ca0b3632e30b0f00400874cc2efb0d143397d4694b,https://etherscan.io/tx/0xb187c7718686ded9f196c6ca0b3632e30b0f00400874cc2efb0d143397d4694b
0x5c768bf29923f221bba75f2f3baab32d793eaea0,0xd37bbe5744d730a1d98d8dc97c42f0ca46ad7146,THORChain_Router,ETH,10.0,2026-09-28T12:55:11,0x4d849d1e4c9e2c03be9a4b39de05b6873cfeea96709d9043730130dcf2efd21b,https://etherscan.io/tx/0x4d849d1e4c9e2c03be9a4b39de05b6873cfeea96709d9043730130dcf2efd21b
0x5c768bf29923f221bba75f2f3baab32d793eaea0,0xd37bbe5744d730a1d98d8dc97c42f0ca46ad7146,THORChain_Router,ETH,10.0,2026-09-28T12:52:35,0x148479b521c92f14d9e2db285c5117e2559ffb8294e288c0957e1f112b7bcf76,https://etherscan.io/tx/0x148479b521c92f14d9e2db285c5117e2559ffb8294e288c0957e1f112b7bcf76
0x5c768bf29923f221bba75f2f3baab32d793eaea0,0xd37bbe5744d730a1d98d8dc97c42f0ca46ad7146,THORChain_Router,ETH,10.0,2026-09-28T12:33:47,0x8832a5e87abeea359c2f71ea03721f4ffbec9687635e4dad75ea63b0f0dbb8d4,https://etherscan.io/tx/0x8832a5e87abeea359c2f71ea03721f4ffbec9687635e4dad75ea63b0f0dbb8d4
0x5c768bf29923f221bba75f2f3baab32d793eaea0,0xd37bbe5744d730a1d98d8dc97c42f0ca46ad7146,THORChain_Router,ETH,10.0,2026-09-28T12:31:11,0x1be0785836401d438b5214fbb7a9c132025170261ae61b8872c991d914914256,https://etherscan.io/tx/0x1be0785836401d438b5214fbb7a9c132025170261ae61b8872c991d914914256
0x5c768bf29923f221bba75f2f3baab32d793eaea0,0xd37bbe5744d730a1d98d8dc97c42f0ca46ad7146,THORChain_Router,ETH,10.0,2026-09-28T12:24:59,0xd852545d89e796c36a6e2942cd214bb6ab1e2818c3217cc67c6347062fe9258f,https://etherscan.io/tx/0xd852545d89e796c36a6e2942cd214bb6ab1e2818c3217cc67c6347062fe9258f
0x5c768bf29923f221bba75f2f3baab32d793eaea0,0xbc7c0f10eb697dbe156b0b62ef77a9bd2573757e,,ETH,187.999834,2026-09-28T11:09:23,0x038374c05ba4c95c6c1121464b48ee8bb761db0c7e602f5cc4a50f294d7981b4,https://etherscan.io/tx/0x038374c05ba4c95c6c1121464b48ee8bb761db0c7e602f5cc4a50f294d7981b4
0x5c768bf29923f221bba75f2f3baab32d793eaea0,0xd37bbe5744d730a1d98d8dc97c42f0ca46ad7146,THORChain_Router,ETH,10.0,2026-09-28T05:29:59,0x30f5a94d8e3fe9617fbf974682728ee4e2739e4a09e637c633aa421822f13ee5,https://etherscan.io/tx/0x30f5a94d8e3fe9617fbf974682728ee4e2739e4a09e637c633aa421822f13ee5
0x5c768bf29923f221bba75f2f3baab32d793eaea0,0xd37bbe5744d730a1d98d8dc97c42f0ca46ad7146,THORChain_Router,ETH,2.0,2026-09-28T05:20:59,0x5c497edc71a71e48b893575811d9a1d7ae4af2db6cd921f1a747967f0daa5b4d,https://etherscan.io/tx/0x5c497edc71a71e48b893575811d9a1d7ae4af2db6cd921f1a747967f0daa5b4d
0x5c768bf29923f221bba75f2f3baab32d793eaea0,0x8eec4bca3d6e119fbe1778a0eae6b78c36a754c9,,ETH,0.099309,2026-09-27T07:03:35,0x4dba51c74d91d6ca8779ba4e8403e6accaff9c72c4fd7aa22cba8a693eae4142,https://etherscan.io/tx/0x4dba51c74d91d6ca8779ba4e8403e6accaff9c72c4fd7aa22cba8a693eae4142
0x629561ef022a19c605a8a6d72bc20021c2806fe9,0xf5cb7088c6b5c7dd57711ec1a5c978137f62842e,,ETH,50.799037,2026-09-28T13:15:11,0xe1f4fa388df8b1a0bbcf518c6077698d96caafa596c89b0c85dee9febd3277e5,https://etherscan.io/tx/0xe1f4fa388df8b1a0bbcf518c6077698d96caafa596c89b0c85dee9febd3277e5
0x629561ef022a19c605a8a6d72bc20021c2806fe9,0x5c7bcd6e7de5423a257d81b442095a1a6ced35c5,ERC1967Proxy,ETH,50.0,2026-09-28T13:06:35,0x021090effe520b07340a051e8c7fb23a777d11ae5ceb5c6500ba0e6e26f87053,https://etherscan.io/tx/0x021090effe520b07340a051e8c7fb23a777d11ae5ceb5c6500ba0e6e26f87053
0x629561ef022a19c605a8a6d72bc20021c2806fe9,0x5c7bcd6e7de5423a257d81b442095a1a6ced35c5,ERC1967Proxy,ETH,20.0,2026-09-28T12:57:11,0x962fcbe718b3f2373ce1518504b66ac25d11e9572cc13ad16320e191d39eb775,https://etherscan.io/tx/0x962fcbe718b3f2373ce1518504b66ac25d11e9572cc13ad16320e191d39eb775
0x629561ef022a19c605a8a6d72bc20021c2806fe9,0x5c7bcd6e7de5423a257d81b442095a1a6ced35c5,ERC1967Proxy,ETH,0.1,2026-09-28T12:48:23,0x8276cb1f5ce19b944f505230b35705f5ead6b2d20de6dadd2ef9b27735482d7c,https://etherscan.io/tx/0x8276cb1f5ce19b944f505230b35705f5ead6b2d20de6dadd2ef9b27735482d7c
0x629561ef022a19c605a8a6d72bc20021c2806fe9,0x6c96de32cea08842dcc4058c14d3aaad7fa41dee,TransparentUpgradeableProxy,ETH,0.00021,2026-09-28T12:43:23,0x4ed4ce5f0e4eb6be0c9605a9480521ef484823e7caeccb3514a6c15865f18d95,https://etherscan.io/tx/0x4ed4ce5f0e4eb6be0c9605a9480521ef484823e7caeccb3514a6c15865f18d95
0x629561ef022a19c605a8a6d72bc20021c2806fe9,0x23617e59a5925b2a4bf75d73ff6711cd0b29de85,UniversalRouter,ETH,0.1,2026-09-28T12:40:11,0x600afb2dbd7853efe09b17d5cc4bda85d06f175670fc5a43206dde7013a4f61a,https://etherscan.io/tx/0x600afb2dbd7853efe09b17d5cc4bda85d06f175670fc5a43206dde7013a4f61a
0x629561ef022a19c605a8a6d72bc20021c2806fe9,0xbc7c0f10eb697dbe156b0b62ef77a9bd2573757e,,ETH,15.133,2026-09-28T12:33:23,0xaef0c9be9d7379c3557b489c4b5d7454481a59a1e09e665988fff10de963c665,https://etherscan.io/tx/0xaef0c9be9d7379c3557b489c4b5d7454481a59a1e09e665988fff10de963c665
0x629561ef022a19c605a8a6d72bc20021c2806fe9,0xa0b86991c6218b36c1d19d4a2e9eb0ce3606eb48,USDC,ETH,0.0,2026-09-28T12:28:11,0xe0c841c80f8df808189256f0da8879c3c15fce9b8b8b00161ae8972fa6f6de9f,https://etherscan.io/tx/0xe0c841c80f8df808189256f0da8879c3c15fce9b8b8b00161ae8972fa6f6de9f
0x629561ef022a19c605a8a6d72bc20021c2806fe9,0xa0b86991c6218b36c1d19d4a2e9eb0ce3606eb48,USDC,ETH,0.0,2026-09-28T12:20:47,0xda03f10aaa9f240593689e2d4a6d4318470853f1ab281d4c61ccab6c0c84aba7,https://etherscan.io/tx/0xda03f10aaa9f240593689e2d4a6d4318470853f1ab281d4c61ccab6c0c84aba7
0x629561ef022a19c605a8a6d72bc20021c2806fe9,0x6c96de32cea08842dcc4058c14d3aaad7fa41dee,TransparentUpgradeableProxy,USDT,260.0,2026-09-28T12:43:23,0x4ed4ce5f0e4eb6be0c9605a9480521ef484823e7caeccb3514a6c15865f18d95,https://etherscan.io/tx/0x4ed4ce5f0e4eb6be0c9605a9480521ef484823e7caeccb3514a6c15865f18d95
0x629561ef022a19c605a8a6d72bc20021c2806fe9,0x225a38bc71102999dd13478bfabd7c4d53f2dc17,contract,USDC,39997.649542,2026-09-28T12:31:23,0x534a6e30eea797c109bee22036b445e8830449666032e655061563b036ea5647,https://etherscan.io/tx/0x534a6e30eea797c109bee22036b445e8830449666032e655061563b036ea5647
0x629561ef022a19c605a8a6d72bc20021c2806fe9,0x1bb16e35c10be3664f521983e044f12bd2e66e05,Deposit,USDC,40000.0,2026-09-28T12:28:11,0xe0c841c80f8df808189256f0da8879c3c15fce9b8b8b00161ae8972fa6f6de9f,https://etherscan.io/tx/0xe0c841c80f8df808189256f0da8879c3c15fce9b8b8b00161ae8972fa6f6de9f
0x629561ef022a19c605a8a6d72bc20021c2806fe9,0x99a270caf386c49d280edb5c3bd36bccf821abae,contract,USDC,100.0,2026-09-28T12:20:47,0xda03f10aaa9f240593689e2d4a6d4318470853f1ab281d4c61ccab6c0c84aba7,https://etherscan.io/tx/0xda03f10aaa9f240593689e2d4a6d4318470853f1ab281d4c61ccab6c0c84aba7
0xf5cb7088c6b5c7dd57711ec1a5c978137f62842e,0x5c7bcd6e7de5423a257d81b442095a1a6ced35c5,ERC1967Proxy,ETH,50.6,2026-09-28T13:24:23,0xff1cea441c3bdc27de32e5ade52b5befe0468d8646755728445d7002ebed2e5d,https://etherscan.io/tx/0xff1cea441c3bdc27de32e5ade52b5befe0468d8646755728445d7002ebed2e5d
0xbc7c0f10eb697dbe156b0b62ef77a9bd2573757e,0xd37bbe5744d730a1d98d8dc97c42f0ca46ad7146,THORChain_Router,ETH,15.0,2026-09-28T13:26:47,0xcc86267a424c6075f0682d7faf2e856875501ada867169d1666b4250e0512922,https://etherscan.io/tx/0xcc86267a424c6075f0682d7faf2e856875501ada867169d1666b4250e0512922
0xbc7c0f10eb697dbe156b0b62ef77a9bd2573757e,0xd37bbe5744d730a1d98d8dc97c42f0ca46ad7146,THORChain_Router,ETH,20.0,2026-09-28T13:23:11,0x897346c0bd72e0218836e8af252ad52b62aa37954e86b120a47f109ab4efbcc1,https://etherscan.io/tx/0x897346c0bd72e0218836e8af252ad52b62aa37954e86b120a47f109ab4efbcc1
0xbc7c0f10eb697dbe156b0b62ef77a9bd2573757e,0xd37bbe5744d730a1d98d8dc97c42f0ca46ad7146,THORChain_Router,ETH,20.0,2026-09-28T13:22:59,0x7be298c12d90e1d298587245b4bc29e9abdce9e319ff7dd651913e23a6950716,https://etherscan.io/tx/0x7be298c12d90e1d298587245b4bc29e9abdce9e319ff7dd651913e23a6950716
0xbc7c0f10eb697dbe156b0b62ef77a9bd2573757e,0xd37bbe5744d730a1d98d8dc97c42f0ca46ad7146,THORChain_Router,ETH,20.0,2026-09-28T13:22:35,0x690d733a53a547db4ef48d31b85789d6912c988336708b9c998734a89c70c7ca,https://etherscan.io/tx/0x690d733a53a547db4ef48d31b85789d6912c988336708b9c998734a89c70c7ca
0xbc7c0f10eb697dbe156b0b62ef77a9bd2573757e,0xd37bbe5744d730a1d98d8dc97c42f0ca46ad7146,THORChain_Router,ETH,20.0,2026-09-28T13:21:47,0xe2d583e0e3db75ff659def8a703e1a198b4a882299bd5033192eccb4ed8c2ca3,https://etherscan.io/tx/0xe2d583e0e3db75ff659def8a703e1a198b4a882299bd5033192eccb4ed8c2ca3
0xbc7c0f10eb697dbe156b0b62ef77a9bd2573757e,0xd37bbe5744d730a1d98d8dc97c42f0ca46ad7146,THORChain_Router,ETH,20.0,2026-09-28T13:21:11,0xc9eacebcafaaf2eade4a8b2e732157c6a377ab7ab3643b04fe42eb8ada7d1fbf,https://etherscan.io/tx/0xc9eacebcafaaf2eade4a8b2e732157c6a377ab7ab3643b04fe42eb8ada7d1fbf
0xbc7c0f10eb697dbe156b0b62ef77a9bd2573757e,0xd37bbe5744d730a1d98d8dc97c42f0ca46ad7146,THORChain_Router,ETH,20.0,2026-09-28T13:20:23,0x1370ad7aacc64d6244c003dff3815a24d2d30aa61a9f7dfcea1fc3f77941f290,https://etherscan.io/tx/0x1370ad7aacc64d6244c003dff3815a24d2d30aa61a9f7dfcea1fc3f77941f290
0xbc7c0f10eb697dbe156b0b62ef77a9bd2573757e,0xd37bbe5744d730a1d98d8dc97c42f0ca46ad7146,THORChain_Router,ETH,19.0,2026-09-28T12:46:23,0x530787163fc4d4cceec208846a353d6e85a3a09dc367aa3bc06401a2d5c1bd4e,https://etherscan.io/tx/0x530787163fc4d4cceec208846a353d6e85a3a09dc367aa3bc06401a2d5c1bd4e
0xbc7c0f10eb697dbe156b0b62ef77a9bd2573757e,0xd37bbe5744d730a1d98d8dc97c42f0ca46ad7146,THORChain_Router,ETH,20.0,2026-09-28T12:42:23,0x246995f52e6952b563d7176589857de035c495cc3f5f7878ec80030eac93e92c,https://etherscan.io/tx/0x246995f52e6952b563d7176589857de035c495cc3f5f7878ec80030eac93e92c
0xbc7c0f10eb697dbe156b0b62ef77a9bd2573757e,0xd37bbe5744d730a1d98d8dc97c42f0ca46ad7146,THORChain_Router,ETH,20.0,2026-09-28T12:41:59,0x175551dd0de708906d95c3aa6986585d1e1aef832aa0c5c07faf0af92c5ee51a,https://etherscan.io/tx/0x175551dd0de708906d95c3aa6986585d1e1aef832aa0c5c07faf0af92c5ee51a
0xbc7c0f10eb697dbe156b0b62ef77a9bd2573757e,0xd37bbe5744d730a1d98d8dc97c42f0ca46ad7146,THORChain_Router,ETH,20.0,2026-09-28T12:40:59,0x707d23852122a4c88e3a3ea5ca3e71f8d82e0e4f23dd9acf94ba91e58313a718,https://etherscan.io/tx/0x707d23852122a4c88e3a3ea5ca3e71f8d82e0e4f23dd9acf94ba91e58313a718
0xbc7c0f10eb697dbe156b0b62ef77a9bd2573757e,0xd37bbe5744d730a1d98d8dc97c42f0ca46ad7146,THORChain_Router,ETH,20.0,2026-09-28T12:40:35,0xcc8b45d142bd29c6222cfe5179fa2919663604ae0c1f7a6a54b50b8babb6e344,https://etherscan.io/tx/0xcc8b45d142bd29c6222cfe5179fa2919663604ae0c1f7a6a54b50b8babb6e344
0xbc7c0f10eb697dbe156b0b62ef77a9bd2573757e,0xd37bbe5744d730a1d98d8dc97c42f0ca46ad7146,THORChain_Router,ETH,20.0,2026-09-28T12:39:59,0xec3725e86a34d05ff6486e505b605cd55b6eb4f981687e6b022b2e615a5a8822,https://etherscan.io/tx/0xec3725e86a34d05ff6486e505b605cd55b6eb4f981687e6b022b2e615a5a8822
0xbc7c0f10eb697dbe156b0b62ef77a9bd2573757e,0xd37bbe5744d730a1d98d8dc97c42f0ca46ad7146,THORChain_Router,ETH,20.0,2026-09-28T12:39:23,0x32e99176958fc5bf4ee3be30d5f9a0400298143b395151d86253579eaa2e941e,https://etherscan.io/tx/0x32e99176958fc5bf4ee3be30d5f9a0400298143b395151d86253579eaa2e941e
0xbc7c0f10eb697dbe156b0b62ef77a9bd2573757e,0xd37bbe5744d730a1d98d8dc97c42f0ca46ad7146,THORChain_Router,ETH,20.0,2026-09-28T12:38:23,0x6391acbc7acd99c1742d798fbb45a2889cf5bdad341991096e752618ab0621fd,https://etherscan.io/tx/0x6391acbc7acd99c1742d798fbb45a2889cf5bdad341991096e752618ab0621fd
0xbc7c0f10eb697dbe156b0b62ef77a9bd2573757e,0x629561ef022a19c605a8a6d72bc20021c2806fe9,,ETH,1.0,2026-09-28T12:36:35,0x55a8d3c7adbe8d29c819cde452fd8c2bef23285ccd56aa6d97d205639fb95a21,https://etherscan.io/tx/0x55a8d3c7adbe8d29c819cde452fd8c2bef23285ccd56aa6d97d205639fb95a21
0xbc7c0f10eb697dbe156b0b62ef77a9bd2573757e,0xd37bbe5744d730a1d98d8dc97c42f0ca46ad7146,THORChain_Router,ETH,20.0,2026-09-28T12:35:47,0x980ac22f2e9182cccc0893953e2c9ea8bf1b20785c97324362ad2d02789c476d,https://etherscan.io/tx/0x980ac22f2e9182cccc0893953e2c9ea8bf1b20785c97324362ad2d02789c476d
0xbc7c0f10eb697dbe156b0b62ef77a9bd2573757e,0xd37bbe5744d730a1d98d8dc97c42f0ca46ad7146,THORChain_Router,ETH,20.0,2026-09-28T12:34:47,0x4835f890230900606e8172b843e821a4040f2a649683a7b6d47e4f0a8fe236ba,https://etherscan.io/tx/0x4835f890230900606e8172b843e821a4040f2a649683a7b6d47e4f0a8fe236ba
0xbc7c0f10eb697dbe156b0b62ef77a9bd2573757e,0xd37bbe5744d730a1d98d8dc97c42f0ca46ad7146,THORChain_Router,ETH,20.0,2026-09-28T12:33:35,0x4e48d4d317a7f26e874feec5291676bafcf08f914e8c26c4158bd3df0d6651bf,https://etherscan.io/tx/0x4e48d4d317a7f26e874feec5291676bafcf08f914e8c26c4158bd3df0d6651bf
0xbc7c0f10eb697dbe156b0b62ef77a9bd2573757e,0xd37bbe5744d730a1d98d8dc97c42f0ca46ad7146,THORChain_Router,ETH,20.0,2026-09-28T12:33:11,0xb2ebd3b7d97b7dcae4183ed41e3e44d9ab982ef4a4db6a8c385771f9fd526594,https://etherscan.io/tx/0xb2ebd3b7d97b7dcae4183ed41e3e44d9ab982ef4a4db6a8c385771f9fd526594
0xbc7c0f10eb697dbe156b0b62ef77a9bd2573757e,0xd37bbe5744d730a1d98d8dc97c42f0ca46ad7146,THORChain_Router,ETH,20.0,2026-09-28T12:32:59,0xe6b091988eb867e938ba72b7cb22403fd1e8aa138143a78cfc26a8295478052e,https://etherscan.io/tx/0xe6b091988eb867e938ba72b7cb22403fd1e8aa138143a78cfc26a8295478052e
0xbc7c0f10eb697dbe156b0b62ef77a9bd2573757e,0x3302cd93a0e22f3bfa7b46b48c27d5428ba93201,,ETH,180.0,2026-09-28T11:38:11,0x0806ceb0d488502f376706a8f2074f0f9a17d24f92139a5b8a6389f498732273,https://etherscan.io/tx/0x0806ceb0d488502f376706a8f2074f0f9a17d24f92139a5b8a6389f498732273
0xbc7c0f10eb697dbe156b0b62ef77a9bd2573757e,0x3302cd93a0e22f3bfa7b46b48c27d5428ba93201,,ETH,280.7889,2026-09-28T11:36:23,0xd92c67180256c3e75bd9928342fa10146bb740648202075c011fdb1ed670c8d3,https://etherscan.io/tx/0xd92c67180256c3e75bd9928342fa10146bb740648202075c011fdb1ed670c8d3
0xbc7c0f10eb697dbe156b0b62ef77a9bd2573757e,0x23617e59a5925b2a4bf75d73ff6711cd0b29de85,UniversalRouter,ETH,100.0,2026-09-28T11:26:11,0xa1ad35aa2466f1a1a4e0a62d754927f1bf2bed017e942dcb6a82ce921ec10a11,https://etherscan.io/tx/0xa1ad35aa2466f1a1a4e0a62d754927f1bf2bed017e942dcb6a82ce921ec10a11
0xbc7c0f10eb697dbe156b0b62ef77a9bd2573757e,0x23617e59a5925b2a4bf75d73ff6711cd0b29de85,UniversalRouter,ETH,88.0,2026-09-28T11:24:23,0xc6bcba4af23100a300393ef6f964266fee2dee717f2d733bfb89a5099303a2b2,https://etherscan.io/tx/0xc6bcba4af23100a300393ef6f964266fee2dee717f2d733bfb89a5099303a2b2
0xbc7c0f10eb697dbe156b0b62ef77a9bd2573757e,0x23617e59a5925b2a4bf75d73ff6711cd0b29de85,UniversalRouter,ETH,0.01,2026-09-28T11:23:59,0xc6b564f1c22f19e85dc7643dac7a488f179cf1dcb1a24b13a9de27833cd8a694,https://etherscan.io/tx/0xc6b564f1c22f19e85dc7643dac7a488f179cf1dcb1a24b13a9de27833cd8a694
0xbc7c0f10eb697dbe156b0b62ef77a9bd2573757e,0x23617e59a5925b2a4bf75d73ff6711cd0b29de85,UniversalRouter,ETH,100.0,2026-09-28T11:22:35,0xbea1bf2226a0c2c57a8612c26ad73714463119b7e812bc21395e0d52338bdcd1,https://etherscan.io/tx/0xbea1bf2226a0c2c57a8612c26ad73714463119b7e812bc21395e0d52338bdcd1
0xbc7c0f10eb697dbe156b0b62ef77a9bd2573757e,0x23617e59a5925b2a4bf75d73ff6711cd0b29de85,UniversalRouter,ETH,10.0,2026-09-28T11:19:59,0x6e88a4e902c6651544df5dfb5e1cfade781160dca6bf81f5be4491a04a14925a,https://etherscan.io/tx/0x6e88a4e902c6651544df5dfb5e1cfade781160dca6bf81f5be4491a04a14925a
0xbc7c0f10eb697dbe156b0b62ef77a9bd2573757e,0x23617e59a5925b2a4bf75d73ff6711cd0b29de85,UniversalRouter,ETH,0.1,2026-09-28T11:17:47,0x0518d30283b989c810476ee63dce16fbb443ccd04ed0b0f06f35fc85f27449ca,https://etherscan.io/tx/0x0518d30283b989c810476ee63dce16fbb443ccd04ed0b0f06f35fc85f27449ca
0xbc7c0f10eb697dbe156b0b62ef77a9bd2573757e,0x23617e59a5925b2a4bf75d73ff6711cd0b29de85,UniversalRouter,ETH,1.0,2026-09-28T11:12:59,0xf49e69d658e047714b4e46afe6d575266a162ad330d761e47dfe636bbbfa6c7b,https://etherscan.io/tx/0xf49e69d658e047714b4e46afe6d575266a162ad330d761e47dfe636bbbfa6c7b
0xbc7c0f10eb697dbe156b0b62ef77a9bd2573757e,0x23617e59a5925b2a4bf75d73ff6711cd0b29de85,UniversalRouter,ETH,0.1,2026-09-28T11:12:23,0xa24d9e7353c26fd10f4b95883972fe0f8039f6c561709782075eb98c0b70e3c0,https://etherscan.io/tx/0xa24d9e7353c26fd10f4b95883972fe0f8039f6c561709782075eb98c0b70e3c0
0xbc7c0f10eb697dbe156b0b62ef77a9bd2573757e,0x721e30553ed11792432694208ad52736d330f82f,,ETH,0.9999,2026-09-27T20:17:23,0x22ce1e07a1891baa8d9c846f14c1e536d95b6ba259277a0855e71e9dc1d9c65f,https://etherscan.io/tx/0x22ce1e07a1891baa8d9c846f14c1e536d95b6ba259277a0855e71e9dc1d9c65f
0xbc7c0f10eb697dbe156b0b62ef77a9bd2573757e,0xa04620dc5d0aac18af64363847be9ab762f608bf,,ETH,432.199,2026-09-27T20:00:59,0x431971390f539fc56e34622202a33de4fb821c0d6b7d19c0bf1697ebcdedb3cc,https://etherscan.io/tx/0x431971390f539fc56e34622202a33de4fb821c0d6b7d19c0bf1697ebcdedb3cc
0xbc7c0f10eb697dbe156b0b62ef77a9bd2573757e,0x23617e59a5925b2a4bf75d73ff6711cd0b29de85,UniversalRouter,ETH,10.0,2026-09-27T19:26:11,0x838579e94606f6adeff8f03f226e457ec1d3060a90b6f04b2d7aa986eca31bfb,https://etherscan.io/tx/0x838579e94606f6adeff8f03f226e457ec1d3060a90b6f04b2d7aa986eca31bfb
0xbc7c0f10eb697dbe156b0b62ef77a9bd2573757e,0x23617e59a5925b2a4bf75d73ff6711cd0b29de85,UniversalRouter,ETH,200.0,2026-09-27T19:15:59,0xaf07b80bae7f5698ee648ee997549ec0aaa83175532cb66399b50108b887caf6,https://etherscan.io/tx/0xaf07b80bae7f5698ee648ee997549ec0aaa83175532cb66399b50108b887caf6
0xbc7c0f10eb697dbe156b0b62ef77a9bd2573757e,0x23617e59a5925b2a4bf75d73ff6711cd0b29de85,UniversalRouter,ETH,100.0,2026-09-27T19:08:23,0x833cc3624b07c5eecd2a6077e2ad56c63da82c6232f89aa1fa16bc6ca379af9d,https://etherscan.io/tx/0x833cc3624b07c5eecd2a6077e2ad56c63da82c6232f89aa1fa16bc6ca379af9d
0xbc7c0f10eb697dbe156b0b62ef77a9bd2573757e,0x23617e59a5925b2a4bf75d73ff6711cd0b29de85,UniversalRouter,ETH,50.0,2026-09-27T18:45:47,0x1dd44d367cbaee25eda64cfac51584f828bd092e6b12e560efff99e57c0bb216,https://etherscan.io/tx/0x1dd44d367cbaee25eda64cfac51584f828bd092e6b12e560efff99e57c0bb216
0xbc7c0f10eb697dbe156b0b62ef77a9bd2573757e,0x23617e59a5925b2a4bf75d73ff6711cd0b29de85,UniversalRouter,ETH,70.0,2026-09-27T18:32:11,0x006ac8fb0b879418ed30d83776f68ac1bef31beb50d0e7d6a32bdbabb71d52db,https://etherscan.io/tx/0x006ac8fb0b879418ed30d83776f68ac1bef31beb50d0e7d6a32bdbabb71d52db
0xbc7c0f10eb697dbe156b0b62ef77a9bd2573757e,0x23617e59a5925b2a4bf75d73ff6711cd0b29de85,UniversalRouter,ETH,100.0,2026-09-27T18:07:35,0xa03d144820e6e55574873ac41ed9512d6ea4370326de77411c0e4d4d31f7791a,https://etherscan.io/tx/0xa03d144820e6e55574873ac41ed9512d6ea4370326de77411c0e4d4d31f7791a
0xbc7c0f10eb697dbe156b0b62ef77a9bd2573757e,0x23617e59a5925b2a4bf75d73ff6711cd0b29de85,UniversalRouter,ETH,96.0,2026-09-27T18:03:11,0x1c9fa5b7668292f3307f3b3fa188788064ce4d72ad6f3fd09a4018e7fc2563a2,https://etherscan.io/tx/0x1c9fa5b7668292f3307f3b3fa188788064ce4d72ad6f3fd09a4018e7fc2563a2
0xbc7c0f10eb697dbe156b0b62ef77a9bd2573757e,0x23617e59a5925b2a4bf75d73ff6711cd0b29de85,UniversalRouter,ETH,100.0,2026-09-27T17:53:59,0x16c571837ba076b3e9e3e4495b4fcd1106a0b2240e71c4e7403781e8752f27b7,https://etherscan.io/tx/0x16c571837ba076b3e9e3e4495b4fcd1106a0b2240e71c4e7403781e8752f27b7
0xbc7c0f10eb697dbe156b0b62ef77a9bd2573757e,0x23617e59a5925b2a4bf75d73ff6711cd0b29de85,UniversalRouter,ETH,90.0,2026-09-27T17:43:23,0xc220e5464830c71786378bdb3985525400f7684ff98fe89b7290e86dc34f6f62,https://etherscan.io/tx/0xc220e5464830c71786378bdb3985525400f7684ff98fe89b7290e86dc34f6f62
0xbc7c0f10eb697dbe156b0b62ef77a9bd2573757e,0x23617e59a5925b2a4bf75d73ff6711cd0b29de85,UniversalRouter,ETH,90.0,2026-09-27T17:35:23,0x350f93a6c724e765169435118ec9e9958fa7b67a2501a81b6bb2db83c9faf404,https://etherscan.io/tx/0x350f93a6c724e765169435118ec9e9958fa7b67a2501a81b6bb2db83c9faf404
0xbc7c0f10eb697dbe156b0b62ef77a9bd2573757e,0x23617e59a5925b2a4bf75d73ff6711cd0b29de85,UniversalRouter,ETH,93.0,2026-09-27T17:19:11,0xd2742a9287ba77b348b38352cfc8f14c053e359c62b6b0b5db179da51f97a148,https://etherscan.io/tx/0xd2742a9287ba77b348b38352cfc8f14c053e359c62b6b0b5db179da51f97a148
0xbc7c0f10eb697dbe156b0b62ef77a9bd2573757e,0x23617e59a5925b2a4bf75d73ff6711cd0b29de85,UniversalRouter,ETH,100.0,2026-09-27T17:14:59,0x5b080f372d0ebea4cc1059bc0372ba796198dc09853cb586fda7eb4b41ee43ec,https://etherscan.io/tx/0x5b080f372d0ebea4cc1059bc0372ba796198dc09853cb586fda7eb4b41ee43ec
0xbc7c0f10eb697dbe156b0b62ef77a9bd2573757e,0x23617e59a5925b2a4bf75d73ff6711cd0b29de85,UniversalRouter,ETH,84.0,2026-09-27T16:17:11,0x7d805130a4a2296b3a66b2c756730c2aa357dd4d045ef574cffc348770fa3670,https://etherscan.io/tx/0x7d805130a4a2296b3a66b2c756730c2aa357dd4d045ef574cffc348770fa3670
0xbc7c0f10eb697dbe156b0b62ef77a9bd2573757e,0x23617e59a5925b2a4bf75d73ff6711cd0b29de85,UniversalRouter,ETH,80.0,2026-09-27T16:07:59,0xe0a18128db0b51f7d680bfdb2b01e0f965d1ecd43fb7776b2356319bb4efec87,https://etherscan.io/tx/0xe0a18128db0b51f7d680bfdb2b01e0f965d1ecd43fb7776b2356319bb4efec87
0xbc7c0f10eb697dbe156b0b62ef77a9bd2573757e,0x23617e59a5925b2a4bf75d73ff6711cd0b29de85,UniversalRouter,ETH,61.0,2026-09-27T15:50:35,0x056986c98d923e85cfc069620bad4dcc3d40e43598f3855c029bb535cbfa3494,https://etherscan.io/tx/0x056986c98d923e85cfc069620bad4dcc3d40e43598f3855c029bb535cbfa3494
0xbc7c0f10eb697dbe156b0b62ef77a9bd2573757e,0x23617e59a5925b2a4bf75d73ff6711cd0b29de85,UniversalRouter,ETH,120.0,2026-09-27T15:46:11,0xb3263dfaad9907b8b891b5a133aacf9c909f0632f7909a12f8fa56d9ec4c3e0c,https://etherscan.io/tx/0xb3263dfaad9907b8b891b5a133aacf9c909f0632f7909a12f8fa56d9ec4c3e0c
0xbc7c0f10eb697dbe156b0b62ef77a9bd2573757e,0x23617e59a5925b2a4bf75d73ff6711cd0b29de85,UniversalRouter,ETH,120.0,2026-09-27T15:38:23,0xf9759e370da2583be8287c72b2042177a0bef28d09b26b5bf047d583884f68a5,https://etherscan.io/tx/0xf9759e370da2583be8287c72b2042177a0bef28d09b26b5bf047d583884f68a5
0xbc7c0f10eb697dbe156b0b62ef77a9bd2573757e,0x23617e59a5925b2a4bf75d73ff6711cd0b29de85,UniversalRouter,ETH,100.0,2026-09-27T15:30:47,0xffced075d832875a1a389b30cb03727254fc04136cf6a805e99d176c841e3737,https://etherscan.io/tx/0xffced075d832875a1a389b30cb03727254fc04136cf6a805e99d176c841e3737
0xbc7c0f10eb697dbe156b0b62ef77a9bd2573757e,0x23617e59a5925b2a4bf75d73ff6711cd0b29de85,UniversalRouter,ETH,61.0,2026-09-27T15:22:59,0xf202b6c07842e43b0bac8fbdf601560e9b6e7d5125d8cf5490004f6ed66f6878,https://etherscan.io/tx/0xf202b6c07842e43b0bac8fbdf601560e9b6e7d5125d8cf5490004f6ed66f6878
0xbc7c0f10eb697dbe156b0b62ef77a9bd2573757e,0x23617e59a5925b2a4bf75d73ff6711cd0b29de85,UniversalRouter,ETH,61.0,2026-09-27T15:15:35,0xff34ebb7264031164b21ebfc94781f8e249fc7270f4f0c20981b5e15e7b4a7e4,https://etherscan.io/tx/0xff34ebb7264031164b21ebfc94781f8e249fc7270f4f0c20981b5e15e7b4a7e4
0xbc7c0f10eb697dbe156b0b62ef77a9bd2573757e,0x23617e59a5925b2a4bf75d73ff6711cd0b29de85,UniversalRouter,ETH,61.0,2026-09-27T14:41:35,0x0782602f3affcc005805fd230c97f916a31a0e2d2e6e8a636fff879ded948521,https://etherscan.io/tx/0x0782602f3affcc005805fd230c97f916a31a0e2d2e6e8a636fff879ded948521
0xbc7c0f10eb697dbe156b0b62ef77a9bd2573757e,0x23617e59a5925b2a4bf75d73ff6711cd0b29de85,UniversalRouter,ETH,60.0,2026-09-27T14:32:47,0x60ad1213362113ae9bc508748be6e63b89d13bd0081bf5b2640329619825ea27,https://etherscan.io/tx/0x60ad1213362113ae9bc508748be6e63b89d13bd0081bf5b2640329619825ea27
0xbc7c0f10eb697dbe156b0b62ef77a9bd2573757e,0x23617e59a5925b2a4bf75d73ff6711cd0b29de85,UniversalRouter,ETH,45.0,2026-09-27T14:26:35,0x205d38f7e547517456c912de51037f5b5e75051117a391d2d19ec1e74fc10812,https://etherscan.io/tx/0x205d38f7e547517456c912de51037f5b5e75051117a391d2d19ec1e74fc10812
0xbc7c0f10eb697dbe156b0b62ef77a9bd2573757e,0x23617e59a5925b2a4bf75d73ff6711cd0b29de85,UniversalRouter,ETH,20.0,2026-09-27T14:21:59,0xf09771a6a61be416503d1659b4937f6a1a4aa7caec93becfcba7f72215e00e31,https://etherscan.io/tx/0xf09771a6a61be416503d1659b4937f6a1a4aa7caec93becfcba7f72215e00e31
0xbc7c0f10eb697dbe156b0b62ef77a9bd2573757e,0x23617e59a5925b2a4bf75d73ff6711cd0b29de85,UniversalRouter,ETH,19.0,2026-09-27T14:21:11,0x9b15288b15662e291fff3709f2a9e2fa656f10f1eac567815fbe5cdf5e250093,https://etherscan.io/tx/0x9b15288b15662e291fff3709f2a9e2fa656f10f1eac567815fbe5cdf5e250093
0xbc7c0f10eb697dbe156b0b62ef77a9bd2573757e,0x23617e59a5925b2a4bf75d73ff6711cd0b29de85,UniversalRouter,ETH,18.0,2026-09-27T14:19:47,0x1b9756b6d6514b34882a0bce133c64fea109d538b8f2386e1e2a22d3ba190bd8,https://etherscan.io/tx/0x1b9756b6d6514b34882a0bce133c64fea109d538b8f2386e1e2a22d3ba190bd8
0xbc7c0f10eb697dbe156b0b62ef77a9bd2573757e,0x23617e59a5925b2a4bf75d73ff6711cd0b29de85,UniversalRouter,ETH,20.0,2026-09-27T14:16:47,0x4ae9c44803620879f8492396eaac205014dfb65f66324d80ebc1084fb2718fba,https://etherscan.io/tx/0x4ae9c44803620879f8492396eaac205014dfb65f66324d80ebc1084fb2718fba
0xbc7c0f10eb697dbe156b0b62ef77a9bd2573757e,0x23617e59a5925b2a4bf75d73ff6711cd0b29de85,UniversalRouter,ETH,16.0,2026-09-27T14:14:59,0xde7696898d17daaad1857d1d6f08fee9d3df7c93c5c4970b3e955745c4d9a6c4,https://etherscan.io/tx/0xde7696898d17daaad1857d1d6f08fee9d3df7c93c5c4970b3e955745c4d9a6c4
0xbc7c0f10eb697dbe156b0b62ef77a9bd2573757e,0x23617e59a5925b2a4bf75d73ff6711cd0b29de85,UniversalRouter,ETH,48.0,2026-09-27T14:12:23,0xb2c3bfb660c14814ca9e9b3dd12592bd98b0015a74bc5365fddcc02afbefadd3,https://etherscan.io/tx/0xb2c3bfb660c14814ca9e9b3dd12592bd98b0015a74bc5365fddcc02afbefadd3
0xbc7c0f10eb697dbe156b0b62ef77a9bd2573757e,0x23617e59a5925b2a4bf75d73ff6711cd0b29de85,UniversalRouter,ETH,18.0,2026-09-27T14:10:35,0x14f659e56f65b1970407297f5781dfa047740cfd7ae6c6d33158fb59419ff55d,https://etherscan.io/tx/0x14f659e56f65b1970407297f5781dfa047740cfd7ae6c6d33158fb59419ff55d
0xbc7c0f10eb697dbe156b0b62ef77a9bd2573757e,0x23617e59a5925b2a4bf75d73ff6711cd0b29de85,UniversalRouter,ETH,20.0,2026-09-27T14:07:23,0xbfc70f65a7d6c1c03d6bb84cf1cb5aa735e50d4af2726e6ed343de21831a63f8,https://etherscan.io/tx/0xbfc70f65a7d6c1c03d6bb84cf1cb5aa735e50d4af2726e6ed343de21831a63f8
0xbc7c0f10eb697dbe156b0b62ef77a9bd2573757e,0x23617e59a5925b2a4bf75d73ff6711cd0b29de85,UniversalRouter,ETH,18.0,2026-09-27T14:06:47,0x9211a69e5f7a135d383ca08d747e30e841da558f996c85e29b435d48ec4459be,https://etherscan.io/tx/0x9211a69e5f7a135d383ca08d747e30e841da558f996c85e29b435d48ec4459be
0xbc7c0f10eb697dbe156b0b62ef77a9bd2573757e,0x23617e59a5925b2a4bf75d73ff6711cd0b29de85,UniversalRouter,ETH,50.0,2026-09-27T14:05:35,0xb9349641daf50d93a6ddd124b48d560a140364abca595c4339908b6dab6bac96,https://etherscan.io/tx/0xb9349641daf50d93a6ddd124b48d560a140364abca595c4339908b6dab6bac96
0xbc7c0f10eb697dbe156b0b62ef77a9bd2573757e,0x23617e59a5925b2a4bf75d73ff6711cd0b29de85,UniversalRouter,ETH,17.0,2026-09-27T14:02:47,0xedea3d99f3c564c9db0b017c6a7b4e4026224f8d2cac288328f35b0f8337eaa4,https://etherscan.io/tx/0xedea3d99f3c564c9db0b017c6a7b4e4026224f8d2cac288328f35b0f8337eaa4
0xbc7c0f10eb697dbe156b0b62ef77a9bd2573757e,0x23617e59a5925b2a4bf75d73ff6711cd0b29de85,UniversalRouter,ETH,18.0,2026-09-27T14:00:59,0xfb1d28b6b7ea22c38de2cd8be7fa8877681e7a506aeb522b94289140e33c5c7a,https://etherscan.io/tx/0xfb1d28b6b7ea22c38de2cd8be7fa8877681e7a506aeb522b94289140e33c5c7a
0xbc7c0f10eb697dbe156b0b62ef77a9bd2573757e,0x23617e59a5925b2a4bf75d73ff6711cd0b29de85,UniversalRouter,ETH,72.0,2026-09-27T13:59:47,0xd14c7ebcb652aa3110f8a0e67d65806c77e6de9f7674121b4a8755fb87833d5e,https://etherscan.io/tx/0xd14c7ebcb652aa3110f8a0e67d65806c77e6de9f7674121b4a8755fb87833d5e
0xbc7c0f10eb697dbe156b0b62ef77a9bd2573757e,0x23617e59a5925b2a4bf75d73ff6711cd0b29de85,UniversalRouter,ETH,17.0,2026-09-27T13:55:11,0x99ac2a88f5779c3020637c727f453505975da8c483447f2a04e982bd666f1a72,https://etherscan.io/tx/0x99ac2a88f5779c3020637c727f453505975da8c483447f2a04e982bd666f1a72
0xbc7c0f10eb697dbe156b0b62ef77a9bd2573757e,0x23617e59a5925b2a4bf75d73ff6711cd0b29de85,UniversalRouter,ETH,34.0,2026-09-27T13:52:59,0x409d1ef878686207f62aa7df2499129bd697f4719d8d1e1f42f61b7a70142fc8,https://etherscan.io/tx/0x409d1ef878686207f62aa7df2499129bd697f4719d8d1e1f42f61b7a70142fc8
0xbc7c0f10eb697dbe156b0b62ef77a9bd2573757e,0x23617e59a5925b2a4bf75d73ff6711cd0b29de85,UniversalRouter,ETH,40.0,2026-09-27T13:52:23,0xd5fc4164fc33ab835e73e3fb4424f22e83bfa1b9a5bce775640d2d437968df53,https://etherscan.io/tx/0xd5fc4164fc33ab835e73e3fb4424f22e83bfa1b9a5bce775640d2d437968df53
0xbc7c0f10eb697dbe156b0b62ef77a9bd2573757e,0x23617e59a5925b2a4bf75d73ff6711cd0b29de85,UniversalRouter,ETH,17.0,2026-09-27T13:49:23,0x7c470701eaf9fb415d865fcf4ac4df9d7121626901eb627958c16d3476098cae,https://etherscan.io/tx/0x7c470701eaf9fb415d865fcf4ac4df9d7121626901eb627958c16d3476098cae
0xbc7c0f10eb697dbe156b0b62ef77a9bd2573757e,0x23617e59a5925b2a4bf75d73ff6711cd0b29de85,UniversalRouter,ETH,19.8,2026-09-27T13:46:35,0x83c124eba84ab7e3c8734a0b4807635b467572a9baa8f76f7e2ca2c49b643e26,https://etherscan.io/tx/0x83c124eba84ab7e3c8734a0b4807635b467572a9baa8f76f7e2ca2c49b643e26
0xbc7c0f10eb697dbe156b0b62ef77a9bd2573757e,0x23617e59a5925b2a4bf75d73ff6711cd0b29de85,UniversalRouter,ETH,40.88,2026-09-27T13:44:35,0x87a537637da0463c50319a71755a2b3ba9572aff95d9e74eaef5feb37a7f5900,https://etherscan.io/tx/0x87a537637da0463c50319a71755a2b3ba9572aff95d9e74eaef5feb37a7f5900
0xbc7c0f10eb697dbe156b0b62ef77a9bd2573757e,0x23617e59a5925b2a4bf75d73ff6711cd0b29de85,UniversalRouter,ETH,18.2,2026-09-27T13:43:11,0x84a12e833dca8d7ffcdaf4dc34b46bfdb050acd010c72e0eb6ae33703bef9461,https://etherscan.io/tx/0x84a12e833dca8d7ffcdaf4dc34b46bfdb050acd010c72e0eb6ae33703bef9461
0xbc7c0f10eb697dbe156b0b62ef77a9bd2573757e,0x23617e59a5925b2a4bf75d73ff6711cd0b29de85,UniversalRouter,ETH,21.44,2026-09-27T13:39:47,0x7ce8440968288c08a8f4b5fd8a1627ac702a5ac5c45a46319a0bfb490b28eb58,https://etherscan.io/tx/0x7ce8440968288c08a8f4b5fd8a1627ac702a5ac5c45a46319a0bfb490b28eb58
0xbc7c0f10eb697dbe156b0b62ef77a9bd2573757e,0x23617e59a5925b2a4bf75d73ff6711cd0b29de85,UniversalRouter,ETH,36.2,2026-09-27T13:37:59,0x44ecf9c0aa7670944d74612ce70b3f19e368e497972ff09ca28410a4fda97a53,https://etherscan.io/tx/0x44ecf9c0aa7670944d74612ce70b3f19e368e497972ff09ca28410a4fda97a53
0xbc7c0f10eb697dbe156b0b62ef77a9bd2573757e,0x23617e59a5925b2a4bf75d73ff6711cd0b29de85,UniversalRouter,ETH,17.4,2026-09-27T13:36:35,0x5b6824018b908d9364dbbde2349d2862c49d8f6cd373a10f3d47150b13c5d630,https://etherscan.io/tx/0x5b6824018b908d9364dbbde2349d2862c49d8f6cd373a10f3d47150b13c5d630
0xbc7c0f10eb697dbe156b0b62ef77a9bd2573757e,0x23617e59a5925b2a4bf75d73ff6711cd0b29de85,UniversalRouter,ETH,18.3,2026-09-27T13:33:35,0x7cc0543a99356ae5daca2c2c90f2cf56801e61db6e795dce301716ab7a435ca4,https://etherscan.io/tx/0x7cc0543a99356ae5daca2c2c90f2cf56801e61db6e795dce301716ab7a435ca4
0xbc7c0f10eb697dbe156b0b62ef77a9bd2573757e,0x23617e59a5925b2a4bf75d73ff6711cd0b29de85,UniversalRouter,ETH,79.2,2026-09-27T13:27:59,0x328fa28a99323218b5d2f1ad3c6887ea80d7e780c329bd3f3e40784d69fde569,https://etherscan.io/tx/0x328fa28a99323218b5d2f1ad3c6887ea80d7e780c329bd3f3e40784d69fde569
0xbc7c0f10eb697dbe156b0b62ef77a9bd2573757e,0x23617e59a5925b2a4bf75d73ff6711cd0b29de85,UniversalRouter,ETH,36.5,2026-09-27T13:08:35,0x6609e64d473d376b63650520b122d7c5ea18f84da522275aea25d2cf39fce3be,https://etherscan.io/tx/0x6609e64d473d376b63650520b122d7c5ea18f84da522275aea25d2cf39fce3be
0xbc7c0f10eb697dbe156b0b62ef77a9bd2573757e,0x23617e59a5925b2a4bf75d73ff6711cd0b29de85,UniversalRouter,ETH,73.0,2026-09-27T12:49:35,0x81cdaba966ca9b89aa400dbca0663257b6ca53d8785e765b3b665e9fd942fc76,https://etherscan.io/tx/0x81cdaba966ca9b89aa400dbca0663257b6ca53d8785e765b3b665e9fd942fc76
0xbc7c0f10eb697dbe156b0b62ef77a9bd2573757e,0x23617e59a5925b2a4bf75d73ff6711cd0b29de85,UniversalRouter,ETH,0.4,2026-09-27T12:47:11,0xb655d34222d76d11008e37f5de4d9084719455419644d73267bb54b6afc83f06,https://etherscan.io/tx/0xb655d34222d76d11008e37f5de4d9084719455419644d73267bb54b6afc83f06
0xbc7c0f10eb697dbe156b0b62ef77a9bd2573757e,0x23617e59a5925b2a4bf75d73ff6711cd0b29de85,UniversalRouter,ETH,18.68,2026-09-27T12:14:59,0xc2ff2e03bb02dc4bcca190a15478ea4eaf929191cbf30310379a41e1de129c2f,https://etherscan.io/tx/0xc2ff2e03bb02dc4bcca190a15478ea4eaf929191cbf30310379a41e1de129c2f
0xbc7c0f10eb697dbe156b0b62ef77a9bd2573757e,0x23617e59a5925b2a4bf75d73ff6711cd0b29de85,UniversalRouter,ETH,10.0,2026-09-27T12:07:59,0x96ae987bfddcb3d0c616d917ba5d24bb35709b6fce1a2d5342b96556c0cddb92,https://etherscan.io/tx/0x96ae987bfddcb3d0c616d917ba5d24bb35709b6fce1a2d5342b96556c0cddb92
0xbc7c0f10eb697dbe156b0b62ef77a9bd2573757e,0x23617e59a5925b2a4bf75d73ff6711cd0b29de85,UniversalRouter,ETH,3.0,2026-09-27T11:58:35,0xc7af6fe6d7b2faaf88f242299a49c661387c98d02a7aa7b1ae6d45463f606515,https://etherscan.io/tx/0xc7af6fe6d7b2faaf88f242299a49c661387c98d02a7aa7b1ae6d45463f606515
0xbc7c0f10eb697dbe156b0b62ef77a9bd2573757e,0x23617e59a5925b2a4bf75d73ff6711cd0b29de85,UniversalRouter,ETH,0.1,2026-09-27T11:51:47,0x569de4d3b24ce217379b7a0a7f1c1df09d0a1a1d173de096b52bc9b1f9b3cd0e,https://etherscan.io/tx/0x569de4d3b24ce217379b7a0a7f1c1df09d0a1a1d173de096b52bc9b1f9b3cd0e
0x721e30553ed11792432694208ad52736d330f82f,0xa04620dc5d0aac18af64363847be9ab762f608bf,,ETH,0.999867,2026-09-28T04:45:59,0x7f051ac531112bc00815b4922d4ce0fc14f9d2b9410f2885e0d8365e6f72424b,https://etherscan.io/tx/0x7f051ac531112bc00815b4922d4ce0fc14f9d2b9410f2885e0d8365e6f72424b
0x721e30553ed11792432694208ad52736d330f82f,0x8eec4bca3d6e119fbe1778a0eae6b78c36a754c9,,ETH,0.019847,2026-09-27T17:20:35,0xf6573053ae0d12d46b3f19269f4c7e6aa8b20c54423c92cef2a2a0d49d22e544,https://etherscan.io/tx/0xf6573053ae0d12d46b3f19269f4c7e6aa8b20c54423c92cef2a2a0d49d22e544
0x3302cd93a0e22f3bfa7b46b48c27d5428ba93201,0xbc7c0f10eb697dbe156b0b62ef77a9bd2573757e,,ETH,208.688529,2026-09-28T12:30:35,0xeda96ff9c42a20f36826298a31c7204ff38b0046b4e1394077c4d4b8643d7610,https://etherscan.io/tx/0xeda96ff9c42a20f36826298a31c7204ff38b0046b4e1394077c4d4b8643d7610
0x3302cd93a0e22f3bfa7b46b48c27d5428ba93201,0x91a235fa397578102ddb7fe82857ca84eff4a5ee,,ETH,50.0,2026-09-28T12:25:23,0xfdbf81347488dfd81041cb90fe22ca7d27dbfbb971229ca1dc6b971963b62b6d,https://etherscan.io/tx/0xfdbf81347488dfd81041cb90fe22ca7d27dbfbb971229ca1dc6b971963b62b6d
0x3302cd93a0e22f3bfa7b46b48c27d5428ba93201,0x5c768bf29923f221bba75f2f3baab32d793eaea0,,ETH,200.0,2026-09-28T12:21:59,0x1541493080bc84677d7233785a77241b2fbeafc923df8301289a71c28e6eb3b7,https://etherscan.io/tx/0x1541493080bc84677d7233785a77241b2fbeafc923df8301289a71c28e6eb3b7
0x3302cd93a0e22f3bfa7b46b48c27d5428ba93201,0x91a235fa397578102ddb7fe82857ca84eff4a5ee,,ETH,1.0,2026-09-28T12:11:35,0x05e222ce612d1a49982ab1a508046452fef93b10c36e12ae7557f930bbc1cd91,https://etherscan.io/tx/0x05e222ce612d1a49982ab1a508046452fef93b10c36e12ae7557f930bbc1cd91
0x3302cd93a0e22f3bfa7b46b48c27d5428ba93201,0x23617e59a5925b2a4bf75d73ff6711cd0b29de85,UniversalRouter,ETH,1.0,2026-09-28T11:44:47,0x4648ba14ad41a8679819564c2151e27e786011b757457c6e4dfd7a47c32ab00c,https://etherscan.io/tx/0x4648ba14ad41a8679819564c2151e27e786011b757457c6e4dfd7a47c32ab00c
0x3302cd93a0e22f3bfa7b46b48c27d5428ba93201,0x23617e59a5925b2a4bf75d73ff6711cd0b29de85,UniversalRouter,ETH,0.1,2026-09-28T11:40:11,0x153f2cff298b5439c774cf80c59da5c4a393e18fce1fc69596a0569d39f96375,https://etherscan.io/tx/0x153f2cff298b5439c774cf80c59da5c4a393e18fce1fc69596a0569d39f96375
0x91a235fa397578102ddb7fe82857ca84eff4a5ee,0xbc7c0f10eb697dbe156b0b62ef77a9bd2573757e,,ETH,35.831319,2026-09-28T12:30:23,0xb544e22b4dcb2a2b886fbecac32c1218a70efb4af5db9d0f1d340e38dd95b7ac,https://etherscan.io/tx/0xb544e22b4dcb2a2b886fbecac32c1218a70efb4af5db9d0f1d340e38dd95b7ac
0x91a235fa397578102ddb7fe82857ca84eff4a5ee,0x23617e59a5925b2a4bf75d73ff6711cd0b29de85,UniversalRouter,ETH,15.105277,2026-09-28T12:27:11,0x4c8b05fb8c772b612c580b67ee936d567fed16bc9b3fa6224b6ec6e9651e31e9,https://etherscan.io/tx/0x4c8b05fb8c772b612c580b67ee936d567fed16bc9b3fa6224b6ec6e9651e31e9
0x91a235fa397578102ddb7fe82857ca84eff4a5ee,0x23617e59a5925b2a4bf75d73ff6711cd0b29de85,UniversalRouter,ETH,0.137425,2026-09-28T12:18:59,0x93be0749a6deeb150d0ed4e04a28612b0474809af018b0d0acc1b8a4fcbe0dcb,https://etherscan.io/tx/0x93be0749a6deeb150d0ed4e04a28612b0474809af018b0d0acc1b8a4fcbe0dcb
0xfa406e19f2c8e5fcfbe3be214049f39a0f043f02,0xc355dad16dea23515bee205e2a873925eb4a24af,,ETH,99.998,2026-09-28T13:42:23,0xf3459936770d41a4ae493132089ddc0e10b568888ee0d79edd2cbe2d00367570,https://etherscan.io/tx/0xf3459936770d41a4ae493132089ddc0e10b568888ee0d79edd2cbe2d00367570
0xfa406e19f2c8e5fcfbe3be214049f39a0f043f02,0xfff71202b1a51eb3557b03a622e0fc7c0e0c2154,Deposit,ETH,99.999,2026-09-28T13:37:47,0x342690a0a991202415b9455058d3b3e97378962563053dc9d3f075c6e40813a4,https://etherscan.io/tx/0x342690a0a991202415b9455058d3b3e97378962563053dc9d3f075c6e40813a4
0xc355dad16dea23515bee205e2a873925eb4a24af,0x675d9529a0545817e361e63ee65d965310a9bff5,,ETH,99.997,2026-09-28T13:49:47,0xd0eb7dabc15cacb693858a014f31eda0fad533522a47b9636816fd9bb936a0d0,https://etherscan.io/tx/0xd0eb7dabc15cacb693858a014f31eda0fad533522a47b9636816fd9bb936a0d0
0xc355dad16dea23515bee205e2a873925eb4a24af,0x79af74188e8eec26baec24dcb4c8a18400fb0c20,Deposit,ETH,99.997,2026-09-28T13:43:59,0xf542ae71680b451d727f09d2af479d92d3416fd3f357677eeffcbddcda25d4e9,https://etherscan.io/tx/0xf542ae71680b451d727f09d2af479d92d3416fd3f357677eeffcbddcda25d4e9
0x675d9529a0545817e361e63ee65d965310a9bff5,0xc829c55b554751357a682c5ad2e069e069f8dd4b,,ETH,99.9959,2026-09-28T13:54:59,0xf4eff9682464581af87e5301153bbfcba0dd44bc0e0c599456816e5a268346ca,https://etherscan.io/tx/0xf4eff9682464581af87e5301153bbfcba0dd44bc0e0c599456816e5a268346ca
0x675d9529a0545817e361e63ee65d965310a9bff5,0x53df77e44a66212e7bc674354c7ed0bca1871918,Deposit,ETH,99.996,2026-09-28T13:51:11,0x7080a659d0e8b9a08c595626d4631c85633081a28c7785be8d2ea1676d731fa0,https://etherscan.io/tx/0x7080a659d0e8b9a08c595626d4631c85633081a28c7785be8d2ea1676d731fa0
0xc829c55b554751357a682c5ad2e069e069f8dd4b,0xb9d5e7372bfcbe6c707b61f171cab104a90a3d69,,ETH,49.9955,2026-09-28T14:19:47,0x8a5ae06d2ac43a4e4392620e0a492d7509b124771f0704983b8217add1a3d141,https://etherscan.io/tx/0x8a5ae06d2ac43a4e4392620e0a492d7509b124771f0704983b8217add1a3d141
0xc829c55b554751357a682c5ad2e069e069f8dd4b,0x5c7bcd6e7de5423a257d81b442095a1a6ced35c5,ERC1967Proxy,ETH,50.0,2026-09-28T13:57:11,0xe7a5a3b3b5aa02a785d8c233c241b170fff4b38ad0da6cfb18eaddb1d3890d4e,https://etherscan.io/tx/0xe7a5a3b3b5aa02a785d8c233c241b170fff4b38ad0da6cfb18eaddb1d3890d4e
0x865d5600118703043d03b5285969fd5077ea6715,0x2fb385dd06a8212c5c13cbf0efedcb3d1cde7894,,ETH,63.279,2026-09-28T13:24:11,0xe8b5013d207b37bb8711bd1a9c839be67f0324559035fa201aa245e589ab8c60,https://etherscan.io/tx/0xe8b5013d207b37bb8711bd1a9c839be67f0324559035fa201aa245e589ab8c60
0x865d5600118703043d03b5285969fd5077ea6715,0x0deb711cacee2b80d0e31882d377034923036d98,,ETH,63.279,2026-09-28T13:22:23,0x2f009dd4a38f9213e0eed9c80715b8e7f219c510b2d091b0458f256708ddb2c7,https://etherscan.io/tx/0x2f009dd4a38f9213e0eed9c80715b8e7f219c510b2d091b0458f256708ddb2c7
0x0deb711cacee2b80d0e31882d377034923036d98,0x470a11d49850853bde13b667ed07d6e7214efaeb,,ETH,31.777858,2026-09-28T14:06:59,0xc877e7ec873d3c8f0a7fe80342193460e2fa7835cc31bf37f65f5f779f73cb15,https://etherscan.io/tx/0xc877e7ec873d3c8f0a7fe80342193460e2fa7835cc31bf37f65f5f779f73cb15
0x0deb711cacee2b80d0e31882d377034923036d98,0xe7e68d336f90f98d22a479253eafa5f2424acad8,OnchainGateway,ETH,31.50015,2026-09-28T13:26:47,0x54e2aaee7c2c6a13d3795b995fcfc4002dbdfde976c59071a1e3a7b1fe357ed5,https://etherscan.io/tx/0x54e2aaee7c2c6a13d3795b995fcfc4002dbdfde976c59071a1e3a7b1fe357ed5
0x2fb385dd06a8212c5c13cbf0efedcb3d1cde7894,0x6f7bc7d2e20a2c2b5a63901e7216b01383f888b6,,ETH,31.278959,2026-09-28T13:30:35,0xe014c87e179e81813a0df948638d9e59bedd362a9d20e4fdc64eb75c5aa52d6d,https://etherscan.io/tx/0xe014c87e179e81813a0df948638d9e59bedd362a9d20e4fdc64eb75c5aa52d6d
0x2fb385dd06a8212c5c13cbf0efedcb3d1cde7894,0x0fc8dac9c3d857acc3d53b8a1c0b5b2cb29411b0,,ETH,32.0,2026-09-28T13:27:35,0x820bc2035db5b706e56364a9dbaac2a08500690835ba04b76b46ec176ff7c975,https://etherscan.io/tx/0x820bc2035db5b706e56364a9dbaac2a08500690835ba04b76b46ec176ff7c975
0x0fc8dac9c3d857acc3d53b8a1c0b5b2cb29411b0,0xe3478b0bb1a5084567c319096437924948be1964,,ETH,0.004085,2026-09-28T13:30:35,0x8fb5f464d5171cc854aaf1fb6a50101d60edef55f7d028449ef6c650ecfd45ec,https://etherscan.io/tx/0x8fb5f464d5171cc854aaf1fb6a50101d60edef55f7d028449ef6c650ecfd45ec
0x0fc8dac9c3d857acc3d53b8a1c0b5b2cb29411b0,0xe7e68d336f90f98d22a479253eafa5f2424acad8,OnchainGateway,ETH,31.99515,2026-09-28T13:30:35,0xc42434e102d1d5b06b16e9678959bb1f1b15de5951d2c68c4f2615c376cf83c0,https://etherscan.io/tx/0xc42434e102d1d5b06b16e9678959bb1f1b15de5951d2c68c4f2615c376cf83c0
0x6f7bc7d2e20a2c2b5a63901e7216b01383f888b6,0xe7e68d336f90f98d22a479253eafa5f2424acad8,OnchainGateway,ETH,31.27515,2026-09-28T13:31:23,0x294422e2ba31318f05db3e35f4e6aad791c9a4a8f5a8adac5dba2db7abf0e519,https://etherscan.io/tx/0x294422e2ba31318f05db3e35f4e6aad791c9a4a8f5a8adac5dba2db7abf0e519
0xd2c2f029eff5cacc686f24377cfddcfc82d9f899,0x600cfedc6bd65fa79b604dc44964f419e45784b2,,ETH,110.98642,2026-09-27T20:06:59,0x384008a6c572f8d486ea651094e77dc2cedc44b39eba91115b450de6907ecf21,https://etherscan.io/tx/0x384008a6c572f8d486ea651094e77dc2cedc44b39eba91115b450de6907ecf21
0xd2c2f029eff5cacc686f24377cfddcfc82d9f899,0x9ea12e0bfb370a8f9acd0bd833381d17b1522ee9,,ETH,55.760328,2026-09-27T19:56:23,0x294db4d35f5332701f8a734978a8424b808b3b81a8311d3982a2fd6c78c3acad,https://etherscan.io/tx/0x294db4d35f5332701f8a734978a8424b808b3b81a8311d3982a2fd6c78c3acad
0xd2c2f029eff5cacc686f24377cfddcfc82d9f899,0x7d301870042e52455444a30f4e3fb7aef6522268,,ETH,124.197602,2026-09-27T19:55:47,0x8b0249361650e41223b5991001d8af6221d53dcbf43981471ed0965af43b84cd,https://etherscan.io/tx/0x8b0249361650e41223b5991001d8af6221d53dcbf43981471ed0965af43b84cd
0xd2c2f029eff5cacc686f24377cfddcfc82d9f899,0x5648b985f91616470edf7bba8775a3a5f7caf70c,,ETH,110.026494,2026-09-27T19:54:47,0xb64cc646e2332e57773575b543216de308c0547478088881498fcec3b2486c37,https://etherscan.io/tx/0xb64cc646e2332e57773575b543216de308c0547478088881498fcec3b2486c37
0xd2c2f029eff5cacc686f24377cfddcfc82d9f899,0x4969741f4e33172a3eea54f8ea2df3779a04ac34,,ETH,193.592409,2026-09-27T19:38:47,0xf3298ea1f4496ca9d5a547572dec4a40e18698f748a051bbf47424f2ba388cd6,https://etherscan.io/tx/0xf3298ea1f4496ca9d5a547572dec4a40e18698f748a051bbf47424f2ba388cd6
0xd2c2f029eff5cacc686f24377cfddcfc82d9f899,0x5648b985f91616470edf7bba8775a3a5f7caf70c,,ETH,121.299507,2026-09-27T19:26:35,0xce898cf94308365b7e721310f70c31effaa34ef488c34b77a7b83f3d1be41941,https://etherscan.io/tx/0xce898cf94308365b7e721310f70c31effaa34ef488c34b77a7b83f3d1be41941
0xd2c2f029eff5cacc686f24377cfddcfc82d9f899,0x8cd81d5132fb50f3c51e1bf377aee8a0da9988cf,,ETH,80.988491,2026-09-27T19:19:35,0xda68d1165b33b9e7b31e6972feae497fa41a8951fefc8e2181cd15999d1f2f28,https://etherscan.io/tx/0xda68d1165b33b9e7b31e6972feae497fa41a8951fefc8e2181cd15999d1f2f28
0xd2c2f029eff5cacc686f24377cfddcfc82d9f899,0xbc3b7250cc94c70d0b56bf4bcf83fd0bf0ef2508,,ETH,223.069245,2026-09-27T19:15:11,0x2122585d41786d48ba8857b96311dd76b7f383d89611f8ff5e611e30587c73e2,https://etherscan.io/tx/0x2122585d41786d48ba8857b96311dd76b7f383d89611f8ff5e611e30587c73e2
0xd2c2f029eff5cacc686f24377cfddcfc82d9f899,0xf7bc92103f23ef312658cd9b81dc2713f7b396c3,,ETH,211.424987,2026-09-27T19:09:11,0xab4b1bdd0b3bac36c16678392970ad123aa825d22551eaa662855cfa21ff56ad,https://etherscan.io/tx/0xab4b1bdd0b3bac36c16678392970ad123aa825d22551eaa662855cfa21ff56ad
0xd2c2f029eff5cacc686f24377cfddcfc82d9f899,0x8719fcbfcb3f9caeb198c8910ffeecc1e321e61c,,ETH,145.200829,2026-09-27T18:57:11,0x635a24cfce4cdd5c66c4351a86530e91f44b22503887903aee2b674b6a610d91,https://etherscan.io/tx/0x635a24cfce4cdd5c66c4351a86530e91f44b22503887903aee2b674b6a610d91
0xd2c2f029eff5cacc686f24377cfddcfc82d9f899,0xf7bc92103f23ef312658cd9b81dc2713f7b396c3,,ETH,208.477156,2026-09-27T18:52:11,0x53348ff71919f9b312f40023783b078cc54c436d76316e597e1d1b5abcc0da96,https://etherscan.io/tx/0x53348ff71919f9b312f40023783b078cc54c436d76316e597e1d1b5abcc0da96
0xd2c2f029eff5cacc686f24377cfddcfc82d9f899,0xc9a693ab09b1a6a8320919105d62c0f754bc592c,,ETH,195.081013,2026-09-27T18:51:35,0xd86ff54ed443b45fe8165f99bc2762d9e18d13d9e8eb28043657ffd95cfce048,https://etherscan.io/tx/0xd86ff54ed443b45fe8165f99bc2762d9e18d13d9e8eb28043657ffd95cfce048
0xd2c2f029eff5cacc686f24377cfddcfc82d9f899,0x5648b985f91616470edf7bba8775a3a5f7caf70c,,ETH,67.838846,2026-09-27T18:46:35,0x77b09355ffe7da22aab001c33da379036e32f9d9b4d68f9baa8c5606dd06286b,https://etherscan.io/tx/0x77b09355ffe7da22aab001c33da379036e32f9d9b4d68f9baa8c5606dd06286b
0xd2c2f029eff5cacc686f24377cfddcfc82d9f899,0xf7bc92103f23ef312658cd9b81dc2713f7b396c3,,ETH,203.338711,2026-09-27T18:45:11,0x4ecb9635b59b61e919a47f77c28b80f1b21b4f1964e69e02d21e27e607deaf5e,https://etherscan.io/tx/0x4ecb9635b59b61e919a47f77c28b80f1b21b4f1964e69e02d21e27e607deaf5e
0xd2c2f029eff5cacc686f24377cfddcfc82d9f899,0x426874600f34edc1eecb63aee383ddc0b9a42293,,ETH,24.508588,2026-09-27T18:32:59,0x6c06722514c86ec4a01ccb1545fa8a34b2986520d7551f383539b2c1c0b6823e,https://etherscan.io/tx/0x6c06722514c86ec4a01ccb1545fa8a34b2986520d7551f383539b2c1c0b6823e
0xd2c2f029eff5cacc686f24377cfddcfc82d9f899,0x425775ddda26ea78d0822c17ce39251d94a0a47c,,ETH,54.753941,2026-09-27T18:32:23,0xc109b89ddcfb90093664daf42d2411600dfb2cd7bb824fdb92c3c8971832efdc,https://etherscan.io/tx/0xc109b89ddcfb90093664daf42d2411600dfb2cd7bb824fdb92c3c8971832efdc
0xd2c2f029eff5cacc686f24377cfddcfc82d9f899,0x5648b985f91616470edf7bba8775a3a5f7caf70c,,ETH,232.960855,2026-09-27T18:31:47,0xc5dbf99f5f0aa0369b37e0c5ac037167c25c1fa01a3495ad3815fd8ded341f10,https://etherscan.io/tx/0xc5dbf99f5f0aa0369b37e0c5ac037167c25c1fa01a3495ad3815fd8ded341f10
0xd2c2f029eff5cacc686f24377cfddcfc82d9f899,0xf7bc92103f23ef312658cd9b81dc2713f7b396c3,,ETH,208.342061,2026-09-27T18:31:11,0x34d077835656006bce2b7e5168902a0ac2ea81443baf629257276157687ef577,https://etherscan.io/tx/0x34d077835656006bce2b7e5168902a0ac2ea81443baf629257276157687ef577
0xd2c2f029eff5cacc686f24377cfddcfc82d9f899,0x5648b985f91616470edf7bba8775a3a5f7caf70c,,ETH,183.383046,2026-09-27T18:23:23,0xe1c7178040d427186bd89332d948bbbc29ac65fd70dbb03daddb7776ccc34098,https://etherscan.io/tx/0xe1c7178040d427186bd89332d948bbbc29ac65fd70dbb03daddb7776ccc34098
0xd2c2f029eff5cacc686f24377cfddcfc82d9f899,0xc9a693ab09b1a6a8320919105d62c0f754bc592c,,ETH,177.248651,2026-09-27T18:17:59,0x9d9bf36a9232e0d578ce429195bcf912a0a6d211f8e49765b0e4793009a25ebc,https://etherscan.io/tx/0x9d9bf36a9232e0d578ce429195bcf912a0a6d211f8e49765b0e4793009a25ebc
0xd2c2f029eff5cacc686f24377cfddcfc82d9f899,0xf7bc92103f23ef312658cd9b81dc2713f7b396c3,,ETH,405.481789,2026-09-27T18:17:23,0x6aafda6edc3ab4d38b5a0569f6081b6277e01e68eccc7a909f4525dea7c5e8d9,https://etherscan.io/tx/0x6aafda6edc3ab4d38b5a0569f6081b6277e01e68eccc7a909f4525dea7c5e8d9
0xd2c2f029eff5cacc686f24377cfddcfc82d9f899,0x4969741f4e33172a3eea54f8ea2df3779a04ac34,,ETH,64.46073,2026-09-27T18:16:47,0xf57943185ee06a586622e9e100a8e0e02770fab393f789e32de65a1df3679023,https://etherscan.io/tx/0xf57943185ee06a586622e9e100a8e0e02770fab393f789e32de65a1df3679023
0xd2c2f029eff5cacc686f24377cfddcfc82d9f899,0x5648b985f91616470edf7bba8775a3a5f7caf70c,,ETH,132.594276,2026-09-27T17:53:35,0x26ad55b53f650d21b722b75e647713aa72300d052a27ddddf1e2197f93859784,https://etherscan.io/tx/0x26ad55b53f650d21b722b75e647713aa72300d052a27ddddf1e2197f93859784
0xd2c2f029eff5cacc686f24377cfddcfc82d9f899,0xc9a693ab09b1a6a8320919105d62c0f754bc592c,,ETH,161.151226,2026-09-27T17:52:23,0x9b2853792494239d71239c00e140af13fa1ca751b2f3ae7daaf8780ce64cb3f0,https://etherscan.io/tx/0x9b2853792494239d71239c00e140af13fa1ca751b2f3ae7daaf8780ce64cb3f0
0xd2c2f029eff5cacc686f24377cfddcfc82d9f899,0xf7bc92103f23ef312658cd9b81dc2713f7b396c3,,ETH,204.453412,2026-09-27T17:51:23,0xb09b21d7d29e85f8cc5349b66f4fcbcd829f5ee0e36419b452d12b4dcf1a452e,https://etherscan.io/tx/0xb09b21d7d29e85f8cc5349b66f4fcbcd829f5ee0e36419b452d12b4dcf1a452e
0xd2c2f029eff5cacc686f24377cfddcfc82d9f899,0xc9a693ab09b1a6a8320919105d62c0f754bc592c,,ETH,160.979516,2026-09-27T17:24:35,0xba580ce63f977d046c93b45d07fa2213598270e60eaf845aa73f059243e66ac1,https://etherscan.io/tx/0xba580ce63f977d046c93b45d07fa2213598270e60eaf845aa73f059243e66ac1
0xd2c2f029eff5cacc686f24377cfddcfc82d9f899,0xf7bc92103f23ef312658cd9b81dc2713f7b396c3,,ETH,258.479176,2026-09-27T17:23:59,0x0b53553f8d99ee5fd488d1c01049adb559763751ef8291ad695f0dd96c816eb5,https://etherscan.io/tx/0x0b53553f8d99ee5fd488d1c01049adb559763751ef8291ad695f0dd96c816eb5
0xd2c2f029eff5cacc686f24377cfddcfc82d9f899,0x5648b985f91616470edf7bba8775a3a5f7caf70c,,ETH,280.872729,2026-09-27T17:23:23,0x0f31c3ff0d187d6a9e050f04e5c38f5daa7bfeb84af26af610c7344b7ed7fbc2,https://etherscan.io/tx/0x0f31c3ff0d187d6a9e050f04e5c38f5daa7bfeb84af26af610c7344b7ed7fbc2
0xd2c2f029eff5cacc686f24377cfddcfc82d9f899,0x43848aa5a092a9f4382c3e6eacc0bc47fe2a979c,,ETH,160.77203,2026-09-27T17:22:47,0xfe945810296b9b943e1077b30eb7665794abc4b4068f5251c4b83665022e457d,https://etherscan.io/tx/0xfe945810296b9b943e1077b30eb7665794abc4b4068f5251c4b83665022e457d
0xd2c2f029eff5cacc686f24377cfddcfc82d9f899,0xa34e6599c38b131f32c84f623b77cf283c9a178f,,ETH,24.170627,2026-09-27T17:13:11,0x74de58a6bb42e3c2917eac948443ef300055af6453e16bcbf31c95982c0e369b,https://etherscan.io/tx/0x74de58a6bb42e3c2917eac948443ef300055af6453e16bcbf31c95982c0e369b
0xd2c2f029eff5cacc686f24377cfddcfc82d9f899,0xf7bc92103f23ef312658cd9b81dc2713f7b396c3,,ETH,322.618641,2026-09-27T17:12:35,0x665d3e50b7d088c4ec71f0c8f4dfb8b9f1f1e94546ee2efa029ed3a25e505f94,https://etherscan.io/tx/0x665d3e50b7d088c4ec71f0c8f4dfb8b9f1f1e94546ee2efa029ed3a25e505f94
0xd2c2f029eff5cacc686f24377cfddcfc82d9f899,0xa8d8401b0d1798c95e4d5c0d37c1aabb25730cb0,,ETH,123.170828,2026-09-27T17:11:11,0xb94204e0235b1cdeb16b9f76700c274fc3155c03a7099af2e930f29cd11cc0e5,https://etherscan.io/tx/0xb94204e0235b1cdeb16b9f76700c274fc3155c03a7099af2e930f29cd11cc0e5
0xd2c2f029eff5cacc686f24377cfddcfc82d9f899,0xa509b37c42cc0df5cd0ad76599888faf4bd1889f,,ETH,143.859942,2026-09-27T17:10:35,0x41ef1677cdc05e766f95ea612294a74f7a4eda67611b5ef9e00aef2b5177d48f,https://etherscan.io/tx/0x41ef1677cdc05e766f95ea612294a74f7a4eda67611b5ef9e00aef2b5177d48f
0xd2c2f029eff5cacc686f24377cfddcfc82d9f899,0x43848aa5a092a9f4382c3e6eacc0bc47fe2a979c,,ETH,152.168821,2026-09-27T17:09:59,0x37fa9066a572c153aa934496e0c727dc37f128242fbb67fd8f81a3a1dbf9f25c,https://etherscan.io/tx/0x37fa9066a572c153aa934496e0c727dc37f128242fbb67fd8f81a3a1dbf9f25c
0xd2c2f029eff5cacc686f24377cfddcfc82d9f899,0x5648b985f91616470edf7bba8775a3a5f7caf70c,,ETH,193.227178,2026-09-27T17:09:23,0xd28d53a53b8af4efa25301539fadc9284e3614c43ae16884e1c5d17eed0ca7a1,https://etherscan.io/tx/0xd28d53a53b8af4efa25301539fadc9284e3614c43ae16884e1c5d17eed0ca7a1
0xd2c2f029eff5cacc686f24377cfddcfc82d9f899,0x7381800cb1ae92a50aaee4e164a5598da24f56f2,,ETH,39.138294,2026-09-27T16:41:35,0x00f28a64c83b213b965fd2971f632f9702218adb138bae558dcc63d4e4ac13a6,https://etherscan.io/tx/0x00f28a64c83b213b965fd2971f632f9702218adb138bae558dcc63d4e4ac13a6
0xd2c2f029eff5cacc686f24377cfddcfc82d9f899,0x5648b985f91616470edf7bba8775a3a5f7caf70c,,ETH,163.445506,2026-09-27T16:04:35,0x747afab8e53049057c6058db838db6c5a3822105e7a889d3c8daf4ac1d19ed79,https://etherscan.io/tx/0x747afab8e53049057c6058db838db6c5a3822105e7a889d3c8daf4ac1d19ed79
0xd2c2f029eff5cacc686f24377cfddcfc82d9f899,0x43848aa5a092a9f4382c3e6eacc0bc47fe2a979c,,ETH,158.706508,2026-09-27T16:03:59,0x7c8d11aa2082fbf1cf62dce0ba068f200516e2aa7e4f681bab1bb3b367fbb5b9,https://etherscan.io/tx/0x7c8d11aa2082fbf1cf62dce0ba068f200516e2aa7e4f681bab1bb3b367fbb5b9
0xd2c2f029eff5cacc686f24377cfddcfc82d9f899,0xb488886d0bc487e4d1547a5281722ab257b1a17f,,ETH,23.869177,2026-09-27T15:46:23,0xe616f5b43db820efa9d995bfcef17c21c5527cb7cff3b02623b0dfe8fc942d42,https://etherscan.io/tx/0xe616f5b43db820efa9d995bfcef17c21c5527cb7cff3b02623b0dfe8fc942d42
0xd2c2f029eff5cacc686f24377cfddcfc82d9f899,0x9836dbd8c7b99cb8c64dc1bd3798dec53687a9ee,,ETH,45.63313,2026-09-27T15:42:59,0x7f663796f2df96a764b4d93ce65e7aeaf9c4d44a5d2becf03b3c2b2a84796c9a,https://etherscan.io/tx/0x7f663796f2df96a764b4d93ce65e7aeaf9c4d44a5d2becf03b3c2b2a84796c9a
0xd2c2f029eff5cacc686f24377cfddcfc82d9f899,0x4bd41f44577def74f532b0c3b3a94fd50e7c5e6e,,ETH,18.9624,2026-09-27T15:41:59,0x11127e86831ca0683294a893864487f5955062290c9cd0274ed48f48541d94f2,https://etherscan.io/tx/0x11127e86831ca0683294a893864487f5955062290c9cd0274ed48f48541d94f2
0xd2c2f029eff5cacc686f24377cfddcfc82d9f899,0xf7bc92103f23ef312658cd9b81dc2713f7b396c3,,ETH,266.315137,2026-09-27T15:41:23,0xf1b1ff0027137cc8d33c81d4176c1da0d1a37710b8e4859f5a879818f45c4dbe,https://etherscan.io/tx/0xf1b1ff0027137cc8d33c81d4176c1da0d1a37710b8e4859f5a879818f45c4dbe
0xd2c2f029eff5cacc686f24377cfddcfc82d9f899,0x5648b985f91616470edf7bba8775a3a5f7caf70c,,ETH,113.629974,2026-09-27T15:29:47,0x7a72dad5cffb90984649c96701a145983615512a12df3befa88f5cce8094d104,https://etherscan.io/tx/0x7a72dad5cffb90984649c96701a145983615512a12df3befa88f5cce8094d104
0xd2c2f029eff5cacc686f24377cfddcfc82d9f899,0x4a777646417b0fd34715d2b21d4a132c06aed330,,ETH,160.318607,2026-09-27T15:21:35,0x39222599ce34e81e5d31505ccf5bf00f6e54598beb44983fdcba11174f85efe8,https://etherscan.io/tx/0x39222599ce34e81e5d31505ccf5bf00f6e54598beb44983fdcba11174f85efe8
0xd2c2f029eff5cacc686f24377cfddcfc82d9f899,0x1c1bfe68ff459601ab4366cc7f1d471b2f574413,,ETH,76.132558,2026-09-27T15:20:59,0x3f2e8d2a173665e2db01355734fca065992a465a494dcf9ecfe4ffa4045827a9,https://etherscan.io/tx/0x3f2e8d2a173665e2db01355734fca065992a465a494dcf9ecfe4ffa4045827a9
0xd2c2f029eff5cacc686f24377cfddcfc82d9f899,0x5648b985f91616470edf7bba8775a3a5f7caf70c,,ETH,116.830552,2026-09-27T15:20:23,0xae648f7c824cd0ac2006d03f3b3f8edc5d2e8c0a8e22885e7ef703359e471e7c,https://etherscan.io/tx/0xae648f7c824cd0ac2006d03f3b3f8edc5d2e8c0a8e22885e7ef703359e471e7c
0xd2c2f029eff5cacc686f24377cfddcfc82d9f899,0x7900c23e65741a18fe9c0b6dff984dd11a6084c1,,ETH,38.625953,2026-09-27T15:16:35,0xd9417a305f8215e1c6bb298b0da4aba820b907c30d5bbcab261152297669295d,https://etherscan.io/tx/0xd9417a305f8215e1c6bb298b0da4aba820b907c30d5bbcab261152297669295d
0xd2c2f029eff5cacc686f24377cfddcfc82d9f899,0xe524580bfdf8eb04f4da8d2176c6186c553915b4,,ETH,150.261218,2026-09-27T15:15:47,0x04d874525688b469c2a56215ef75aa65da4a097c21de8dc46330962e06e70a9b,https://etherscan.io/tx/0x04d874525688b469c2a56215ef75aa65da4a097c21de8dc46330962e06e70a9b
0xd2c2f029eff5cacc686f24377cfddcfc82d9f899,0x4a777646417b0fd34715d2b21d4a132c06aed330,,ETH,160.582905,2026-09-27T15:15:11,0xb5202cc522006ff0328877001f19c1686513221bc6600c364541b47f00f96fce,https://etherscan.io/tx/0xb5202cc522006ff0328877001f19c1686513221bc6600c364541b47f00f96fce
0xd2c2f029eff5cacc686f24377cfddcfc82d9f899,0xff0b3b1e7f2e1628c05dbf9a7bf612757e6f6187,,ETH,18.428915,2026-09-27T15:14:35,0x844e85b14ffc7d10fdd9ff15e494e184da1f93ba79e12f9b4c3b41b5deb1efdd,https://etherscan.io/tx/0x844e85b14ffc7d10fdd9ff15e494e184da1f93ba79e12f9b4c3b41b5deb1efdd
0xd2c2f029eff5cacc686f24377cfddcfc82d9f899,0x5648b985f91616470edf7bba8775a3a5f7caf70c,,ETH,107.724459,2026-09-27T14:52:23,0xe4190ef124c9f5bff147a58a318f4d095d90fdd27a6396f153869f72d34b7874,https://etherscan.io/tx/0xe4190ef124c9f5bff147a58a318f4d095d90fdd27a6396f153869f72d34b7874
0xd2c2f029eff5cacc686f24377cfddcfc82d9f899,0x5648b985f91616470edf7bba8775a3a5f7caf70c,,ETH,140.111656,2026-09-27T14:26:59,0x4c1f682510fb902b68a90c66c60b5d937b4f21c0165d4118391f1630f51730a1,https://etherscan.io/tx/0x4c1f682510fb902b68a90c66c60b5d937b4f21c0165d4118391f1630f51730a1
0xd2c2f029eff5cacc686f24377cfddcfc82d9f899,0x4a777646417b0fd34715d2b21d4a132c06aed330,,ETH,160.132372,2026-09-27T14:20:47,0xb0867ce10cd8ed86828cf52300f7af02fffcf8a85388fd6537cb06704f200c0c,https://etherscan.io/tx/0xb0867ce10cd8ed86828cf52300f7af02fffcf8a85388fd6537cb06704f200c0c
0xd2c2f029eff5cacc686f24377cfddcfc82d9f899,0x5648b985f91616470edf7bba8775a3a5f7caf70c,,ETH,163.485866,2026-09-27T14:19:35,0xa5c9ded667986e6b992b11263d533f964f3af90983ad1bf4210816a6a438b4c3,https://etherscan.io/tx/0xa5c9ded667986e6b992b11263d533f964f3af90983ad1bf4210816a6a438b4c3
0xd2c2f029eff5cacc686f24377cfddcfc82d9f899,0xe524580bfdf8eb04f4da8d2176c6186c553915b4,,ETH,163.291611,2026-09-27T14:14:23,0xf656644d86e60c32fb1ada71de1f377e4ee8392b85ec96b97c6f8a36a25955f4,https://etherscan.io/tx/0xf656644d86e60c32fb1ada71de1f377e4ee8392b85ec96b97c6f8a36a25955f4
0xd2c2f029eff5cacc686f24377cfddcfc82d9f899,0x5648b985f91616470edf7bba8775a3a5f7caf70c,,ETH,138.565584,2026-09-27T14:01:47,0x1cd64921e7eb4b8b798715dd54d3ec6d57d693d6b3fa802f27444f4fe5c9a619,https://etherscan.io/tx/0x1cd64921e7eb4b8b798715dd54d3ec6d57d693d6b3fa802f27444f4fe5c9a619
0xd2c2f029eff5cacc686f24377cfddcfc82d9f899,0x5648b985f91616470edf7bba8775a3a5f7caf70c,,ETH,116.660159,2026-09-27T13:44:59,0x850a9c2f2d682af20a7752303af75e459018ddd3f69935d18727947ee2d58108,https://etherscan.io/tx/0x850a9c2f2d682af20a7752303af75e459018ddd3f69935d18727947ee2d58108
0xd2c2f029eff5cacc686f24377cfddcfc82d9f899,0x69331d88a80aa17636b136913e03a665e788e752,,ETH,45.235699,2026-09-27T13:36:35,0x587ccaeaef726ee068173292848e54978a7b20b9c3491b226087637513210a0c,https://etherscan.io/tx/0x587ccaeaef726ee068173292848e54978a7b20b9c3491b226087637513210a0c
0xd2c2f029eff5cacc686f24377cfddcfc82d9f899,0x5648b985f91616470edf7bba8775a3a5f7caf70c,,ETH,144.14289,2026-09-27T13:35:35,0x1fd75787cb7fb4fc073a4b303032ba4e57371b254b823b8dfe5e4c94a9494176,https://etherscan.io/tx/0x1fd75787cb7fb4fc073a4b303032ba4e57371b254b823b8dfe5e4c94a9494176
0xd2c2f029eff5cacc686f24377cfddcfc82d9f899,0x5648b985f91616470edf7bba8775a3a5f7caf70c,,ETH,307.809558,2026-09-27T13:24:35,0x3298b807db41608faeebaa93c1ca5dc2b111d95e34e0a2b18130c5d8459610fb,https://etherscan.io/tx/0x3298b807db41608faeebaa93c1ca5dc2b111d95e34e0a2b18130c5d8459610fb
0xd2c2f029eff5cacc686f24377cfddcfc82d9f899,0x7e0e5e5e2f03b57114d67ae6d1f6c788a1fbbc37,,ETH,23.393315,2026-09-27T13:24:11,0x4464d042f0b3f3730971559e80b410dc9d9ce59c254c5f3a8bc1a53a01f43ece,https://etherscan.io/tx/0x4464d042f0b3f3730971559e80b410dc9d9ce59c254c5f3a8bc1a53a01f43ece
0xd2c2f029eff5cacc686f24377cfddcfc82d9f899,0x5ecba5d6e97bf6152c256457df53ed1dbd27e513,,ETH,216.897646,2026-09-27T13:23:35,0x021fbafca202afc7f44845eaac0ae731830d026a34d4268aad6cef064baa4b7f,https://etherscan.io/tx/0x021fbafca202afc7f44845eaac0ae731830d026a34d4268aad6cef064baa4b7f
0xd2c2f029eff5cacc686f24377cfddcfc82d9f899,0x1450db30a34a270d1bc4dd4521faf0c9d12a8b99,,ETH,37.83431,2026-09-27T13:14:35,0x8ea4a12d52676c7a692a90e434d10d8d59f216ccecf52ca2cb87ac1ac3dbc348,https://etherscan.io/tx/0x8ea4a12d52676c7a692a90e434d10d8d59f216ccecf52ca2cb87ac1ac3dbc348
0xd2c2f029eff5cacc686f24377cfddcfc82d9f899,0xe524580bfdf8eb04f4da8d2176c6186c553915b4,,ETH,148.128033,2026-09-27T12:48:35,0x1cddde369acabb2d2a5838f024e676b986ab6695cb3d378ea183db98b22b5ee3,https://etherscan.io/tx/0x1cddde369acabb2d2a5838f024e676b986ab6695cb3d378ea183db98b22b5ee3
0xd2c2f029eff5cacc686f24377cfddcfc82d9f899,0x5648b985f91616470edf7bba8775a3a5f7caf70c,,ETH,112.383528,2026-09-27T12:31:47,0x32c048669c5141025ada16208f5c759f27216315b8949cfdccf3d937d70e4157,https://etherscan.io/tx/0x32c048669c5141025ada16208f5c759f27216315b8949cfdccf3d937d70e4157
0xd2c2f029eff5cacc686f24377cfddcfc82d9f899,0xe524580bfdf8eb04f4da8d2176c6186c553915b4,,ETH,160.596435,2026-09-27T12:12:47,0xf905f207abc33cf1d024e80184ecd647d6cf7732eec2ed0622f929469250db83,https://etherscan.io/tx/0xf905f207abc33cf1d024e80184ecd647d6cf7732eec2ed0622f929469250db83
0xd2c2f029eff5cacc686f24377cfddcfc82d9f899,0x5648b985f91616470edf7bba8775a3a5f7caf70c,,ETH,31.884905,2026-09-27T11:27:35,0x6020be011d7ab9082ce152603194a93cfe454a9be37f4cf66e3ead84ae695e0e,https://etherscan.io/tx/0x6020be011d7ab9082ce152603194a93cfe454a9be37f4cf66e3ead84ae695e0e
0xd2c2f029eff5cacc686f24377cfddcfc82d9f899,0x035d3fd294357c41274f28206eee95a2efe24911,,ETH,22.986904,2026-09-27T11:26:59,0x34f141e1a10974ee0f5e1b0d8a237794dea76eaed6f326e1b328134fcedb96d6,https://etherscan.io/tx/0x34f141e1a10974ee0f5e1b0d8a237794dea76eaed6f326e1b328134fcedb96d6
0xd2c2f029eff5cacc686f24377cfddcfc82d9f899,0xd8d798d5cefdc58f0450a2885add5c1d40776c49,,ETH,213.642153,2026-09-27T11:26:23,0xdc359cac464267d7800935f385f6071e77d18b914c04d149b2597bf620843fae,https://etherscan.io/tx/0xdc359cac464267d7800935f385f6071e77d18b914c04d149b2597bf620843fae
0xd2c2f029eff5cacc686f24377cfddcfc82d9f899,0xb3bb9f35d7c6c9a629ea2c9e159927d5c811074e,,ETH,145.815827,2026-09-27T11:25:47,0x3781a78eeaa2887c38fc00e542840799e50efa371e8b2aee2c33c03d27d8d42a,https://etherscan.io/tx/0x3781a78eeaa2887c38fc00e542840799e50efa371e8b2aee2c33c03d27d8d42a
0xd2c2f029eff5cacc686f24377cfddcfc82d9f899,0x75fba9c9738b8ef80e79faaceef374878328f9e4,,ETH,44.224021,2026-09-27T11:25:23,0x164b802924aa8c4274d3e585dc61f3d917d8941752fc659e8f4b844b2b8eab78,https://etherscan.io/tx/0x164b802924aa8c4274d3e585dc61f3d917d8941752fc659e8f4b844b2b8eab78
0xd2c2f029eff5cacc686f24377cfddcfc82d9f899,0x6d7d5c555addf1cb59a69abb05cc5d453bc2c8e8,,ETH,37.280071,2026-09-27T11:24:47,0xc18f2a81ad16b72e97ff7cb1b5186608d6b5d1682ad56adb9030a429fb58b315,https://etherscan.io/tx/0xc18f2a81ad16b72e97ff7cb1b5186608d6b5d1682ad56adb9030a429fb58b315
0xd2c2f029eff5cacc686f24377cfddcfc82d9f899,0xf7bc92103f23ef312658cd9b81dc2713f7b396c3,,ETH,3.16889,2026-09-27T08:22:59,0xba166fc7511db2812498737088eaac361c2373672da1e08c976032780ec9bc06,https://etherscan.io/tx/0xba166fc7511db2812498737088eaac361c2373672da1e08c976032780ec9bc06
0xd2c2f029eff5cacc686f24377cfddcfc82d9f899,0x4f69ab60f8b8a1ac1ca739b99113bfcdefbff3ec,,ETH,11.096011,2026-09-27T07:51:35,0x77ef3774fd370e7d8f1badec43b90b0a94b465bb10a0d15c1b3afcc6fc156fb9,https://etherscan.io/tx/0x77ef3774fd370e7d8f1badec43b90b0a94b465bb10a0d15c1b3afcc6fc156fb9
0xd2c2f029eff5cacc686f24377cfddcfc82d9f899,0x330f2b5df5352696f5e4f3a1a3ed684fc04391a4,,ETH,31.687355,2026-09-27T07:40:47,0xf11c589e1650386303c242b289f05ad7d4f5050235b8d335ebfc22f6a0783189,https://etherscan.io/tx/0xf11c589e1650386303c242b289f05ad7d4f5050235b8d335ebfc22f6a0783189
0x330f2b5df5352696f5e4f3a1a3ed684fc04391a4,0xd37bbe5744d730a1d98d8dc97c42f0ca46ad7146,THORChain_Router,ETH,152.94,2026-09-27T17:32:35,0x06540467b4986cd4e5bbcb97fc0c63ac474262a66b98d6d547c588c19a09e43c,https://etherscan.io/tx/0x06540467b4986cd4e5bbcb97fc0c63ac474262a66b98d6d547c588c19a09e43c
0x330f2b5df5352696f5e4f3a1a3ed684fc04391a4,0xd37bbe5744d730a1d98d8dc97c42f0ca46ad7146,THORChain_Router,ETH,150.0,2026-09-27T17:31:35,0xd4fc95b80044823c35ccc2f858794c586b99ea3fbb559e0f844b9e540a898128,https://etherscan.io/tx/0xd4fc95b80044823c35ccc2f858794c586b99ea3fbb559e0f844b9e540a898128
0x330f2b5df5352696f5e4f3a1a3ed684fc04391a4,0xd37bbe5744d730a1d98d8dc97c42f0ca46ad7146,THORChain_Router,ETH,10.0,2026-09-27T17:29:11,0x69e945083434bf7e1c4d1254f2429ec7aa4d123d60c11e9f72b036b75aa18178,https://etherscan.io/tx/0x69e945083434bf7e1c4d1254f2429ec7aa4d123d60c11e9f72b036b75aa18178
0x330f2b5df5352696f5e4f3a1a3ed684fc04391a4,0xcd5e982b7b3b042285439065f3d7777067a7beba,,ETH,31.697,2026-09-27T07:51:35,0x755f9cf5f01f387214971761ed230d34b8eb991d576c91a2df9be48a93b71937,https://etherscan.io/tx/0x755f9cf5f01f387214971761ed230d34b8eb991d576c91a2df9be48a93b71937
0xcd5e982b7b3b042285439065f3d7777067a7beba,0xf33e750336e9c0d4e2f4c0d450d753030693cc71,ERC1967Proxy,ETH,0.0,2026-09-27T07:53:11,0xcd7bc1e1ad16c3884c3ca1941a73d713e7bb7f4439fe286324e9810b7960db77,https://etherscan.io/tx/0xcd7bc1e1ad16c3884c3ca1941a73d713e7bb7f4439fe286324e9810b7960db77
0xcd5e982b7b3b042285439065f3d7777067a7beba,0xba3cb449bd2b4adddbc894d8697f5170800eadec,CoWSwapEthFlow,ETH,31.695,2026-09-27T07:52:23,0xe5becd6081fb5b1664835232614d3d91d191ffff756065c1ebf4a01cf73c78a4,https://etherscan.io/tx/0xe5becd6081fb5b1664835232614d3d91d191ffff756065c1ebf4a01cf73c78a4
0xcd5e982b7b3b042285439065f3d7777067a7beba,0xf33e750336e9c0d4e2f4c0d450d753030693cc71,ERC1967Proxy,USDC,86036.459415,2026-09-27T07:53:11,0xcd7bc1e1ad16c3884c3ca1941a73d713e7bb7f4439fe286324e9810b7960db77,https://etherscan.io/tx/0xcd7bc1e1ad16c3884c3ca1941a73d713e7bb7f4439fe286324e9810b7960db77
0x4f69ab60f8b8a1ac1ca739b99113bfcdefbff3ec,0x00de4d8658ab249627286fcf9f920b3078aea4fe,,ETH,11.0,2026-09-27T07:52:35,0x3c44aeaafc5a98603c9aa0abd46af7062ee9ff0f98912a3074b2f4a59b6c6cd9,https://etherscan.io/tx/0x3c44aeaafc5a98603c9aa0abd46af7062ee9ff0f98912a3074b2f4a59b6c6cd9
0x6d7d5c555addf1cb59a69abb05cc5d453bc2c8e8,0x18d1af94f9f9d6d23a13568117f5d4133b95ec19,,ETH,0.008,2026-09-27T11:47:23,0xaf480fc3740b04da756a2f1c8c82e7fe6056c38ebfda7c57dca6abdee0c23f81,https://etherscan.io/tx/0xaf480fc3740b04da756a2f1c8c82e7fe6056c38ebfda7c57dca6abdee0c23f81
0x6d7d5c555addf1cb59a69abb05cc5d453bc2c8e8,0xa0b86991c6218b36c1d19d4a2e9eb0ce3606eb48,USDC,ETH,0.0,2026-09-27T11:46:23,0x3ab8b5538124e255113391ce5a1d93a9f04bd9b790f476b9a65941e60c0cfe6b,https://etherscan.io/tx/0x3ab8b5538124e255113391ce5a1d93a9f04bd9b790f476b9a65941e60c0cfe6b
0x6d7d5c555addf1cb59a69abb05cc5d453bc2c8e8,0xa0b86991c6218b36c1d19d4a2e9eb0ce3606eb48,USDC,ETH,0.0,2026-09-27T11:39:11,0x65a72d693ac347e0759e264aca573d169c3d38ce79b83f28ac26f140486db47b,https://etherscan.io/tx/0x65a72d693ac347e0759e264aca573d169c3d38ce79b83f28ac26f140486db47b
0x6d7d5c555addf1cb59a69abb05cc5d453bc2c8e8,0x0000000000bbf5c5fd284e657f01bd000933c96d,Adapter,ETH,27.279811,2026-09-27T11:39:11,0x68936d95d4a76c414b970292a3c2ba1431295f103dc33418c50ae08271cc6e6f,https://etherscan.io/tx/0x68936d95d4a76c414b970292a3c2ba1431295f103dc33418c50ae08271cc6e6f
0x6d7d5c555addf1cb59a69abb05cc5d453bc2c8e8,0x0000000000bbf5c5fd284e657f01bd000933c96d,Adapter,ETH,10.0,2026-09-27T11:37:23,0x531df0d499e6c9b532f96db7a5b33ea287d3a60ab4a46e3ebfadd8d85762e390,https://etherscan.io/tx/0x531df0d499e6c9b532f96db7a5b33ea287d3a60ab4a46e3ebfadd8d85762e390
0x6d7d5c555addf1cb59a69abb05cc5d453bc2c8e8,0x18d1c6de35537060d30b7b371540ab2e8810ec19,,USDC,0.0,2026-09-27T11:50:35,0xb946169e80343a4502c5377d466e35e3c27af9eec77e2f09201a55625ddf9c16,https://etherscan.io/tx/0xb946169e80343a4502c5377d466e35e3c27af9eec77e2f09201a55625ddf9c16
0x6d7d5c555addf1cb59a69abb05cc5d453bc2c8e8,0x18d1af94f9f9d6d23a13568117f5d4133b95ec19,,USDC,100838.537761,2026-09-27T11:46:23,0x3ab8b5538124e255113391ce5a1d93a9f04bd9b790f476b9a65941e60c0cfe6b,https://etherscan.io/tx/0x3ab8b5538124e255113391ce5a1d93a9f04bd9b790f476b9a65941e60c0cfe6b
0x6d7d5c555addf1cb59a69abb05cc5d453bc2c8e8,0xe3478b0bb1a5084567c319096437924948be1964,,USDC,1.373604,2026-09-27T11:39:11,0x65a72d693ac347e0759e264aca573d169c3d38ce79b83f28ac26f140486db47b,https://etherscan.io/tx/0x65a72d693ac347e0759e264aca573d169c3d38ce79b83f28ac26f140486db47b
0x18d1af94f9f9d6d23a13568117f5d4133b95ec19,0xf33e750336e9c0d4e2f4c0d450d753030693cc71,ERC1967Proxy,ETH,0.0,2026-09-27T11:49:23,0xdf0275674d0530f4dcde5a011260af21f03cd37c37ea11e1393e2b21643a16d8,https://etherscan.io/tx/0xdf0275674d0530f4dcde5a011260af21f03cd37c37ea11e1393e2b21643a16d8
0x18d1af94f9f9d6d23a13568117f5d4133b95ec19,0xf33e750336e9c0d4e2f4c0d450d753030693cc71,ERC1967Proxy,USDC,100838.517761,2026-09-27T11:49:23,0xdf0275674d0530f4dcde5a011260af21f03cd37c37ea11e1393e2b21643a16d8,https://etherscan.io/tx/0xdf0275674d0530f4dcde5a011260af21f03cd37c37ea11e1393e2b21643a16d8
0x75fba9c9738b8ef80e79faaceef374878328f9e4,0x1caeeb24f1d8f3f315ae0d5d89b152f556ce5785,,ETH,44.223955,2026-09-27T12:41:35,0xdcc586f54ddeb81f666c2b4e1dbcce394a455262c9103f8fb3f2969fcf13d16d,https://etherscan.io/tx/0xdcc586f54ddeb81f666c2b4e1dbcce394a455262c9103f8fb3f2969fcf13d16d
0x1caeeb24f1d8f3f315ae0d5d89b152f556ce5785,0xffa290d1d691a044e07f8765b1ab358cbd690fec,,ETH,0.0136,2026-09-27T12:48:23,0x3da575c2c0ab0750d910cb4aa89e23c83da2bfdb871484b4d6de433f13ced4e3,https://etherscan.io/tx/0x3da575c2c0ab0750d910cb4aa89e23c83da2bfdb871484b4d6de433f13ced4e3
0x1caeeb24f1d8f3f315ae0d5d89b152f556ce5785,0xa0b86991c6218b36c1d19d4a2e9eb0ce3606eb48,USDC,ETH,0.0,2026-09-27T12:47:11,0xefa071b8dd7f7a51604097317a5311b8dfa5c71fd09c48aaa077bbcf47cbd1df,https://etherscan.io/tx/0xefa071b8dd7f7a51604097317a5311b8dfa5c71fd09c48aaa077bbcf47cbd1df
0x1caeeb24f1d8f3f315ae0d5d89b152f556ce5785,0xba3cb449bd2b4adddbc894d8697f5170800eadec,CoWSwapEthFlow,ETH,44.21,2026-09-27T12:43:47,0xc9c6d661a3ec9a1320be72a4473b11fa65ce3c89ebd1eee73ca763a6154fbf2b,https://etherscan.io/tx/0xc9c6d661a3ec9a1320be72a4473b11fa65ce3c89ebd1eee73ca763a6154fbf2b
0x1caeeb24f1d8f3f315ae0d5d89b152f556ce5785,0xffa2590b2d41b50faecbee95d774e45b5d980fec,,USDC,0.0,2026-09-27T12:49:23,0x23e6198a7d3fbc3bb702a24350905f032d91cb4adf598027549c281e8ac844c1,https://etherscan.io/tx/0x23e6198a7d3fbc3bb702a24350905f032d91cb4adf598027549c281e8ac844c1
0x1caeeb24f1d8f3f315ae0d5d89b152f556ce5785,0xffa290d1d691a044e07f8765b1ab358cbd690fec,,USDC,119993.70956,2026-09-27T12:47:11,0xefa071b8dd7f7a51604097317a5311b8dfa5c71fd09c48aaa077bbcf47cbd1df,https://etherscan.io/tx/0xefa071b8dd7f7a51604097317a5311b8dfa5c71fd09c48aaa077bbcf47cbd1df
0xffa290d1d691a044e07f8765b1ab358cbd690fec,0x77b2043768d28e9c9ab44e1abfc95944bce57931,StargatePoolNative,ETH,0.012221,2026-09-27T16:23:59,0xe898caa786f9c274263ccd2e71b28b0f3b524dbde7a3b3128bf6e9fd62fcdfec,https://etherscan.io/tx/0xe898caa786f9c274263ccd2e71b28b0f3b524dbde7a3b3128bf6e9fd62fcdfec
0xffa290d1d691a044e07f8765b1ab358cbd690fec,0xf33e750336e9c0d4e2f4c0d450d753030693cc71,ERC1967Proxy,ETH,0.0,2026-09-27T12:49:11,0xc6ab019bf91395133d215807ffee6fcd49f4fa50d08376ab5b1bab1909db09a4,https://etherscan.io/tx/0xc6ab019bf91395133d215807ffee6fcd49f4fa50d08376ab5b1bab1909db09a4
0xffa290d1d691a044e07f8765b1ab358cbd690fec,0xf33e750336e9c0d4e2f4c0d450d753030693cc71,ERC1967Proxy,USDC,119993.68956,2026-09-27T12:49:11,0xc6ab019bf91395133d215807ffee6fcd49f4fa50d08376ab5b1bab1909db09a4,https://etherscan.io/tx/0xc6ab019bf91395133d215807ffee6fcd49f4fa50d08376ab5b1bab1909db09a4
0xb3bb9f35d7c6c9a629ea2c9e159927d5c811074e,0x868dd5fccc52bfdbf32d8f835000947266c34428,,ETH,145.81576,2026-09-27T11:29:35,0xcf6de5f3744b86d37ad353d0c39a2bfe4374aebcbad36454128fe533d0d7fbaa,https://etherscan.io/tx/0xcf6de5f3744b86d37ad353d0c39a2bfe4374aebcbad36454128fe533d0d7fbaa
0xd8d798d5cefdc58f0450a2885add5c1d40776c49,0xb02a4e75ec319be51a7db3684fe9d786a4fa44eb,,ETH,213.642,2026-09-27T11:30:11,0xdc375dab41db21cab3f1f139c6e80d1fef4375107b8e9073ff9f791de39ff63d,https://etherscan.io/tx/0xdc375dab41db21cab3f1f139c6e80d1fef4375107b8e9073ff9f791de39ff63d
0xb02a4e75ec319be51a7db3684fe9d786a4fa44eb,0x0cea06f449851c4dde32b9e7c4987c68e7c9a7bb,,ETH,0.019,2026-09-27T11:37:23,0x274b1b7b3a0f770ad0eb73b4585a898962c1c4b20de420b15bdb8da459d01b1a,https://etherscan.io/tx/0x274b1b7b3a0f770ad0eb73b4585a898962c1c4b20de420b15bdb8da459d01b1a
0xb02a4e75ec319be51a7db3684fe9d786a4fa44eb,0xa0b86991c6218b36c1d19d4a2e9eb0ce3606eb48,USDC,ETH,0.0,2026-09-27T11:35:23,0xb516ed7904c9fccee8c5d64f21acba162614604b5f3e1750595b5106b5f44fa3,https://etherscan.io/tx/0xb516ed7904c9fccee8c5d64f21acba162614604b5f3e1750595b5106b5f44fa3
0xb02a4e75ec319be51a7db3684fe9d786a4fa44eb,0xba3cb449bd2b4adddbc894d8697f5170800eadec,CoWSwapEthFlow,ETH,213.622,2026-09-27T11:32:23,0x03606e1c02d56b9a47bde605cc52092144a2127a17f8c6f71b92c4f19a7c9ecd,https://etherscan.io/tx/0x03606e1c02d56b9a47bde605cc52092144a2127a17f8c6f71b92c4f19a7c9ecd
0xb02a4e75ec319be51a7db3684fe9d786a4fa44eb,0x0cea30499c58a99a3a227ee54056ecbbac8ea7bb,,USDC,0.0,2026-09-27T11:37:47,0xddb5401e23721780f87ec1be36d0cc3bf2209d945401eb0588ba2f4891e91984,https://etherscan.io/tx/0xddb5401e23721780f87ec1be36d0cc3bf2209d945401eb0588ba2f4891e91984
0xb02a4e75ec319be51a7db3684fe9d786a4fa44eb,0x0cea06f449851c4dde32b9e7c4987c68e7c9a7bb,,USDC,578377.334572,2026-09-27T11:35:23,0xb516ed7904c9fccee8c5d64f21acba162614604b5f3e1750595b5106b5f44fa3,https://etherscan.io/tx/0xb516ed7904c9fccee8c5d64f21acba162614604b5f3e1750595b5106b5f44fa3
0x0cea06f449851c4dde32b9e7c4987c68e7c9a7bb,0x6d7d5c555addf1cb59a69abb05cc5d453bc2c8e8,,ETH,0.009,2026-09-27T11:45:47,0x0611e5923fdd1408e7c71e5978d7146a4587fcdd6da3c39f2a8d764e413b0190,https://etherscan.io/tx/0x0611e5923fdd1408e7c71e5978d7146a4587fcdd6da3c39f2a8d764e413b0190
0x0cea06f449851c4dde32b9e7c4987c68e7c9a7bb,0xf33e750336e9c0d4e2f4c0d450d753030693cc71,ERC1967Proxy,ETH,0.0,2026-09-27T11:41:59,0x3e613818c315f8061ffcfeba2d1ae4f0901bb98bb910b2765a72e577dda5414e,https://etherscan.io/tx/0x3e613818c315f8061ffcfeba2d1ae4f0901bb98bb910b2765a72e577dda5414e
0x0cea06f449851c4dde32b9e7c4987c68e7c9a7bb,0xf33e750336e9c0d4e2f4c0d450d753030693cc71,ERC1967Proxy,USDC,578377.314572,2026-09-27T11:41:59,0x3e613818c315f8061ffcfeba2d1ae4f0901bb98bb910b2765a72e577dda5414e,https://etherscan.io/tx/0x3e613818c315f8061ffcfeba2d1ae4f0901bb98bb910b2765a72e577dda5414e
0x035d3fd294357c41274f28206eee95a2efe24911,0x1d0eda1758eb38dbb412d71014df444db7dbfbb4,,ETH,22.986838,2026-09-27T11:46:47,0x1a50e8b9f62f6f56af552c3ae72bb01ea7aa02b6ca934c5fc4e712abb79b8152,https://etherscan.io/tx/0x1a50e8b9f62f6f56af552c3ae72bb01ea7aa02b6ca934c5fc4e712abb79b8152
0x1d0eda1758eb38dbb412d71014df444db7dbfbb4,0xdeb93e9f402e3e689a599bdd73769bbc59aef2c0,,ETH,22.986771,2026-09-27T11:51:59,0xa54f237ea3c5e6c50744c26cca796152cf0da70b818aaeee3ee26c065e01cc3b,https://etherscan.io/tx/0xa54f237ea3c5e6c50744c26cca796152cf0da70b818aaeee3ee26c065e01cc3b
0xdeb93e9f402e3e689a599bdd73769bbc59aef2c0,0x14623e54c946cea51c575afb8d45968895967a27,,ETH,0.016,2026-09-27T16:26:11,0x91b24e9418f0fa170245de9823eb9fb97263eaddc597d9a7c4d6df702b751ec5,https://etherscan.io/tx/0x91b24e9418f0fa170245de9823eb9fb97263eaddc597d9a7c4d6df702b751ec5
0xdeb93e9f402e3e689a599bdd73769bbc59aef2c0,0xf33e750336e9c0d4e2f4c0d450d753030693cc71,ERC1967Proxy,ETH,0.0,2026-09-27T11:56:35,0xb945321ab7af33556dd4db850a24eb898f387ce2c1b07594bb37440609d22b06,https://etherscan.io/tx/0xb945321ab7af33556dd4db850a24eb898f387ce2c1b07594bb37440609d22b06
0xdeb93e9f402e3e689a599bdd73769bbc59aef2c0,0xd1ee705d774d59541d3d395e72a16e48389df7c7,ERC1967Proxy,ETH,22.97,2026-09-27T11:53:23,0xea243244c65b1fb37bc0ea270132126c043b84ef093ffb38968deec44687958a,https://etherscan.io/tx/0xea243244c65b1fb37bc0ea270132126c043b84ef093ffb38968deec44687958a
0xdeb93e9f402e3e689a599bdd73769bbc59aef2c0,0xf33e750336e9c0d4e2f4c0d450d753030693cc71,ERC1967Proxy,USDC,62155.435798,2026-09-27T11:56:35,0xb945321ab7af33556dd4db850a24eb898f387ce2c1b07594bb37440609d22b06,https://etherscan.io/tx/0xb945321ab7af33556dd4db850a24eb898f387ce2c1b07594bb37440609d22b06
0x14623e54c946cea51c575afb8d45968895967a27,0xa34e6599c38b131f32c84f623b77cf283c9a178f,,ETH,0.015983,2026-09-27T17:15:35,0xd2ffbb2c7ead4c648eebeabd7dccd48682acc5e53c45bc21208d1b6ed572e2f0,https://etherscan.io/tx/0xd2ffbb2c7ead4c648eebeabd7dccd48682acc5e53c45bc21208d1b6ed572e2f0
0x1450db30a34a270d1bc4dd4521faf0c9d12a8b99,0xd9640f69122dee72357242a532eca69f2976dcfd,,ETH,37.834101,2026-09-27T13:46:35,0xda263c67b0790df3eba249d46dc6f00a12f8aa0195593b5c3f31ed0d8337d460,https://etherscan.io/tx/0xda263c67b0790df3eba249d46dc6f00a12f8aa0195593b5c3f31ed0d8337d460
0xd9640f69122dee72357242a532eca69f2976dcfd,0xf33e750336e9c0d4e2f4c0d450d753030693cc71,ERC1967Proxy,ETH,0.0,2026-09-27T14:07:35,0x24a7caee2b8cd4be46e27905ad5b45be9605a87b936d05361fc5cd297c20058f,https://etherscan.io/tx/0x24a7caee2b8cd4be46e27905ad5b45be9605a87b936d05361fc5cd297c20058f
0xd9640f69122dee72357242a532eca69f2976dcfd,0xd1ee705d774d59541d3d395e72a16e48389df7c7,ERC1967Proxy,ETH,37.811748,2026-09-27T14:04:23,0x171509786c74bbb053a9c5284808281443932b7083d134f7505dfdd71b47f223,https://etherscan.io/tx/0x171509786c74bbb053a9c5284808281443932b7083d134f7505dfdd71b47f223
0xd9640f69122dee72357242a532eca69f2976dcfd,0xf33e750336e9c0d4e2f4c0d450d753030693cc71,ERC1967Proxy,USDC,102223.932095,2026-09-27T14:07:35,0x24a7caee2b8cd4be46e27905ad5b45be9605a87b936d05361fc5cd297c20058f,https://etherscan.io/tx/0x24a7caee2b8cd4be46e27905ad5b45be9605a87b936d05361fc5cd297c20058f
0x5ecba5d6e97bf6152c256457df53ed1dbd27e513,0xdf07effaf24ee932fea6512892cee17e671baeb6,,ETH,216.89,2026-09-27T13:34:35,0x454318e9683d4bb8a637674a80ea67fe04574afa8817ddc32d7c1b5bc192af23,https://etherscan.io/tx/0x454318e9683d4bb8a637674a80ea67fe04574afa8817ddc32d7c1b5bc192af23
0xdf07effaf24ee932fea6512892cee17e671baeb6,0xf59485d238bc8d055c00c05d9fa4694ad7990ac9,,ETH,216.889907,2026-09-27T13:55:35,0x6793b6d4a941315e52fefb49bad0fd0f042e644ca7c1469a2a3ec7ca5784732d,https://etherscan.io/tx/0x6793b6d4a941315e52fefb49bad0fd0f042e644ca7c1469a2a3ec7ca5784732d
0xf59485d238bc8d055c00c05d9fa4694ad7990ac9,0x9c5330c8a0eb66143ec7ad4c69c9c83ecdd675c7,,ETH,141.889171,2026-09-27T14:44:23,0x6ac10554632561543075f1bf81938ecb202ec2579e0442255e07f7314fd36223,https://etherscan.io/tx/0x6ac10554632561543075f1bf81938ecb202ec2579e0442255e07f7314fd36223
0xf59485d238bc8d055c00c05d9fa4694ad7990ac9,0xf33e750336e9c0d4e2f4c0d450d753030693cc71,ERC1967Proxy,ETH,0.0,2026-09-27T14:10:47,0xa99a4dc0c35a326dbca03f94f0139af76f2220223e2dadcd12f177024d48173b,https://etherscan.io/tx/0xa99a4dc0c35a326dbca03f94f0139af76f2220223e2dadcd12f177024d48173b
0xf59485d238bc8d055c00c05d9fa4694ad7990ac9,0xd1ee705d774d59541d3d395e72a16e48389df7c7,ERC1967Proxy,ETH,75.0,2026-09-27T14:05:11,0x5cc005a7bc32edb2841341a6efbc8c523735932f694a0761971bca5de8d492b3,https://etherscan.io/tx/0x5cc005a7bc32edb2841341a6efbc8c523735932f694a0761971bca5de8d492b3
0xf59485d238bc8d055c00c05d9fa4694ad7990ac9,0xf33e750336e9c0d4e2f4c0d450d753030693cc71,ERC1967Proxy,USDC,202458.865303,2026-09-27T14:10:47,0xa99a4dc0c35a326dbca03f94f0139af76f2220223e2dadcd12f177024d48173b,https://etherscan.io/tx/0xa99a4dc0c35a326dbca03f94f0139af76f2220223e2dadcd12f177024d48173b
0x9c5330c8a0eb66143ec7ad4c69c9c83ecdd675c7,0x57bfdcdf2028cd56b52a212e3db924bee30f6674,,ETH,70.363,2026-09-27T15:24:47,0x808dfe3c4aab919eb35ef553206cc0097935d77a2b3e0525cd7b197a67270d76,https://etherscan.io/tx/0x808dfe3c4aab919eb35ef553206cc0097935d77a2b3e0525cd7b197a67270d76
0x9c5330c8a0eb66143ec7ad4c69c9c83ecdd675c7,0xb4bf8812ae5ae9074f8597ed7ffe2e2df41bfa30,,ETH,0.02,2026-09-27T15:07:47,0x6e26ef4a225307b5377a6cd3f8f4aab36f993b2c19f60acf6e26a60ac404eccb,https://etherscan.io/tx/0x6e26ef4a225307b5377a6cd3f8f4aab36f993b2c19f60acf6e26a60ac404eccb
0x9c5330c8a0eb66143ec7ad4c69c9c83ecdd675c7,0x1b068a2b9dd451eaf56283bf111ffb498999b5a9,,ETH,0.02,2026-09-27T14:51:35,0x3d6369396d85d852dc393c52f24ee9f975fa369c1e54f76b71d72391ba8842dd,https://etherscan.io/tx/0x3d6369396d85d852dc393c52f24ee9f975fa369c1e54f76b71d72391ba8842dd
0x9c5330c8a0eb66143ec7ad4c69c9c83ecdd675c7,0xa0b86991c6218b36c1d19d4a2e9eb0ce3606eb48,USDC,ETH,0.0,2026-09-27T14:50:35,0x8ae387c157ef8469d12c782d5b50b403c5a6a4422666fee6611417b70f520620,https://etherscan.io/tx/0x8ae387c157ef8469d12c782d5b50b403c5a6a4422666fee6611417b70f520620
0x9c5330c8a0eb66143ec7ad4c69c9c83ecdd675c7,0xd1ee705d774d59541d3d395e72a16e48389df7c7,ERC1967Proxy,ETH,71.4791,2026-09-27T14:45:11,0xecfed14252a19b4de65befb92cd295907886ccd94a6304500f34c6196fcd6eb7,https://etherscan.io/tx/0xecfed14252a19b4de65befb92cd295907886ccd94a6304500f34c6196fcd6eb7
0x9c5330c8a0eb66143ec7ad4c69c9c83ecdd675c7,0x1b06646f6ce74210ec2c417d477e626cb3c6b5a9,,USDC,0.0,2026-09-27T18:14:23,0x7d4a8000dc34c6420d0705601ee4110a49fe60b81900e2f1a4ecfa5d591bd021,https://etherscan.io/tx/0x7d4a8000dc34c6420d0705601ee4110a49fe60b81900e2f1a4ecfa5d591bd021
0x9c5330c8a0eb66143ec7ad4c69c9c83ecdd675c7,0x1b068a2b9dd451eaf56283bf111ffb498999b5a9,,USDC,191971.812932,2026-09-27T14:50:35,0x8ae387c157ef8469d12c782d5b50b403c5a6a4422666fee6611417b70f520620,https://etherscan.io/tx/0x8ae387c157ef8469d12c782d5b50b403c5a6a4422666fee6611417b70f520620
0x1b068a2b9dd451eaf56283bf111ffb498999b5a9,0x5be40fb05d20e569aee678b23cd0a9c79004df98,,ETH,0.017,2026-09-27T14:56:23,0x86d19e4e1654413c09ae5f4a33361fdd1f12f9b446c5e5563cb42daa11fdc672,https://etherscan.io/tx/0x86d19e4e1654413c09ae5f4a33361fdd1f12f9b446c5e5563cb42daa11fdc672
0x1b068a2b9dd451eaf56283bf111ffb498999b5a9,0xa0b86991c6218b36c1d19d4a2e9eb0ce3606eb48,USDC,ETH,0.0,2026-09-27T14:54:23,0x6e6ac4fd6b35c7b63bae0b43f6a53cc665181639f8b5b8e17e4e55fecc75b074,https://etherscan.io/tx/0x6e6ac4fd6b35c7b63bae0b43f6a53cc665181639f8b5b8e17e4e55fecc75b074
0x1b068a2b9dd451eaf56283bf111ffb498999b5a9,0x5be42b2ba6022e76b7fe046eb0450734188edf98,,USDC,0.0,2026-09-27T18:14:23,0xed392db4840f4226d32d62f564809264bbb0206b3fc01ca3c8a02b6b6f421d02,https://etherscan.io/tx/0xed392db4840f4226d32d62f564809264bbb0206b3fc01ca3c8a02b6b6f421d02
0x1b068a2b9dd451eaf56283bf111ffb498999b5a9,0x5be40fb05d20e569aee678b23cd0a9c79004df98,,USDC,191971.812932,2026-09-27T14:54:23,0x6e6ac4fd6b35c7b63bae0b43f6a53cc665181639f8b5b8e17e4e55fecc75b074,https://etherscan.io/tx/0x6e6ac4fd6b35c7b63bae0b43f6a53cc665181639f8b5b8e17e4e55fecc75b074
0x5be40fb05d20e569aee678b23cd0a9c79004df98,0xb4bf8812ae5ae9074f8597ed7ffe2e2df41bfa30,,ETH,0.002967,2026-09-27T15:06:23,0x597aa5a3ef34399fb2dc345bec3480b5330f3c174f912404c5f99f39aea8297e,https://etherscan.io/tx/0x597aa5a3ef34399fb2dc345bec3480b5330f3c174f912404c5f99f39aea8297e
0x5be40fb05d20e569aee678b23cd0a9c79004df98,0xa0b86991c6218b36c1d19d4a2e9eb0ce3606eb48,USDC,ETH,0.0,2026-09-27T15:05:11,0x729d8f309dedad32db3d0e913f38a439ff22c5b9323715b6c5267a475ba3b6ad,https://etherscan.io/tx/0x729d8f309dedad32db3d0e913f38a439ff22c5b9323715b6c5267a475ba3b6ad
0x5be40fb05d20e569aee678b23cd0a9c79004df98,0xf33e750336e9c0d4e2f4c0d450d753030693cc71,ERC1967Proxy,ETH,0.0,2026-09-27T15:00:59,0x618914de8a873e2bc3b9ba7e4a3ca69204480f07b3e72901f618b9f1191394fe,https://etherscan.io/tx/0x618914de8a873e2bc3b9ba7e4a3ca69204480f07b3e72901f618b9f1191394fe
0x5be40fb05d20e569aee678b23cd0a9c79004df98,0xa11cc0efb1b3acd95a2b8cd316e8c132e16048b5,ERC1967Proxy,ETH,0.0,2026-09-27T14:57:23,0xf885381d9dae078c5564489d22a81c3cfc5c349e3c8649698b59ea8a22520c7c,https://etherscan.io/tx/0xf885381d9dae078c5564489d22a81c3cfc5c349e3c8649698b59ea8a22520c7c
0x5be40fb05d20e569aee678b23cd0a9c79004df98,0xb4bfa4c852be4782b4de76f35a90113b3bf2fa30,,USDC,0.0,2026-09-27T18:14:23,0xed392db4840f4226d32d62f564809264bbb0206b3fc01ca3c8a02b6b6f421d02,https://etherscan.io/tx/0xed392db4840f4226d32d62f564809264bbb0206b3fc01ca3c8a02b6b6f421d02
0x5be40fb05d20e569aee678b23cd0a9c79004df98,0xb4bf8812ae5ae9074f8597ed7ffe2e2df41bfa30,,USDC,50000.0,2026-09-27T15:05:11,0x729d8f309dedad32db3d0e913f38a439ff22c5b9323715b6c5267a475ba3b6ad,https://etherscan.io/tx/0x729d8f309dedad32db3d0e913f38a439ff22c5b9323715b6c5267a475ba3b6ad
0x5be40fb05d20e569aee678b23cd0a9c79004df98,0xf33e750336e9c0d4e2f4c0d450d753030693cc71,ERC1967Proxy,USDC,45534.812932,2026-09-27T15:00:59,0x618914de8a873e2bc3b9ba7e4a3ca69204480f07b3e72901f618b9f1191394fe,https://etherscan.io/tx/0x618914de8a873e2bc3b9ba7e4a3ca69204480f07b3e72901f618b9f1191394fe
0x5be40fb05d20e569aee678b23cd0a9c79004df98,0xa11cc0efb1b3acd95a2b8cd316e8c132e16048b5,ERC1967Proxy,USDC,96437.0,2026-09-27T14:57:23,0xf885381d9dae078c5564489d22a81c3cfc5c349e3c8649698b59ea8a22520c7c,https://etherscan.io/tx/0xf885381d9dae078c5564489d22a81c3cfc5c349e3c8649698b59ea8a22520c7c
0xb4bf8812ae5ae9074f8597ed7ffe2e2df41bfa30,0xf33e750336e9c0d4e2f4c0d450d753030693cc71,ERC1967Proxy,ETH,0.0,2026-09-27T15:08:23,0xc2f6ebfa60f180e4bc34c146da9eada8e7601485ba7dbd701113a651bac6cee3,https://etherscan.io/tx/0xc2f6ebfa60f180e4bc34c146da9eada8e7601485ba7dbd701113a651bac6cee3
0xb4bf8812ae5ae9074f8597ed7ffe2e2df41bfa30,0xf33e750336e9c0d4e2f4c0d450d753030693cc71,ERC1967Proxy,USDC,49999.98,2026-09-27T15:08:23,0xc2f6ebfa60f180e4bc34c146da9eada8e7601485ba7dbd701113a651bac6cee3,https://etherscan.io/tx/0xc2f6ebfa60f180e4bc34c146da9eada8e7601485ba7dbd701113a651bac6cee3
0x57bfdcdf2028cd56b52a212e3db924bee30f6674,0xf33e750336e9c0d4e2f4c0d450d753030693cc71,ERC1967Proxy,ETH,0.0,2026-09-27T15:31:47,0x179b74a55bef998142c0e008a270603aca531f063618627eee858c8934922bf3,https://etherscan.io/tx/0x179b74a55bef998142c0e008a270603aca531f063618627eee858c8934922bf3
0x57bfdcdf2028cd56b52a212e3db924bee30f6674,0xd1ee705d774d59541d3d395e72a16e48389df7c7,ERC1967Proxy,ETH,70.336863,2026-09-27T15:25:59,0xd740586a9a4551923a69c175d2dc69fa69a9ea5e9e459a6cf697d3e7a2950486,https://etherscan.io/tx/0xd740586a9a4551923a69c175d2dc69fa69a9ea5e9e459a6cf697d3e7a2950486
0x57bfdcdf2028cd56b52a212e3db924bee30f6674,0xf33e750336e9c0d4e2f4c0d450d753030693cc71,ERC1967Proxy,USDC,188869.95741,2026-09-27T15:31:47,0x179b74a55bef998142c0e008a270603aca531f063618627eee858c8934922bf3,https://etherscan.io/tx/0x179b74a55bef998142c0e008a270603aca531f063618627eee858c8934922bf3
0x7e0e5e5e2f03b57114d67ae6d1f6c788a1fbbc37,0xe4499f9c4ee291a9f05d1d605050d8e128181328,,ETH,1e-06,2026-09-28T08:31:47,0xe674ba799691e7d500720b4854e00e2e73c90e79c5aafdb6b52c83d0fe6635d1,https://etherscan.io/tx/0xe674ba799691e7d500720b4854e00e2e73c90e79c5aafdb6b52c83d0fe6635d1
0x7e0e5e5e2f03b57114d67ae6d1f6c788a1fbbc37,0xe4499f9c4ee291a9f05d1d605050d8e128181328,,ETH,0.000778,2026-09-28T08:30:23,0xdf2a841a86a7ff80c0ef1297828543b54350b32f08603ff29af200da9fe2786c,https://etherscan.io/tx/0xdf2a841a86a7ff80c0ef1297828543b54350b32f08603ff29af200da9fe2786c
0x7e0e5e5e2f03b57114d67ae6d1f6c788a1fbbc37,0xa8dd09f29e03cbabbd815e967d22fd1fae3e96b7,,ETH,0.01,2026-09-27T13:43:11,0xb5a254528ab10e5607795b5676fb1e6dfe8fb910b6ac72710e9f8ebf6a998288,https://etherscan.io/tx/0xb5a254528ab10e5607795b5676fb1e6dfe8fb910b6ac72710e9f8ebf6a998288
0x7e0e5e5e2f03b57114d67ae6d1f6c788a1fbbc37,0xa0b86991c6218b36c1d19d4a2e9eb0ce3606eb48,USDC,ETH,0.0,2026-09-27T13:40:11,0xe0194c3af6177196f3b72a3949dd5b04342467d87535e3263d94c4fd5c033585,https://etherscan.io/tx/0xe0194c3af6177196f3b72a3949dd5b04342467d87535e3263d94c4fd5c033585
0x7e0e5e5e2f03b57114d67ae6d1f6c788a1fbbc37,0xba3cb449bd2b4adddbc894d8697f5170800eadec,CoWSwapEthFlow,ETH,23.382,2026-09-27T13:32:23,0x651e8452249a9505793365c69aaf3947189f4190b5e32871b04570565ec0a85c,https://etherscan.io/tx/0x651e8452249a9505793365c69aaf3947189f4190b5e32871b04570565ec0a85c
0x7e0e5e5e2f03b57114d67ae6d1f6c788a1fbbc37,0xa8dd9c7db09818a09dfcf891d6d5aa7b3e8596b7,,USDC,0.0,2026-09-27T18:15:23,0xd7a72489399a2cb0aea47d978faf4feec580d382e1877d367777f3923504d68b,https://etherscan.io/tx/0xd7a72489399a2cb0aea47d978faf4feec580d382e1877d367777f3923504d68b
0x7e0e5e5e2f03b57114d67ae6d1f6c788a1fbbc37,0xa8dd09f29e03cbabbd815e967d22fd1fae3e96b7,,USDC,63395.659752,2026-09-27T13:40:11,0xe0194c3af6177196f3b72a3949dd5b04342467d87535e3263d94c4fd5c033585,https://etherscan.io/tx/0xe0194c3af6177196f3b72a3949dd5b04342467d87535e3263d94c4fd5c033585
0xa8dd09f29e03cbabbd815e967d22fd1fae3e96b7,0xd2f0e44c1d0aecf8ab614558edd9301a11a08164,,ETH,0.0092,2026-09-27T14:12:59,0x70f7af031b0860373e7a61d1b7a49a0c1e6d3c632ae0496d62b597474e73b2ce,https://etherscan.io/tx/0x70f7af031b0860373e7a61d1b7a49a0c1e6d3c632ae0496d62b597474e73b2ce
0xa8dd09f29e03cbabbd815e967d22fd1fae3e96b7,0xf33e750336e9c0d4e2f4c0d450d753030693cc71,ERC1967Proxy,ETH,0.0,2026-09-27T13:47:11,0x2d23baf1ddb8cf07c0f01d49ddf4548e4c9ba542b10cef6d3f067427446b8d85,https://etherscan.io/tx/0x2d23baf1ddb8cf07c0f01d49ddf4548e4c9ba542b10cef6d3f067427446b8d85
0xa8dd09f29e03cbabbd815e967d22fd1fae3e96b7,0xf33e750336e9c0d4e2f4c0d450d753030693cc71,ERC1967Proxy,USDC,63395.639752,2026-09-27T13:47:11,0x2d23baf1ddb8cf07c0f01d49ddf4548e4c9ba542b10cef6d3f067427446b8d85,https://etherscan.io/tx/0x2d23baf1ddb8cf07c0f01d49ddf4548e4c9ba542b10cef6d3f067427446b8d85
0xd2f0e44c1d0aecf8ab614558edd9301a11a08164,0xcc902b6e13607f479c33e8c2dbaf703c3050be6e,,ETH,0.009185,2026-09-27T17:25:23,0x1b7549bbd1c6c9707017cf75fd453d48ba40d9a9ce6564808cbd379cfedbf5a0,https://etherscan.io/tx/0x1b7549bbd1c6c9707017cf75fd453d48ba40d9a9ce6564808cbd379cfedbf5a0
0xcc902b6e13607f479c33e8c2dbaf703c3050be6e,0x6889ccf82fb7ec674110f8028e98a0a2b8dda7d7,,ETH,0.019106,2026-09-27T18:43:11,0x1d4dc75230a37bd3ac03df409552b3124d25dccc86ba5183d54b9e5128ab9ab4,https://etherscan.io/tx/0x1d4dc75230a37bd3ac03df409552b3124d25dccc86ba5183d54b9e5128ab9ab4
0xcc902b6e13607f479c33e8c2dbaf703c3050be6e,0xf33e750336e9c0d4e2f4c0d450d753030693cc71,ERC1967Proxy,ETH,0.0,2026-09-27T17:27:59,0x196a1f64b8c34b822b10e4a30cf0ea608a3d2fa6f15a2ba1aa12e0e940fdd6bc,https://etherscan.io/tx/0x196a1f64b8c34b822b10e4a30cf0ea608a3d2fa6f15a2ba1aa12e0e940fdd6bc
0xcc902b6e13607f479c33e8c2dbaf703c3050be6e,0xf33e750336e9c0d4e2f4c0d450d753030693cc71,ERC1967Proxy,USDC,64963.360274,2026-09-27T17:27:59,0x196a1f64b8c34b822b10e4a30cf0ea608a3d2fa6f15a2ba1aa12e0e940fdd6bc,https://etherscan.io/tx/0x196a1f64b8c34b822b10e4a30cf0ea608a3d2fa6f15a2ba1aa12e0e940fdd6bc
0x6889ccf82fb7ec674110f8028e98a0a2b8dda7d7,0xf33e750336e9c0d4e2f4c0d450d753030693cc71,ERC1967Proxy,ETH,0.0,2026-09-27T18:46:11,0x42483e7fb5751b12ca905e60a2054ebb1c9c7037a8f03cd972c273a4a9f9e690,https://etherscan.io/tx/0x42483e7fb5751b12ca905e60a2054ebb1c9c7037a8f03cd972c273a4a9f9e690
0x6889ccf82fb7ec674110f8028e98a0a2b8dda7d7,0xf33e750336e9c0d4e2f4c0d450d753030693cc71,ERC1967Proxy,USDC,65982.77,2026-09-27T18:46:11,0x42483e7fb5751b12ca905e60a2054ebb1c9c7037a8f03cd972c273a4a9f9e690,https://etherscan.io/tx/0x42483e7fb5751b12ca905e60a2054ebb1c9c7037a8f03cd972c273a4a9f9e690
0x69331d88a80aa17636b136913e03a665e788e752,0x45b4419050f38177358eb67571d90846c57210c5,,ETH,45.23,2026-09-27T14:20:47,0x77752b0d31789a8d75de773f7eb3d0e0ddc42b04ceb85cd970944cf631c5b38a,https://etherscan.io/tx/0x77752b0d31789a8d75de773f7eb3d0e0ddc42b04ceb85cd970944cf631c5b38a
0x45b4419050f38177358eb67571d90846c57210c5,0xe64caf5f921ad10336a524f49d060352513253be,,ETH,0.029,2026-09-27T14:24:11,0x270337e01329fb66202fb80b819b5137547922111d89f59fca9e0f7095fa3bf9,https://etherscan.io/tx/0x270337e01329fb66202fb80b819b5137547922111d89f59fca9e0f7095fa3bf9
0x45b4419050f38177358eb67571d90846c57210c5,0xa0b86991c6218b36c1d19d4a2e9eb0ce3606eb48,USDC,ETH,0.0,2026-09-27T14:24:11,0x123dcf26aa07f699ffcaae9994b8b813a27b7bb5150bde3cd6b657fb341cef2e,https://etherscan.io/tx/0x123dcf26aa07f699ffcaae9994b8b813a27b7bb5150bde3cd6b657fb341cef2e
0x45b4419050f38177358eb67571d90846c57210c5,0xd1ee705d774d59541d3d395e72a16e48389df7c7,ERC1967Proxy,ETH,45.2,2026-09-27T14:22:11,0x4cd497b73c305e6eb184c5263451df2d71ab7096e013f2e02a97b48fc06b1d28,https://etherscan.io/tx/0x4cd497b73c305e6eb184c5263451df2d71ab7096e013f2e02a97b48fc06b1d28
0x45b4419050f38177358eb67571d90846c57210c5,0xe64c0946b34354e719f2bd369c31101fc4d453be,,USDC,0.0,2026-09-27T18:17:35,0x25d224a94f38d3fafa10ac34a11617082cf2b96abfb39d5eae0360515eace2f3,https://etherscan.io/tx/0x25d224a94f38d3fafa10ac34a11617082cf2b96abfb39d5eae0360515eace2f3
0x45b4419050f38177358eb67571d90846c57210c5,0xe64caf5f921ad10336a524f49d060352513253be,,USDC,122022.784271,2026-09-27T14:24:11,0x123dcf26aa07f699ffcaae9994b8b813a27b7bb5150bde3cd6b657fb341cef2e,https://etherscan.io/tx/0x123dcf26aa07f699ffcaae9994b8b813a27b7bb5150bde3cd6b657fb341cef2e
0xe64caf5f921ad10336a524f49d060352513253be,0x2ef12711969839cb7496f25bd14eea7eac939f10,,ETH,0.027,2026-09-27T14:32:35,0x33cae97e378ff0184fb8e50b97d5dbb192b221ce636f48aff1a4a23124b6ba78,https://etherscan.io/tx/0x33cae97e378ff0184fb8e50b97d5dbb192b221ce636f48aff1a4a23124b6ba78
0xe64caf5f921ad10336a524f49d060352513253be,0xa0b86991c6218b36c1d19d4a2e9eb0ce3606eb48,USDC,ETH,0.0,2026-09-27T14:31:47,0x2c0fc1f7b6cbf265601250516b38614e50543b7008f572d4e98eccc0faddbafe,https://etherscan.io/tx/0x2c0fc1f7b6cbf265601250516b38614e50543b7008f572d4e98eccc0faddbafe
0xe64caf5f921ad10336a524f49d060352513253be,0x2ef1857e07ced4c926ab25ef3e25fdaa73ea9f10,,USDC,0.0,2026-09-27T18:13:23,0x900cf37e85d6ba9d47c32ac61ac41c603596c17bb7fab901136206cad169aa8e,https://etherscan.io/tx/0x900cf37e85d6ba9d47c32ac61ac41c603596c17bb7fab901136206cad169aa8e
0xe64caf5f921ad10336a524f49d060352513253be,0x2ef12711969839cb7496f25bd14eea7eac939f10,,USDC,122022.784271,2026-09-27T14:31:47,0x2c0fc1f7b6cbf265601250516b38614e50543b7008f572d4e98eccc0faddbafe,https://etherscan.io/tx/0x2c0fc1f7b6cbf265601250516b38614e50543b7008f572d4e98eccc0faddbafe
0x2ef12711969839cb7496f25bd14eea7eac939f10,0xa8d8401b0d1798c95e4d5c0d37c1aabb25730cb0,,ETH,0.0194,2026-09-27T17:24:11,0xf0f58a986266118cb91bce33c2c18c016d212829b5ff79ce6e42d4c01cd93568,https://etherscan.io/tx/0xf0f58a986266118cb91bce33c2c18c016d212829b5ff79ce6e42d4c01cd93568
0x2ef12711969839cb7496f25bd14eea7eac939f10,0xa11cc0efb1b3acd95a2b8cd316e8c132e16048b5,ERC1967Proxy,ETH,0.0,2026-09-27T14:39:11,0x79d444d01dfd291aef62cb72f1ed58a9a20b7f9b09fa9dc168433c257953977f,https://etherscan.io/tx/0x79d444d01dfd291aef62cb72f1ed58a9a20b7f9b09fa9dc168433c257953977f
0x2ef12711969839cb7496f25bd14eea7eac939f10,0xa11cc0efb1b3acd95a2b8cd316e8c132e16048b5,ERC1967Proxy,ETH,0.0,2026-09-27T14:33:59,0x97d148d65274ed4bef194f3ca363a5f03f6e72d4460f1692c3d39a2d1f72fd6b,https://etherscan.io/tx/0x97d148d65274ed4bef194f3ca363a5f03f6e72d4460f1692c3d39a2d1f72fd6b
0x2ef12711969839cb7496f25bd14eea7eac939f10,0xa0b86991c6218b36c1d19d4a2e9eb0ce3606eb48,USDC,ETH,0.0,2026-09-27T14:32:59,0x4694391608f71e4960fe2a03d63aebdb38eabd42660120e4a5ebc96b0bd2abbe,https://etherscan.io/tx/0x4694391608f71e4960fe2a03d63aebdb38eabd42660120e4a5ebc96b0bd2abbe
0x2ef12711969839cb7496f25bd14eea7eac939f10,0xa11cc0efb1b3acd95a2b8cd316e8c132e16048b5,ERC1967Proxy,USDC,64020.312771,2026-09-27T14:39:11,0x79d444d01dfd291aef62cb72f1ed58a9a20b7f9b09fa9dc168433c257953977f,https://etherscan.io/tx/0x79d444d01dfd291aef62cb72f1ed58a9a20b7f9b09fa9dc168433c257953977f
0x2ef12711969839cb7496f25bd14eea7eac939f10,0xa11cc0efb1b3acd95a2b8cd316e8c132e16048b5,ERC1967Proxy,USDC,58000.0,2026-09-27T14:33:59,0x97d148d65274ed4bef194f3ca363a5f03f6e72d4460f1692c3d39a2d1f72fd6b,https://etherscan.io/tx/0x97d148d65274ed4bef194f3ca363a5f03f6e72d4460f1692c3d39a2d1f72fd6b
0x2ef12711969839cb7496f25bd14eea7eac939f10,0xe3478b0bb1a5084567c319096437924948be1964,,USDC,2.4715,2026-09-27T14:32:59,0x4694391608f71e4960fe2a03d63aebdb38eabd42660120e4a5ebc96b0bd2abbe,https://etherscan.io/tx/0x4694391608f71e4960fe2a03d63aebdb38eabd42660120e4a5ebc96b0bd2abbe
0xe524580bfdf8eb04f4da8d2176c6186c553915b4,0x6204d3df99c67b61ce539a782d2cafc0737fcced,,ETH,150.260238,2026-09-27T15:21:35,0x2de35afa50cf841dcebe77af187eb7a9494b2fccc46287b755e20059e107e2b5,https://etherscan.io/tx/0x2de35afa50cf841dcebe77af187eb7a9494b2fccc46287b755e20059e107e2b5
0xe524580bfdf8eb04f4da8d2176c6186c553915b4,0xa683f5a3514b863089adccfc3ebb1553ae61ec59,,ETH,163.334032,2026-09-27T14:44:59,0xfe0cbe9670bb830f8f79242071848f22423dd67f0873008a48c7b234cb061ff6,https://etherscan.io/tx/0xfe0cbe9670bb830f8f79242071848f22423dd67f0873008a48c7b234cb061ff6
0xe524580bfdf8eb04f4da8d2176c6186c553915b4,0xa0b86991c6218b36c1d19d4a2e9eb0ce3606eb48,USDC,ETH,0.0,2026-09-27T13:21:47,0x34e1b3bb01703e72b7bbfd3379abdffe9feb2c68e0abb65f4d86b0f5c9f8d92e,https://etherscan.io/tx/0x34e1b3bb01703e72b7bbfd3379abdffe9feb2c68e0abb65f4d86b0f5c9f8d92e
0xe524580bfdf8eb04f4da8d2176c6186c553915b4,0x258d1151034d3c7ba4dc4e6389ac905b0e84a5c8,,ETH,148.1,2026-09-27T12:57:59,0x290de64c0fe259a33941eb62e145c796e60384beb48b8fdafb418c07fb75a2f4,https://etherscan.io/tx/0x290de64c0fe259a33941eb62e145c796e60384beb48b8fdafb418c07fb75a2f4
0xe524580bfdf8eb04f4da8d2176c6186c553915b4,0x337685fdab40d39bd02028545a4ffa7d287cc3e2,MayanForwarder2,ETH,0.0,2026-09-27T12:26:47,0x0d045edc17b4b7014e191cbe3b6dc1e5b16620acbe3457796be2f0f3c734e801,https://etherscan.io/tx/0x0d045edc17b4b7014e191cbe3b6dc1e5b16620acbe3457796be2f0f3c734e801
0xe524580bfdf8eb04f4da8d2176c6186c553915b4,0x0000000000bbf5c5fd284e657f01bd000933c96d,Adapter,ETH,70.58,2026-09-27T12:21:47,0xc6cc941f30d89aee18550b2dbca46f75a1227b81d4f4d7cd2bf279f6be9b8c50,https://etherscan.io/tx/0xc6cc941f30d89aee18550b2dbca46f75a1227b81d4f4d7cd2bf279f6be9b8c50
0xe524580bfdf8eb04f4da8d2176c6186c553915b4,0x0000000000bbf5c5fd284e657f01bd000933c96d,Adapter,ETH,50.0,2026-09-27T12:19:35,0x3107f066ba0db279f08eff9b5381d0701a5009c27ebad3b5a8f7bf91d63ec76a,https://etherscan.io/tx/0x3107f066ba0db279f08eff9b5381d0701a5009c27ebad3b5a8f7bf91d63ec76a
0xe524580bfdf8eb04f4da8d2176c6186c553915b4,0x0000000000bbf5c5fd284e657f01bd000933c96d,Adapter,ETH,30.0,2026-09-27T12:18:35,0xa18e515df0ee16b6ddab3fc1e1ff0ead5db269752a6f611df4368f7c24ce8d1f,https://etherscan.io/tx/0xa18e515df0ee16b6ddab3fc1e1ff0ead5db269752a6f611df4368f7c24ce8d1f
0xe524580bfdf8eb04f4da8d2176c6186c553915b4,0x0000000000bbf5c5fd284e657f01bd000933c96d,Adapter,ETH,10.0,2026-09-27T12:17:11,0x4b7f2ad82a3c265d2626f352ee628b9f45d02416d214a2087dd342285f73adaf,https://etherscan.io/tx/0x4b7f2ad82a3c265d2626f352ee628b9f45d02416d214a2087dd342285f73adaf
0xe524580bfdf8eb04f4da8d2176c6186c553915b4,0xa4a85878b1e566b163743e74f4a467b00d6cba39,,ETH,145.827113,2026-09-27T11:44:59,0x70b9d5867f96dc8626821329be8e89f00765fc73432a9f185b1ea39eaa8fb862,https://etherscan.io/tx/0x70b9d5867f96dc8626821329be8e89f00765fc73432a9f185b1ea39eaa8fb862
0xe524580bfdf8eb04f4da8d2176c6186c553915b4,0x258d34d6c5dc89e4f4bc6c770ed57616f0e7a5c8,,USDC,0.0,2026-09-27T18:13:35,0xd1e22fc72c49ffe42c65be04c0d1376b42f5573e753b0f7a886eae902c20a5c9,https://etherscan.io/tx/0xd1e22fc72c49ffe42c65be04c0d1376b42f5573e753b0f7a886eae902c20a5c9
0xe524580bfdf8eb04f4da8d2176c6186c553915b4,0x258d1151034d3c7ba4dc4e6389ac905b0e84a5c8,,USDC,435388.208749,2026-09-27T13:21:47,0x34e1b3bb01703e72b7bbfd3379abdffe9feb2c68e0abb65f4d86b0f5c9f8d92e,https://etherscan.io/tx/0x34e1b3bb01703e72b7bbfd3379abdffe9feb2c68e0abb65f4d86b0f5c9f8d92e
0xe524580bfdf8eb04f4da8d2176c6186c553915b4,0x337685fdab40d39bd02028545a4ffa7d287cc3e2,MayanForwarder2,USDC,435388.338579,2026-09-27T12:26:47,0x0d045edc17b4b7014e191cbe3b6dc1e5b16620acbe3457796be2f0f3c734e801,https://etherscan.io/tx/0x0d045edc17b4b7014e191cbe3b6dc1e5b16620acbe3457796be2f0f3c734e801
0xa4a85878b1e566b163743e74f4a467b00d6cba39,0xf33e750336e9c0d4e2f4c0d450d753030693cc71,ERC1967Proxy,ETH,0.0,2026-09-27T11:47:11,0x62982bd4bf7e5a78eeb180851eb825426acba0d1a1b79c52fdbbbb7101da308d,https://etherscan.io/tx/0x62982bd4bf7e5a78eeb180851eb825426acba0d1a1b79c52fdbbbb7101da308d
0xa4a85878b1e566b163743e74f4a467b00d6cba39,0xd1ee705d774d59541d3d395e72a16e48389df7c7,ERC1967Proxy,ETH,145.81,2026-09-27T11:46:23,0x2d705435ac36ca5e08b0436fb23aebfd19537a1af9df418037253d2d19396bb9,https://etherscan.io/tx/0x2d705435ac36ca5e08b0436fb23aebfd19537a1af9df418037253d2d19396bb9
0xa4a85878b1e566b163743e74f4a467b00d6cba39,0xf33e750336e9c0d4e2f4c0d450d753030693cc71,ERC1967Proxy,USDC,394450.44552,2026-09-27T11:47:11,0x62982bd4bf7e5a78eeb180851eb825426acba0d1a1b79c52fdbbbb7101da308d,https://etherscan.io/tx/0x62982bd4bf7e5a78eeb180851eb825426acba0d1a1b79c52fdbbbb7101da308d
0x258d1151034d3c7ba4dc4e6389ac905b0e84a5c8,0xacddac6c77318b615f7f6fb9bb67c6833e9c05f1,LZMultiCall,ETH,87.720206,2026-09-27T13:34:35,0x1430061125499869b61a042594661a7c25433f6551d30375c84a4242fc72d801,https://etherscan.io/tx/0x1430061125499869b61a042594661a7c25433f6551d30375c84a4242fc72d801
0x258d1151034d3c7ba4dc4e6389ac905b0e84a5c8,0xacddac6c77318b615f7f6fb9bb67c6833e9c05f1,LZMultiCall,ETH,50.000206,2026-09-27T13:28:59,0xad5401ed8b7b82e05b162c9877f70aca8d3494e554c1c03349c3281b9dfbc533,https://etherscan.io/tx/0xad5401ed8b7b82e05b162c9877f70aca8d3494e554c1c03349c3281b9dfbc533
0x258d1151034d3c7ba4dc4e6389ac905b0e84a5c8,0xf33e750336e9c0d4e2f4c0d450d753030693cc71,ERC1967Proxy,ETH,0.0,2026-09-27T13:24:11,0x6f0556743bc766ff007f28fc8ef3f90c08a87282457f22bd97b259f82dacb2fe,https://etherscan.io/tx/0x6f0556743bc766ff007f28fc8ef3f90c08a87282457f22bd97b259f82dacb2fe
0x258d1151034d3c7ba4dc4e6389ac905b0e84a5c8,0xd1ee705d774d59541d3d395e72a16e48389df7c7,ERC1967Proxy,ETH,0.0,2026-09-27T13:22:35,0x16101e491a808f7e8aa91424938686b42e9e339211055f24368e8d1a8028e512,https://etherscan.io/tx/0x16101e491a808f7e8aa91424938686b42e9e339211055f24368e8d1a8028e512
0x258d1151034d3c7ba4dc4e6389ac905b0e84a5c8,0xacddac6c77318b615f7f6fb9bb67c6833e9c05f1,LZMultiCall,ETH,10.000204,2026-09-27T13:14:23,0xd19e08bd22f876fee529889d213b89b48246bde95d9e29e8d225e37be25390bd,https://etherscan.io/tx/0xd19e08bd22f876fee529889d213b89b48246bde95d9e29e8d225e37be25390bd
0x258d1151034d3c7ba4dc4e6389ac905b0e84a5c8,0xd1ee705d774d59541d3d395e72a16e48389df7c7,ERC1967Proxy,ETH,0.0,2026-09-27T13:13:11,0x2fab83c8f0125b8c838c45e06ee4470e1874d62bd38b0c0cc78b2b9e8d20a442,https://etherscan.io/tx/0x2fab83c8f0125b8c838c45e06ee4470e1874d62bd38b0c0cc78b2b9e8d20a442
0x258d1151034d3c7ba4dc4e6389ac905b0e84a5c8,0xf33e750336e9c0d4e2f4c0d450d753030693cc71,ERC1967Proxy,ETH,0.0,2026-09-27T13:09:59,0x74b748e818ed9a5f0de0a69d979015bb1b409078421c07f2bd16195b1bc47eeb,https://etherscan.io/tx/0x74b748e818ed9a5f0de0a69d979015bb1b409078421c07f2bd16195b1bc47eeb
0x258d1151034d3c7ba4dc4e6389ac905b0e84a5c8,0xd1ee705d774d59541d3d395e72a16e48389df7c7,ERC1967Proxy,ETH,88.0,2026-09-27T13:03:35,0x70595a1590edf712cd41ca713edda14d84ed7d42fea7ebed548e715b028d4520,https://etherscan.io/tx/0x70595a1590edf712cd41ca713edda14d84ed7d42fea7ebed548e715b028d4520
0x258d1151034d3c7ba4dc4e6389ac905b0e84a5c8,0xd1ee705d774d59541d3d395e72a16e48389df7c7,ERC1967Proxy,ETH,30.0,2026-09-27T13:00:47,0x5ab24715434cdff91a1865369e7cf00f663b0ac3f81ed91def7aedbec83290b6,https://etherscan.io/tx/0x5ab24715434cdff91a1865369e7cf00f663b0ac3f81ed91def7aedbec83290b6
0x258d1151034d3c7ba4dc4e6389ac905b0e84a5c8,0xd1ee705d774d59541d3d395e72a16e48389df7c7,ERC1967Proxy,ETH,30.0,2026-09-27T12:58:59,0x4c828ce0d2b64189ed4101364117e59830059f18502c2206ebfd8000621ea336,https://etherscan.io/tx/0x4c828ce0d2b64189ed4101364117e59830059f18502c2206ebfd8000621ea336
0x258d1151034d3c7ba4dc4e6389ac905b0e84a5c8,0xf33e750336e9c0d4e2f4c0d450d753030693cc71,ERC1967Proxy,USDC,235388.188749,2026-09-27T13:24:11,0x6f0556743bc766ff007f28fc8ef3f90c08a87282457f22bd97b259f82dacb2fe,https://etherscan.io/tx/0x6f0556743bc766ff007f28fc8ef3f90c08a87282457f22bd97b259f82dacb2fe
0x258d1151034d3c7ba4dc4e6389ac905b0e84a5c8,0xd1ee705d774d59541d3d395e72a16e48389df7c7,ERC1967Proxy,USDC,200000.0,2026-09-27T13:22:35,0x16101e491a808f7e8aa91424938686b42e9e339211055f24368e8d1a8028e512,https://etherscan.io/tx/0x16101e491a808f7e8aa91424938686b42e9e339211055f24368e8d1a8028e512
0x258d1151034d3c7ba4dc4e6389ac905b0e84a5c8,0xd1ee705d774d59541d3d395e72a16e48389df7c7,ERC1967Proxy,USDC,199793.777724,2026-09-27T13:13:11,0x2fab83c8f0125b8c838c45e06ee4470e1874d62bd38b0c0cc78b2b9e8d20a442,https://etherscan.io/tx/0x2fab83c8f0125b8c838c45e06ee4470e1874d62bd38b0c0cc78b2b9e8d20a442
0x258d1151034d3c7ba4dc4e6389ac905b0e84a5c8,0xf33e750336e9c0d4e2f4c0d450d753030693cc71,ERC1967Proxy,USDC,200000.0,2026-09-27T13:09:59,0x74b748e818ed9a5f0de0a69d979015bb1b409078421c07f2bd16195b1bc47eeb,https://etherscan.io/tx/0x74b748e818ed9a5f0de0a69d979015bb1b409078421c07f2bd16195b1bc47eeb
0xa683f5a3514b863089adccfc3ebb1553ae61ec59,0x64480b5d7bbe3dd7a87a9456534ffacc158724fa,,ETH,0.024,2026-09-27T14:48:35,0x19823b796c93c31d0d96332a5a33e52e39d044ee0e51218005ddfea6bde429b6,https://etherscan.io/tx/0x19823b796c93c31d0d96332a5a33e52e39d044ee0e51218005ddfea6bde429b6
0xa683f5a3514b863089adccfc3ebb1553ae61ec59,0xa0b86991c6218b36c1d19d4a2e9eb0ce3606eb48,USDC,ETH,0.0,2026-09-27T14:48:11,0xe02d1637b08a25d07568de57aa8c0a8090949b52fa4a0460102d930191ae31fc,https://etherscan.io/tx/0xe02d1637b08a25d07568de57aa8c0a8090949b52fa4a0460102d930191ae31fc
0xa683f5a3514b863089adccfc3ebb1553ae61ec59,0xd1ee705d774d59541d3d395e72a16e48389df7c7,ERC1967Proxy,ETH,83.3,2026-09-27T14:46:59,0x0122626edfe519266a57d941bd58bd4bb0364b6c08e10fc5937403d340d8811c,https://etherscan.io/tx/0x0122626edfe519266a57d941bd58bd4bb0364b6c08e10fc5937403d340d8811c
0xa683f5a3514b863089adccfc3ebb1553ae61ec59,0xd1ee705d774d59541d3d395e72a16e48389df7c7,ERC1967Proxy,ETH,80.0,2026-09-27T14:46:23,0x73223949fed356c3b1643e98ba33f8ad81601944316309020bda808325abf58f,https://etherscan.io/tx/0x73223949fed356c3b1643e98ba33f8ad81601944316309020bda808325abf58f
0xa683f5a3514b863089adccfc3ebb1553ae61ec59,0x6448edf46b27c177aab89b33ececdee74ccb24fa,,USDC,0.0,2026-09-27T18:15:23,0xd7a72489399a2cb0aea47d978faf4feec580d382e1877d367777f3923504d68b,https://etherscan.io/tx/0xd7a72489399a2cb0aea47d978faf4feec580d382e1877d367777f3923504d68b
0xa683f5a3514b863089adccfc3ebb1553ae61ec59,0x64480b5d7bbe3dd7a87a9456534ffacc158724fa,,USDC,438445.667574,2026-09-27T14:48:11,0xe02d1637b08a25d07568de57aa8c0a8090949b52fa4a0460102d930191ae31fc,https://etherscan.io/tx/0xe02d1637b08a25d07568de57aa8c0a8090949b52fa4a0460102d930191ae31fc
0x64480b5d7bbe3dd7a87a9456534ffacc158724fa,0xf33e750336e9c0d4e2f4c0d450d753030693cc71,ERC1967Proxy,ETH,0.0,2026-09-27T14:58:35,0x3c3b2135cb82699b33760cc4fb2b8094388e4e586e0fcad9a85d2529222b4873,https://etherscan.io/tx/0x3c3b2135cb82699b33760cc4fb2b8094388e4e586e0fcad9a85d2529222b4873
0x64480b5d7bbe3dd7a87a9456534ffacc158724fa,0xa0b86991c6218b36c1d19d4a2e9eb0ce3606eb48,USDC,ETH,0.0,2026-09-27T14:56:35,0x3535270584a24d8d05459e6b3a3d335f851bb830514107ab48fc57454833d4f0,https://etherscan.io/tx/0x3535270584a24d8d05459e6b3a3d335f851bb830514107ab48fc57454833d4f0
0x64480b5d7bbe3dd7a87a9456534ffacc158724fa,0xa11cc0efb1b3acd95a2b8cd316e8c132e16048b5,ERC1967Proxy,ETH,0.0,2026-09-27T14:56:35,0x5aa9b35e070e82c7979e6344f98b3057bb93c23d96c2b1971d3fb32009d6a2ae,https://etherscan.io/tx/0x5aa9b35e070e82c7979e6344f98b3057bb93c23d96c2b1971d3fb32009d6a2ae
0x64480b5d7bbe3dd7a87a9456534ffacc158724fa,0xa11cc0efb1b3acd95a2b8cd316e8c132e16048b5,ERC1967Proxy,ETH,0.0,2026-09-27T14:54:59,0xe925ca12491679269d243af34dd0f1a48c0177cb90b1b3d1dd8b80899c8c8936,https://etherscan.io/tx/0xe925ca12491679269d243af34dd0f1a48c0177cb90b1b3d1dd8b80899c8c8936
0x64480b5d7bbe3dd7a87a9456534ffacc158724fa,0xa11cc0efb1b3acd95a2b8cd316e8c132e16048b5,ERC1967Proxy,ETH,0.0,2026-09-27T14:53:47,0x451eda961cad5b363622a50f03ee4dcce18bb2b4a9d705944a4a559bdf557317,https://etherscan.io/tx/0x451eda961cad5b363622a50f03ee4dcce18bb2b4a9d705944a4a559bdf557317
0x64480b5d7bbe3dd7a87a9456534ffacc158724fa,0xa11cc0efb1b3acd95a2b8cd316e8c132e16048b5,ERC1967Proxy,ETH,0.0,2026-09-27T14:51:23,0xbecb0f203a0f07f9117f21b0cd08d37e9496f796669073e76bc709ec417bc951,https://etherscan.io/tx/0xbecb0f203a0f07f9117f21b0cd08d37e9496f796669073e76bc709ec417bc951
0x64480b5d7bbe3dd7a87a9456534ffacc158724fa,0xf33e750336e9c0d4e2f4c0d450d753030693cc71,ERC1967Proxy,USDC,98427.008578,2026-09-27T14:58:35,0x3c3b2135cb82699b33760cc4fb2b8094388e4e586e0fcad9a85d2529222b4873,https://etherscan.io/tx/0x3c3b2135cb82699b33760cc4fb2b8094388e4e586e0fcad9a85d2529222b4873
0x64480b5d7bbe3dd7a87a9456534ffacc158724fa,0xe3478b0bb1a5084567c319096437924948be1964,,USDC,18.658996,2026-09-27T14:56:35,0x3535270584a24d8d05459e6b3a3d335f851bb830514107ab48fc57454833d4f0,https://etherscan.io/tx/0x3535270584a24d8d05459e6b3a3d335f851bb830514107ab48fc57454833d4f0
0x64480b5d7bbe3dd7a87a9456534ffacc158724fa,0xa11cc0efb1b3acd95a2b8cd316e8c132e16048b5,ERC1967Proxy,USDC,90000.0,2026-09-27T14:56:35,0x5aa9b35e070e82c7979e6344f98b3057bb93c23d96c2b1971d3fb32009d6a2ae,https://etherscan.io/tx/0x5aa9b35e070e82c7979e6344f98b3057bb93c23d96c2b1971d3fb32009d6a2ae
0x64480b5d7bbe3dd7a87a9456534ffacc158724fa,0xa11cc0efb1b3acd95a2b8cd316e8c132e16048b5,ERC1967Proxy,USDC,90000.0,2026-09-27T14:54:59,0xe925ca12491679269d243af34dd0f1a48c0177cb90b1b3d1dd8b80899c8c8936,https://etherscan.io/tx/0xe925ca12491679269d243af34dd0f1a48c0177cb90b1b3d1dd8b80899c8c8936
0x64480b5d7bbe3dd7a87a9456534ffacc158724fa,0xa11cc0efb1b3acd95a2b8cd316e8c132e16048b5,ERC1967Proxy,USDC,80000.0,2026-09-27T14:53:47,0x451eda961cad5b363622a50f03ee4dcce18bb2b4a9d705944a4a559bdf557317,https://etherscan.io/tx/0x451eda961cad5b363622a50f03ee4dcce18bb2b4a9d705944a4a559bdf557317
0x64480b5d7bbe3dd7a87a9456534ffacc158724fa,0xa11cc0efb1b3acd95a2b8cd316e8c132e16048b5,ERC1967Proxy,USDC,80000.0,2026-09-27T14:51:23,0xbecb0f203a0f07f9117f21b0cd08d37e9496f796669073e76bc709ec417bc951,https://etherscan.io/tx/0xbecb0f203a0f07f9117f21b0cd08d37e9496f796669073e76bc709ec417bc951
0x6204d3df99c67b61ce539a782d2cafc0737fcced,0xf33e750336e9c0d4e2f4c0d450d753030693cc71,ERC1967Proxy,ETH,0.0,2026-09-27T15:24:23,0x4b49fed9ef8a96534ca82a870e4164a84eb3edaf32ce645209a92bed7c73cc31,https://etherscan.io/tx/0x4b49fed9ef8a96534ca82a870e4164a84eb3edaf32ce645209a92bed7c73cc31
0x6204d3df99c67b61ce539a782d2cafc0737fcced,0xd1ee705d774d59541d3d395e72a16e48389df7c7,ERC1967Proxy,ETH,75.24,2026-09-27T15:23:47,0x1878ee5bbf638fa8aa7e550595e37f452b62cdccd30312c2da6e2c48e22e8eec,https://etherscan.io/tx/0x1878ee5bbf638fa8aa7e550595e37f452b62cdccd30312c2da6e2c48e22e8eec
0x6204d3df99c67b61ce539a782d2cafc0737fcced,0xd1ee705d774d59541d3d395e72a16e48389df7c7,ERC1967Proxy,ETH,75.0,2026-09-27T15:22:47,0xd737373c4758c6147f001bdb4e37fb3237043692fdca52ed4d80dd817a1145f4,https://etherscan.io/tx/0xd737373c4758c6147f001bdb4e37fb3237043692fdca52ed4d80dd817a1145f4
0x6204d3df99c67b61ce539a782d2cafc0737fcced,0xf33e750336e9c0d4e2f4c0d450d753030693cc71,ERC1967Proxy,USDC,403533.722831,2026-09-27T15:24:23,0x4b49fed9ef8a96534ca82a870e4164a84eb3edaf32ce645209a92bed7c73cc31,https://etherscan.io/tx/0x4b49fed9ef8a96534ca82a870e4164a84eb3edaf32ce645209a92bed7c73cc31
0x7900c23e65741a18fe9c0b6dff984dd11a6084c1,0x9843257c050bd0a803dd3836e3dd6a47ca01ca40,,ETH,38.625495,2026-09-27T15:35:23,0xdaafc50a3e6fff9481fdaa3997e43e41e266b54c9f02a7e355cd1ef6936b8706,https://etherscan.io/tx/0xdaafc50a3e6fff9481fdaa3997e43e41e266b54c9f02a7e355cd1ef6936b8706
0x9843257c050bd0a803dd3836e3dd6a47ca01ca40,0xf33e750336e9c0d4e2f4c0d450d753030693cc71,ERC1967Proxy,ETH,0.0,2026-09-27T15:44:35,0x2a90a2e76fea78812147081089281fbe6ad72620b32cfdf79e14d59342a9d787,https://etherscan.io/tx/0x2a90a2e76fea78812147081089281fbe6ad72620b32cfdf79e14d59342a9d787
0x9843257c050bd0a803dd3836e3dd6a47ca01ca40,0xd1ee705d774d59541d3d395e72a16e48389df7c7,ERC1967Proxy,ETH,38.61,2026-09-27T15:43:23,0x19ce257fd3008761615586ce5087268041bf2dcac24b8d2e6b6fab91e765d257,https://etherscan.io/tx/0x19ce257fd3008761615586ce5087268041bf2dcac24b8d2e6b6fab91e765d257
0x9843257c050bd0a803dd3836e3dd6a47ca01ca40,0xf33e750336e9c0d4e2f4c0d450d753030693cc71,ERC1967Proxy,USDC,103687.595072,2026-09-27T15:44:35,0x2a90a2e76fea78812147081089281fbe6ad72620b32cfdf79e14d59342a9d787,https://etherscan.io/tx/0x2a90a2e76fea78812147081089281fbe6ad72620b32cfdf79e14d59342a9d787
0x1c1bfe68ff459601ab4366cc7f1d471b2f574413,0x9836dbd8c7b99cb8c64dc1bd3798dec53687a9ee,,ETH,76.111801,2026-09-27T15:50:11,0x60488cc0e8cd987354e0b8e8a7bbf22bd2cf3a86a07332ca1a9e7a21c9c13704,https://etherscan.io/tx/0x60488cc0e8cd987354e0b8e8a7bbf22bd2cf3a86a07332ca1a9e7a21c9c13704
0x4bd41f44577def74f532b0c3b3a94fd50e7c5e6e,0x7381800cb1ae92a50aaee4e164a5598da24f56f2,,ETH,18.962301,2026-09-27T16:44:11,0x74e161566859da2f8ad0a2faee3b7e1a8765ddc41de812b90d41ab6cf0d12a34,https://etherscan.io/tx/0x74e161566859da2f8ad0a2faee3b7e1a8765ddc41de812b90d41ab6cf0d12a34
0x9836dbd8c7b99cb8c64dc1bd3798dec53687a9ee,0xa8d8401b0d1798c95e4d5c0d37c1aabb25730cb0,,ETH,0.012099,2026-09-27T17:21:59,0xa0a1978c54683ec271575b7d8f15dac473254181311badfa262a855e5de9f58e,https://etherscan.io/tx/0xa0a1978c54683ec271575b7d8f15dac473254181311badfa262a855e5de9f58e
0x9836dbd8c7b99cb8c64dc1bd3798dec53687a9ee,0xf33e750336e9c0d4e2f4c0d450d753030693cc71,ERC1967Proxy,ETH,0.0,2026-09-27T15:58:23,0x32af3e58c978a9d71927b4ac2293216d2969c5734ab37572fbaab33b39492a77,https://etherscan.io/tx/0x32af3e58c978a9d71927b4ac2293216d2969c5734ab37572fbaab33b39492a77
0x9836dbd8c7b99cb8c64dc1bd3798dec53687a9ee,0x28c5a9deb798287a2441d11e1f95bf1573c5446d,,ETH,0.01,2026-09-27T15:56:23,0x86a89cb415f8f8b6fa83c69a049dfb6d297803dba4183def4003c47cb94fa5f1,https://etherscan.io/tx/0x86a89cb415f8f8b6fa83c69a049dfb6d297803dba4183def4003c47cb94fa5f1
0x9836dbd8c7b99cb8c64dc1bd3798dec53687a9ee,0xd1ee705d774d59541d3d395e72a16e48389df7c7,ERC1967Proxy,ETH,121.72,2026-09-27T15:54:47,0xcee956dc924319f54f9f1e6864e9f97e164b97e4e1a81b6b53e8921055e3ac92,https://etherscan.io/tx/0xcee956dc924319f54f9f1e6864e9f97e164b97e4e1a81b6b53e8921055e3ac92
0x9836dbd8c7b99cb8c64dc1bd3798dec53687a9ee,0xf33e750336e9c0d4e2f4c0d450d753030693cc71,ERC1967Proxy,USDC,326669.986206,2026-09-27T15:58:23,0x32af3e58c978a9d71927b4ac2293216d2969c5734ab37572fbaab33b39492a77,https://etherscan.io/tx/0x32af3e58c978a9d71927b4ac2293216d2969c5734ab37572fbaab33b39492a77
0xb488886d0bc487e4d1547a5281722ab257b1a17f,0xa8ec64915b12b866110a5fd991f0ee271eec9598,,ETH,0.002416,2026-09-27T16:00:47,0xff0f5f0674c39f155c130cb683c8a36407e4922f77578bad1c595e3a7dd69a9d,https://etherscan.io/tx/0xff0f5f0674c39f155c130cb683c8a36407e4922f77578bad1c595e3a7dd69a9d
0xb488886d0bc487e4d1547a5281722ab257b1a17f,0xa0b86991c6218b36c1d19d4a2e9eb0ce3606eb48,USDC,ETH,0.0,2026-09-27T16:00:23,0x4671f68104b95028e22da106eae4dd68f9c3492c044c45de1a3fca6e5fe7dfa2,https://etherscan.io/tx/0x4671f68104b95028e22da106eae4dd68f9c3492c044c45de1a3fca6e5fe7dfa2
0xb488886d0bc487e4d1547a5281722ab257b1a17f,0xd1ee705d774d59541d3d395e72a16e48389df7c7,ERC1967Proxy,ETH,23.865,2026-09-27T15:57:47,0x17db5d2bdfb5344fe3f9889d5000c55a78c34f8e137c72ae13642ca0eaf9489b,https://etherscan.io/tx/0x17db5d2bdfb5344fe3f9889d5000c55a78c34f8e137c72ae13642ca0eaf9489b
0xb488886d0bc487e4d1547a5281722ab257b1a17f,0xa8ec4063faeced0a0e1a92bc7e6c7915d2789598,,USDC,0.0,2026-09-27T18:13:35,0xd1e22fc72c49ffe42c65be04c0d1376b42f5573e753b0f7a886eae902c20a5c9,https://etherscan.io/tx/0xd1e22fc72c49ffe42c65be04c0d1376b42f5573e753b0f7a886eae902c20a5c9
0xb488886d0bc487e4d1547a5281722ab257b1a17f,0xa8ec64915b12b866110a5fd991f0ee271eec9598,,USDC,64143.52968,2026-09-27T16:00:23,0x4671f68104b95028e22da106eae4dd68f9c3492c044c45de1a3fca6e5fe7dfa2,https://etherscan.io/tx/0x4671f68104b95028e22da106eae4dd68f9c3492c044c45de1a3fca6e5fe7dfa2
0xa8ec64915b12b866110a5fd991f0ee271eec9598,0xbf3071a89a61c4cab078100a3ea2d8d2503ac7d0,,ETH,0.00143,2026-09-28T06:16:47,0x43aa0bfc9f1027b9765dc77436f441f4397d73f094130d744a64fadb6f43c700,https://etherscan.io/tx/0x43aa0bfc9f1027b9765dc77436f441f4397d73f094130d744a64fadb6f43c700
0xa8ec64915b12b866110a5fd991f0ee271eec9598,0xf33e750336e9c0d4e2f4c0d450d753030693cc71,ERC1967Proxy,ETH,0.0,2026-09-27T16:02:59,0x67da90b65fa685c2bc6b409e1ace9366350bf8381fb9136169610c4b22ee0606,https://etherscan.io/tx/0x67da90b65fa685c2bc6b409e1ace9366350bf8381fb9136169610c4b22ee0606
0xa8ec64915b12b866110a5fd991f0ee271eec9598,0xf33e750336e9c0d4e2f4c0d450d753030693cc71,ERC1967Proxy,USDC,64143.50968,2026-09-27T16:02:59,0x67da90b65fa685c2bc6b409e1ace9366350bf8381fb9136169610c4b22ee0606,https://etherscan.io/tx/0x67da90b65fa685c2bc6b409e1ace9366350bf8381fb9136169610c4b22ee0606
0x7381800cb1ae92a50aaee4e164a5598da24f56f2,0x6b175474e89094c44da98b954eedeac495271d0f,Dai,ETH,0.0,2026-09-27T22:41:35,0xdfed9e89464485851684f8f55f79ff95d89049107e96a63da3d6a588e4cda02c,https://etherscan.io/tx/0xdfed9e89464485851684f8f55f79ff95d89049107e96a63da3d6a588e4cda02c
0x7381800cb1ae92a50aaee4e164a5598da24f56f2,0xd1ee705d774d59541d3d395e72a16e48389df7c7,ERC1967Proxy,ETH,0.0,2026-09-27T22:40:47,0x9b19a7dfc96190127e41cbe936a8ac26454231cf21249143ff14cfdaa226feca,https://etherscan.io/tx/0x9b19a7dfc96190127e41cbe936a8ac26454231cf21249143ff14cfdaa226feca
0x7381800cb1ae92a50aaee4e164a5598da24f56f2,0xf33e750336e9c0d4e2f4c0d450d753030693cc71,ERC1967Proxy,ETH,0.0,2026-09-27T16:59:47,0x33df360b96388a31976d915aa72c9072ae32fa5e17b6e94a369047c8367a551a,https://etherscan.io/tx/0x33df360b96388a31976d915aa72c9072ae32fa5e17b6e94a369047c8367a551a
0x7381800cb1ae92a50aaee4e164a5598da24f56f2,0x89c6340b1a1f4b25d36cd8b063d49045caf3f818,Permit2Proxy,ETH,0.0,2026-09-27T16:57:47,0xd1dde6d2802dd8a9f7fea248a5b0713f137e5502f4432d9476eaa6cf658cdb30,https://etherscan.io/tx/0xd1dde6d2802dd8a9f7fea248a5b0713f137e5502f4432d9476eaa6cf658cdb30
0x7381800cb1ae92a50aaee4e164a5598da24f56f2,0x89c6340b1a1f4b25d36cd8b063d49045caf3f818,Permit2Proxy,ETH,0.0,2026-09-27T16:55:11,0xd93522c77b4f0d7115d61f3cd3e42156849ece8468bd7ea1cba543ca67a226b1,https://etherscan.io/tx/0xd93522c77b4f0d7115d61f3cd3e42156849ece8468bd7ea1cba543ca67a226b1
0x7381800cb1ae92a50aaee4e164a5598da24f56f2,0x50c4e75a512f2a14a7b304787adf79c4531a5909,AllowanceHolder,ETH,0.0,2026-09-27T16:51:11,0x65201fd583c8e53a118052c39d1264f949baa5af03bcb098b8a64ea41e5029e0,https://etherscan.io/tx/0x65201fd583c8e53a118052c39d1264f949baa5af03bcb098b8a64ea41e5029e0
0x7381800cb1ae92a50aaee4e164a5598da24f56f2,0x50c4e75a512f2a14a7b304787adf79c4531a5909,AllowanceHolder,ETH,48.07,2026-09-27T16:48:11,0xb945834d31ca4261f4f45d0fccbce715e7f1fd681d2e19b782de324817e81dde,https://etherscan.io/tx/0xb945834d31ca4261f4f45d0fccbce715e7f1fd681d2e19b782de324817e81dde
0x7381800cb1ae92a50aaee4e164a5598da24f56f2,0x50c4e75a512f2a14a7b304787adf79c4531a5909,AllowanceHolder,ETH,10.0,2026-09-27T16:47:35,0x986455eb429dde04c1e4cd3ae69a180706aaa702cdc68316eb15c9ce1aa2501a,https://etherscan.io/tx/0x986455eb429dde04c1e4cd3ae69a180706aaa702cdc68316eb15c9ce1aa2501a
0x7381800cb1ae92a50aaee4e164a5598da24f56f2,0x5432658cd903e7e2065fac8036ff34c326deb113,,DAI,0.0,2026-09-28T01:23:35,0x5f778dec1dd81beee49ae672b966324380e27b8a88c5404cfb8257ec6cd16e5e,https://etherscan.io/tx/0x5f778dec1dd81beee49ae672b966324380e27b8a88c5404cfb8257ec6cd16e5e
0x7381800cb1ae92a50aaee4e164a5598da24f56f2,0x54328634060788df7d98b3b3b1e347235c4eb113,,DAI,9999.183293,2026-09-27T22:41:35,0xdfed9e89464485851684f8f55f79ff95d89049107e96a63da3d6a588e4cda02c,https://etherscan.io/tx/0xdfed9e89464485851684f8f55f79ff95d89049107e96a63da3d6a588e4cda02c
0x7381800cb1ae92a50aaee4e164a5598da24f56f2,0xd1ee705d774d59541d3d395e72a16e48389df7c7,ERC1967Proxy,USDC,10000.02,2026-09-27T22:40:47,0x9b19a7dfc96190127e41cbe936a8ac26454231cf21249143ff14cfdaa226feca,https://etherscan.io/tx/0x9b19a7dfc96190127e41cbe936a8ac26454231cf21249143ff14cfdaa226feca
0x7381800cb1ae92a50aaee4e164a5598da24f56f2,0xf33e750336e9c0d4e2f4c0d450d753030693cc71,ERC1967Proxy,USDC,125997.900996,2026-09-27T16:59:47,0x33df360b96388a31976d915aa72c9072ae32fa5e17b6e94a369047c8367a551a,https://etherscan.io/tx/0x33df360b96388a31976d915aa72c9072ae32fa5e17b6e94a369047c8367a551a
0x7381800cb1ae92a50aaee4e164a5598da24f56f2,0x89c6340b1a1f4b25d36cd8b063d49045caf3f818,Permit2Proxy,USDC,10000.0,2026-09-27T16:57:47,0xd1dde6d2802dd8a9f7fea248a5b0713f137e5502f4432d9476eaa6cf658cdb30,https://etherscan.io/tx/0xd1dde6d2802dd8a9f7fea248a5b0713f137e5502f4432d9476eaa6cf658cdb30
0x7381800cb1ae92a50aaee4e164a5598da24f56f2,0x89c6340b1a1f4b25d36cd8b063d49045caf3f818,Permit2Proxy,USDC,10000.0,2026-09-27T16:55:11,0xd93522c77b4f0d7115d61f3cd3e42156849ece8468bd7ea1cba543ca67a226b1,https://etherscan.io/tx/0xd93522c77b4f0d7115d61f3cd3e42156849ece8468bd7ea1cba543ca67a226b1
0x7381800cb1ae92a50aaee4e164a5598da24f56f2,0x50cfe7c1938db66a1a6d2e86d36f39fbef3d5c4a,OpenRouter,USDC,10000.0,2026-09-27T16:51:11,0x65201fd583c8e53a118052c39d1264f949baa5af03bcb098b8a64ea41e5029e0,https://etherscan.io/tx/0x65201fd583c8e53a118052c39d1264f949baa5af03bcb098b8a64ea41e5029e0
0xa509b37c42cc0df5cd0ad76599888faf4bd1889f,0x8719fcbfcb3f9caeb198c8910ffeecc1e321e61c,,ETH,0.019912,2026-09-27T19:06:23,0x3316e5fe963915288f7da26f6680a1ff65ae9730b53a3c64f40ed48d3bad5ca7,https://etherscan.io/tx/0x3316e5fe963915288f7da26f6680a1ff65ae9730b53a3c64f40ed48d3bad5ca7
0xa509b37c42cc0df5cd0ad76599888faf4bd1889f,0xf33e750336e9c0d4e2f4c0d450d753030693cc71,ERC1967Proxy,ETH,0.0,2026-09-27T17:24:11,0x44454a9abf5e7606f3f01293a580697ecbde8a4d054caa01a94da5b5f4eedd1f,https://etherscan.io/tx/0x44454a9abf5e7606f3f01293a580697ecbde8a4d054caa01a94da5b5f4eedd1f
0xa509b37c42cc0df5cd0ad76599888faf4bd1889f,0xf33e750336e9c0d4e2f4c0d450d753030693cc71,ERC1967Proxy,ETH,0.0,2026-09-27T17:22:47,0x3bab1c9ba30f1340f77d842d134a12f67fdeb3292b9595d30f54241c81c7f240,https://etherscan.io/tx/0x3bab1c9ba30f1340f77d842d134a12f67fdeb3292b9595d30f54241c81c7f240
0xa509b37c42cc0df5cd0ad76599888faf4bd1889f,0xd1ee705d774d59541d3d395e72a16e48389df7c7,ERC1967Proxy,ETH,143.839671,2026-09-27T17:19:47,0xcfad71af588b2ce18fa120da603b53570f28af809783525e9061fc77f128388f,https://etherscan.io/tx/0xcfad71af588b2ce18fa120da603b53570f28af809783525e9061fc77f128388f
0xa509b37c42cc0df5cd0ad76599888faf4bd1889f,0xf33e750336e9c0d4e2f4c0d450d753030693cc71,ERC1967Proxy,USDC,190000.73027,2026-09-27T17:24:11,0x44454a9abf5e7606f3f01293a580697ecbde8a4d054caa01a94da5b5f4eedd1f,https://etherscan.io/tx/0x44454a9abf5e7606f3f01293a580697ecbde8a4d054caa01a94da5b5f4eedd1f
0xa509b37c42cc0df5cd0ad76599888faf4bd1889f,0xf33e750336e9c0d4e2f4c0d450d753030693cc71,ERC1967Proxy,USDC,195515.14962,2026-09-27T17:22:47,0x3bab1c9ba30f1340f77d842d134a12f67fdeb3292b9595d30f54241c81c7f240,https://etherscan.io/tx/0x3bab1c9ba30f1340f77d842d134a12f67fdeb3292b9595d30f54241c81c7f240
0xa8d8401b0d1798c95e4d5c0d37c1aabb25730cb0,0xf33e750336e9c0d4e2f4c0d450d753030693cc71,ERC1967Proxy,ETH,0.0,2026-09-27T17:43:47,0xad1ffb7cd6c423a8d473711def94f724838497c3a2d39c88104bc9e8c0a7c663,https://etherscan.io/tx/0xad1ffb7cd6c423a8d473711def94f724838497c3a2d39c88104bc9e8c0a7c663
0xa8d8401b0d1798c95e4d5c0d37c1aabb25730cb0,0xd1ee705d774d59541d3d395e72a16e48389df7c7,ERC1967Proxy,ETH,123.170587,2026-09-27T17:19:59,0xde3b5224d53c62c0ae3d396e6e570d787e3506c39dc999ec51eaade2d3149158,https://etherscan.io/tx/0xde3b5224d53c62c0ae3d396e6e570d787e3506c39dc999ec51eaade2d3149158
0xa8d8401b0d1798c95e4d5c0d37c1aabb25730cb0,0xf33e750336e9c0d4e2f4c0d450d753030693cc71,ERC1967Proxy,USDC,330123.924505,2026-09-27T17:43:47,0xad1ffb7cd6c423a8d473711def94f724838497c3a2d39c88104bc9e8c0a7c663,https://etherscan.io/tx/0xad1ffb7cd6c423a8d473711def94f724838497c3a2d39c88104bc9e8c0a7c663
0xa34e6599c38b131f32c84f623b77cf283c9a178f,0xa0b86991c6218b36c1d19d4a2e9eb0ce3606eb48,USDC,ETH,0.0,2026-09-27T17:21:35,0x168358dbd9d5bdb6db0f3dcfe338e45f9d9be07d855deccea5126c8b64b7e121,https://etherscan.io/tx/0x168358dbd9d5bdb6db0f3dcfe338e45f9d9be07d855deccea5126c8b64b7e121
0xa34e6599c38b131f32c84f623b77cf283c9a178f,0xd1ee705d774d59541d3d395e72a16e48389df7c7,ERC1967Proxy,ETH,24.186396,2026-09-27T17:17:11,0xb93d2b62fd3bc255f7e76247a99a52415a0b2d4f481beb07af6d097f0c2e5212,https://etherscan.io/tx/0xb93d2b62fd3bc255f7e76247a99a52415a0b2d4f481beb07af6d097f0c2e5212
0xa34e6599c38b131f32c84f623b77cf283c9a178f,0xcc905e8636449f52925ad0ef7ab8ed4c317fbe6e,,USDC,0.0,2026-09-27T18:17:35,0x25d224a94f38d3fafa10ac34a11617082cf2b96abfb39d5eae0360515eace2f3,https://etherscan.io/tx/0x25d224a94f38d3fafa10ac34a11617082cf2b96abfb39d5eae0360515eace2f3
0xa34e6599c38b131f32c84f623b77cf283c9a178f,0xcc902b6e13607f479c33e8c2dbaf703c3050be6e,,USDC,64963.380274,2026-09-27T17:21:35,0x168358dbd9d5bdb6db0f3dcfe338e45f9d9be07d855deccea5126c8b64b7e121,https://etherscan.io/tx/0x168358dbd9d5bdb6db0f3dcfe338e45f9d9be07d855deccea5126c8b64b7e121
0x43848aa5a092a9f4382c3e6eacc0bc47fe2a979c,0x330f2b5df5352696f5e4f3a1a3ed684fc04391a4,,ETH,312.940881,2026-09-27T17:25:47,0xb8a6cf76054ef38bd9f4cbb7220243641773f5c4bb860ea471d0832ae52f63b6,https://etherscan.io/tx/0xb8a6cf76054ef38bd9f4cbb7220243641773f5c4bb860ea471d0832ae52f63b6
0x43848aa5a092a9f4382c3e6eacc0bc47fe2a979c,0xb181bd118ea6de186b40861e3fcae7d51ef6e98d,,ETH,158.706262,2026-09-27T16:08:47,0xa14103c60c3760e5f2ad87b9649e71c5d39746cad31333b4c0999b0b0b10683a,https://etherscan.io/tx/0xa14103c60c3760e5f2ad87b9649e71c5d39746cad31333b4c0999b0b0b10683a
0xb181bd118ea6de186b40861e3fcae7d51ef6e98d,0xf33e750336e9c0d4e2f4c0d450d753030693cc71,ERC1967Proxy,ETH,0.0,2026-09-27T16:11:59,0xa469ba3f7eb10b8d3a245d470a1ed82daff94aac0e923dcab63ba11a6ca7f583,https://etherscan.io/tx/0xa469ba3f7eb10b8d3a245d470a1ed82daff94aac0e923dcab63ba11a6ca7f583
0xb181bd118ea6de186b40861e3fcae7d51ef6e98d,0xd1ee705d774d59541d3d395e72a16e48389df7c7,ERC1967Proxy,ETH,88.66,2026-09-27T16:11:11,0x44b12a1bfb3d82f610d224724ccc19d97887f0010454b0402b782f3f2f6da261,https://etherscan.io/tx/0x44b12a1bfb3d82f610d224724ccc19d97887f0010454b0402b782f3f2f6da261
0xb181bd118ea6de186b40861e3fcae7d51ef6e98d,0xd1ee705d774d59541d3d395e72a16e48389df7c7,ERC1967Proxy,ETH,0.032958,2026-09-27T16:10:11,0xd336b2fd4d542c940172f713030bc8f4e7c386054ffbc642ebb8846d33a77428,https://etherscan.io/tx/0xd336b2fd4d542c940172f713030bc8f4e7c386054ffbc642ebb8846d33a77428
0xb181bd118ea6de186b40861e3fcae7d51ef6e98d,0xd1ee705d774d59541d3d395e72a16e48389df7c7,ERC1967Proxy,ETH,70.0,2026-09-27T16:09:23,0x332d72d209b98576631d2d10680eeb66dea8681bffab2332822b132d1556f22c,https://etherscan.io/tx/0x332d72d209b98576631d2d10680eeb66dea8681bffab2332822b132d1556f22c
0xb181bd118ea6de186b40861e3fcae7d51ef6e98d,0xf33e750336e9c0d4e2f4c0d450d753030693cc71,ERC1967Proxy,USDC,426423.475117,2026-09-27T16:11:59,0xa469ba3f7eb10b8d3a245d470a1ed82daff94aac0e923dcab63ba11a6ca7f583,https://etherscan.io/tx/0xa469ba3f7eb10b8d3a245d470a1ed82daff94aac0e923dcab63ba11a6ca7f583
0x425775ddda26ea78d0822c17ce39251d94a0a47c,0xf33e750336e9c0d4e2f4c0d450d753030693cc71,ERC1967Proxy,ETH,0.0,2026-09-27T18:37:35,0x94c757d07a53619b386ea0c0b91278cf6471f4dfa2181195cab30cf092ee31f1,https://etherscan.io/tx/0x94c757d07a53619b386ea0c0b91278cf6471f4dfa2181195cab30cf092ee31f1
0x425775ddda26ea78d0822c17ce39251d94a0a47c,0xd1ee705d774d59541d3d395e72a16e48389df7c7,ERC1967Proxy,ETH,54.74,2026-09-27T18:35:47,0xb15ffafd96c3dc4cb524ec291ae7ab7ff6292a18caf35f6e9b014a1f4a4b3f4e,https://etherscan.io/tx/0xb15ffafd96c3dc4cb524ec291ae7ab7ff6292a18caf35f6e9b014a1f4a4b3f4e
0x425775ddda26ea78d0822c17ce39251d94a0a47c,0xf33e750336e9c0d4e2f4c0d450d753030693cc71,ERC1967Proxy,USDC,147392.595586,2026-09-27T18:37:35,0x94c757d07a53619b386ea0c0b91278cf6471f4dfa2181195cab30cf092ee31f1,https://etherscan.io/tx/0x94c757d07a53619b386ea0c0b91278cf6471f4dfa2181195cab30cf092ee31f1
0x426874600f34edc1eecb63aee383ddc0b9a42293,0xa0b86991c6218b36c1d19d4a2e9eb0ce3606eb48,USDC,ETH,0.0,2026-09-27T18:40:47,0x0032fdc11e07b48012b7b44e243f20aab0eedf93f18a0c800ff4551b0fd3cf74,https://etherscan.io/tx/0x0032fdc11e07b48012b7b44e243f20aab0eedf93f18a0c800ff4551b0fd3cf74
0x426874600f34edc1eecb63aee383ddc0b9a42293,0xd1ee705d774d59541d3d395e72a16e48389df7c7,ERC1967Proxy,ETH,24.50849,2026-09-27T18:35:59,0x7b5969ace8868e2f5b6d6131d5da60a256f11003a08d0218b2decc61f1db8431,https://etherscan.io/tx/0x7b5969ace8868e2f5b6d6131d5da60a256f11003a08d0218b2decc61f1db8431
0x426874600f34edc1eecb63aee383ddc0b9a42293,0x6889c64d54598422e0bdbc4e9d394edb078ca7d7,,USDC,0.0,2026-09-27T21:22:59,0xfeab467dc22cced93f2430528c47d304e7ace6baeafeac23e87b2db492e82432,https://etherscan.io/tx/0xfeab467dc22cced93f2430528c47d304e7ace6baeafeac23e87b2db492e82432
0x426874600f34edc1eecb63aee383ddc0b9a42293,0x6889ccf82fb7ec674110f8028e98a0a2b8dda7d7,,USDC,65982.792698,2026-09-27T18:40:47,0x0032fdc11e07b48012b7b44e243f20aab0eedf93f18a0c800ff4551b0fd3cf74,https://etherscan.io/tx/0x0032fdc11e07b48012b7b44e243f20aab0eedf93f18a0c800ff4551b0fd3cf74
0x8719fcbfcb3f9caeb198c8910ffeecc1e321e61c,0xf33e750336e9c0d4e2f4c0d450d753030693cc71,ERC1967Proxy,ETH,0.0,2026-09-27T19:07:35,0x22995b2a544cf8f3589b1dd5dbdacd6b75fdef9ac022c9662ddce98a30dc39bb,https://etherscan.io/tx/0x22995b2a544cf8f3589b1dd5dbdacd6b75fdef9ac022c9662ddce98a30dc39bb
0x8719fcbfcb3f9caeb198c8910ffeecc1e321e61c,0xd1ee705d774d59541d3d395e72a16e48389df7c7,ERC1967Proxy,ETH,145.199706,2026-09-27T19:04:47,0xe2439aa7ca5cd3c313b00da9e76c792c6990b27dc60a1c74d3ac5653ddbe06f4,https://etherscan.io/tx/0xe2439aa7ca5cd3c313b00da9e76c792c6990b27dc60a1c74d3ac5653ddbe06f4
0x8719fcbfcb3f9caeb198c8910ffeecc1e321e61c,0xf33e750336e9c0d4e2f4c0d450d753030693cc71,ERC1967Proxy,USDC,390064.749473,2026-09-27T19:07:35,0x22995b2a544cf8f3589b1dd5dbdacd6b75fdef9ac022c9662ddce98a30dc39bb,https://etherscan.io/tx/0x22995b2a544cf8f3589b1dd5dbdacd6b75fdef9ac022c9662ddce98a30dc39bb
0x4969741f4e33172a3eea54f8ea2df3779a04ac34,0xbc7c0f10eb697dbe156b0b62ef77a9bd2573757e,,ETH,193.5923,2026-09-27T19:41:35,0x387ec83933064b2b6f8c5eb7f5f9e8c884fcbc0c12e8c4c0da0a32b8d9c00e72,https://etherscan.io/tx/0x387ec83933064b2b6f8c5eb7f5f9e8c884fcbc0c12e8c4c0da0a32b8d9c00e72
0x4969741f4e33172a3eea54f8ea2df3779a04ac34,0xbc7c0f10eb697dbe156b0b62ef77a9bd2573757e,,ETH,64.460724,2026-09-27T18:21:11,0x14279364063dbedecf53c606d715c8e4828cc4eedaa189924da1c766f80bb825,https://etherscan.io/tx/0x14279364063dbedecf53c606d715c8e4828cc4eedaa189924da1c766f80bb825
0x7d301870042e52455444a30f4e3fb7aef6522268,0x020dd06ddcf2207f2a8e0cbcdebf8551d72cb7fd,,ETH,124.197552,2026-09-27T20:06:11,0x351556c6fa0122c55f1e14659a62f060740b2034716c6832a0ea0a0f95ba24d3,https://etherscan.io/tx/0x351556c6fa0122c55f1e14659a62f060740b2034716c6832a0ea0a0f95ba24d3
0x020dd06ddcf2207f2a8e0cbcdebf8551d72cb7fd,0xacddac6c77318b615f7f6fb9bb67c6833e9c05f1,LZMultiCall,ETH,0.004586,2026-09-27T20:18:11,0xdef40745e782c448bf64063d16999e49340b0fc2457b29ab6887c62a0886f932,https://etherscan.io/tx/0xdef40745e782c448bf64063d16999e49340b0fc2457b29ab6887c62a0886f932
0x020dd06ddcf2207f2a8e0cbcdebf8551d72cb7fd,0xba3cb449bd2b4adddbc894d8697f5170800eadec,CoWSwapEthFlow,ETH,124.14,2026-09-27T20:07:59,0x34996bafa71419c2ec0b91393ff2c62708c2abea36930a0e60780b93b8190fe1,https://etherscan.io/tx/0x34996bafa71419c2ec0b91393ff2c62708c2abea36930a0e60780b93b8190fe1
0x020dd06ddcf2207f2a8e0cbcdebf8551d72cb7fd,0xacddac6c77318b615f7f6fb9bb67c6833e9c05f1,LZMultiCall,USDT,334176.443463,2026-09-27T20:18:11,0xdef40745e782c448bf64063d16999e49340b0fc2457b29ab6887c62a0886f932,https://etherscan.io/tx/0xdef40745e782c448bf64063d16999e49340b0fc2457b29ab6887c62a0886f932
0x9ea12e0bfb370a8f9acd0bd833381d17b1522ee9,0x12eec4ca707b76518ebca5f5b8338e5c52e43a11,,ETH,55.760276,2026-09-27T20:06:59,0x3b9a19e3d1b840437671826c5cd273652d7e8bd14815aeb6c222db785d08b2ff,https://etherscan.io/tx/0x3b9a19e3d1b840437671826c5cd273652d7e8bd14815aeb6c222db785d08b2ff
0x12eec4ca707b76518ebca5f5b8338e5c52e43a11,0xacddac6c77318b615f7f6fb9bb67c6833e9c05f1,LZMultiCall,ETH,0.004586,2026-09-27T20:09:35,0xa4df41b33045c32ec9258a75e25f3474f28a7874001e7802fb82159fd9ecab8f,https://etherscan.io/tx/0xa4df41b33045c32ec9258a75e25f3474f28a7874001e7802fb82159fd9ecab8f
0x12eec4ca707b76518ebca5f5b8338e5c52e43a11,0xba3cb449bd2b4adddbc894d8697f5170800eadec,CoWSwapEthFlow,ETH,55.750328,2026-09-27T20:07:23,0x6d6f85fa1d071c687efb1578b634c45ee6ccab7b142c459ab01c14ed599cff5d,https://etherscan.io/tx/0x6d6f85fa1d071c687efb1578b634c45ee6ccab7b142c459ab01c14ed599cff5d
0x12eec4ca707b76518ebca5f5b8338e5c52e43a11,0xacddac6c77318b615f7f6fb9bb67c6833e9c05f1,LZMultiCall,USDT,150066.024376,2026-09-27T20:09:35,0xa4df41b33045c32ec9258a75e25f3474f28a7874001e7802fb82159fd9ecab8f,https://etherscan.io/tx/0xa4df41b33045c32ec9258a75e25f3474f28a7874001e7802fb82159fd9ecab8f
