time_utc,source_hack,sender,sender_label,in_asset,in_amount,memo,thorchain_in_tx
2026-04-20 12:42:38,unclassified,0xcdd505c7041a8b31ee7affb360c8922dab34bc34,,ETH.ETH,0.01570007,=:BTC.BTC:bc1qa6qz0yrtc85zwrlvxu9xt69upgzvmaujy367m7:46481/1/0:naswap:20,F78464DEFA71214BE1BFD5E0A669CCADC8C225B1DBD00D67E2E3DCE34A135FFB
2026-04-20 12:57:33,unclassified,0xcdd505c7041a8b31ee7affb360c8922dab34bc34,,ETH.ETH,0.05405322,=:BTC.BTC:bc1qa6qz0yrtc85zwrlvxu9xt69upgzvmaujy367m7:160787/1/0:naswap:20,078F29506EA45AFA5E3D57E86E10098C1CAD02537C14CD0101C9A580E2937480
2026-04-20 13:19:14,unclassified,bc1qa6qz0yrtc85zwrlvxu9xt69upgzvmaujy367m7,,BTC.BTC,0.00210591,=:ETH.ETH:0xCdd505C7041A8B31EE7aFFB360C8922daB34BC34:6751531/1/0:naswap:20,29A77E377109DEF9716E8DA2F82E873F28C18EF5B4B72C23C3E21E61787D24DA
2026-04-20 13:31:41,unclassified,0xcdd505c7041a8b31ee7affb360c8922dab34bc34,,ETH.ETH,0.06762986,=:BTC.BTC:bc1qa6qz0yrtc85zwrlvxu9xt69upgzvmaujy367m7:205448/1/0:naswap:20,32C7A83736B242CF44BE348FFE699A2D50DAFC55D55A61B6D3AC98E230F5E693
2026-04-20 16:08:23,unclassified,bc1qa6qz0yrtc85zwrlvxu9xt69upgzvmaujy367m7,,BTC.BTC,0.00153509,=:ETH.ETH:0xCdd505C7041A8B31EE7aFFB360C8922daB34BC34:4849646/1/0:naswap:20,8DB5C9D50ABFD1AA65D781A67E831DA50C5753DC7FADC67E3FF46FDFF0598CDF
2026-04-21 01:17:40,unclassified,0xcdd505c7041a8b31ee7affb360c8922dab34bc34,,ETH.ETH,0.04986124,=:BTC.BTC:bc1qa6qz0yrtc85zwrlvxu9xt69upgzvmaujy367m7:145964/1/0:naswap:20,73A7F4BD6C16C8F373848931E4FAF63DC237C1C35655739767412DBB9931EDED
2026-04-21 11:41:04,unclassified,0x2ec78d963c25058c7238b35a75d789371b09a95e,,ETH.ETH,10.0,=:BTC.BTC:bc1qtw33kt9zaygh6uenkpdaky2ylqza9faj5xes34:29807019/1/0:naswap:20,7CD23250B15CD85844B408072E7C0836665D343EB8D7E71E7DD954CB67CCAEE7
2026-04-21 11:48:00,unclassified,0x2ec78d963c25058c7238b35a75d789371b09a95e,,ETH.ETH,21.4209596,=:BTC.BTC:bc1qtw33kt9zaygh6uenkpdaky2ylqza9faj5xes34:63911978/1/0:naswap:20,5782183C34F02E034E775E1396673E49B8342C207C4A5CEF9E60BFEBA8AAC897
2026-04-21 12:16:13,unclassified,0xa4097aa438dcf6c74f6dba273112582e47971455,,ETH.ETH,33.31172274,=:BTC.BTC:bc1q5f4hk8gayvt9vrdvklvmnvdvdtlersqy8msnnp:99416509/1/0:naswap:10,DF021A0BA0032537915C244F7A72079F71A7BA93C1CDBD89DDBF1794F7DC7443
2026-04-21 12:19:15,Kelp DAO,0x1c1a82627da9a8a09c8df8078b2a57008be19097,Kelp DAO Exploiter 34,ETH.ETH,30.0,=:BTC.BTC:bc1q5f4hk8gayvt9vrdvklvmnvdvdtlersqy8msnnp:87891943/1/0:naswap:10,D7D35A111A375ABC1271E43A739B293334304269732F3325E458894381C66809
2026-04-21 12:19:27,Kelp DAO,0x1c1a82627da9a8a09c8df8078b2a57008be19097,Kelp DAO Exploiter 34,ETH.ETH,27.1,=:BTC.BTC:bc1q5f4hk8gayvt9vrdvklvmnvdvdtlersqy8msnnp:79391566/1/0:naswap:10,8A8487F1FE6830EFEA21A47C5A45EF84D99DF0B69CF7E948B8105A1E1384EA05
2026-04-21 13:08:17,Kelp DAO,0x1c1a82627da9a8a09c8df8078b2a57008be19097,Kelp DAO Exploiter 34,ETH.ETH,57.55432795,=:BTC.BTC:bc1q5f4hk8gayvt9vrdvklvmnvdvdtlersqy8msnnp:170778469/1/0:naswap:10,1DA89D7F922A8A60397B9E02585E1B7D1F208E6EAA5182824C3EAD6D7B14A37B
2026-04-21 13:10:06,Kelp DAO,0x1c1a82627da9a8a09c8df8078b2a57008be19097,Kelp DAO Exploiter 34,ETH.ETH,33.75,=:BTC.BTC:bc1q5f4hk8gayvt9vrdvklvmnvdvdtlersqy8msnnp:97315662/1/0:naswap:10,A2E7092A2177E392E2445D08C8215FDD713881BAF2D3E4508891C7D4F3268431
2026-04-21 14:20:51,unclassified,0x67770f540734911f2a20762eb481b0a1215cb645,,ETH.ETH,67.114,=:BTC.BTC:bc1pgx7tg52q9ptz0rxzwjs4sp8sjg8k95gy3epvqdhr5utt9lj9gwhqfkxpq8:200660191/1/0:naswap:10,21DB71C27340843CA8391303EDF03451AA87D7B6173DD251EBD869A176B395B2
2026-04-21 14:27:30,Kelp DAO,0x1c1a82627da9a8a09c8df8078b2a57008be19097,Kelp DAO Exploiter 34,ETH.ETH,10.0,=:BTC.BTC:bc1q5f4hk8gayvt9vrdvklvmnvdvdtlersqy8msnnp:29823476/1/0:naswap:10,A3B41111F39766BBED7DDE442A7A824134D042C32F67ABF253B6B3BF76D43E8A
2026-04-21 14:28:36,Kelp DAO,0x1c1a82627da9a8a09c8df8078b2a57008be19097,Kelp DAO Exploiter 34,ETH.ETH,10.0,=:BTC.BTC:bc1q5f4hk8gayvt9vrdvklvmnvdvdtlersqy8msnnp:29816757/1/0:naswap:10,D68ADF2EAB8912F234D03F18AEF41BFD59B8E7B963B5F973AC49240FB691BF2E
2026-04-21 14:28:48,Kelp DAO,0x1c1a82627da9a8a09c8df8078b2a57008be19097,Kelp DAO Exploiter 34,ETH.ETH,11.97260923,=:BTC.BTC:bc1q5f4hk8gayvt9vrdvklvmnvdvdtlersqy8msnnp:35683578/1/0:naswap:10,39DFD3A8373DEDAC990EB64431C72FD0493BDDC571386A85DC20948AF3FD6BBD
2026-04-21 14:29:29,Kelp DAO,0x1c1a82627da9a8a09c8df8078b2a57008be19097,Kelp DAO Exploiter 34,ETH.ETH,20.0,=:BTC.BTC:bc1q5f4hk8gayvt9vrdvklvmnvdvdtlersqy8msnnp:59756814/1/0:naswap:10,16F346C931111A74948C5B6A832EE26EF4BF4F567692D7371CD74C64D145A601
2026-04-21 14:29:40,Kelp DAO,0x1c1a82627da9a8a09c8df8078b2a57008be19097,Kelp DAO Exploiter 34,ETH.ETH,20.0,=:BTC.BTC:bc1q5f4hk8gayvt9vrdvklvmnvdvdtlersqy8msnnp:59756814/1/0:naswap:10,EFA9B29424C597BFE0FFEAC2FA18E4ACCF39FA4F1780855E2C2F66E6D13DA503
2026-04-21 14:56:18,Kelp DAO,0x1c1a82627da9a8a09c8df8078b2a57008be19097,Kelp DAO Exploiter 34,ETH.ETH,32.3,=:BTC.BTC:bc1q5f4hk8gayvt9vrdvklvmnvdvdtlersqy8msnnp:93609553/1/0:naswap:10,F7F7D1C9733415AC125F5AD5379342CF5091173B93F5F00C19838843EE748392
2026-04-21 15:06:14,Kelp DAO,0x1c1a82627da9a8a09c8df8078b2a57008be19097,Kelp DAO Exploiter 34,ETH.ETH,20.6,=:BTC.BTC:bc1q5f4hk8gayvt9vrdvklvmnvdvdtlersqy8msnnp:58418767/1/0:naswap:10,BB35D322D126CBE7DEF3771BB9F76D744CDB9F73CFE63F0A19727A1EDCBD2D19
2026-04-21 15:06:32,Kelp DAO,0x1c1a82627da9a8a09c8df8078b2a57008be19097,Kelp DAO Exploiter 34,ETH.ETH,20.0,,FD4DCC8AB942B213C76F56983D5196158FAE1D0DE56FC6FEFA6715DC51E2AA93
2026-04-21 15:28:07,Kelp DAO,0x1c1a82627da9a8a09c8df8078b2a57008be19097,Kelp DAO Exploiter 34,ETH.ETH,20.0,=:BTC.BTC:bc1q5f4hk8gayvt9vrdvklvmnvdvdtlersqy8msnnp:58754430/1/0:naswap:10,209A5A40712AC1E760238859B5CCCDD457EDC138AD5CFA950771FE91C41679EA
2026-04-21 15:29:16,unclassified,0x67770f540734911f2a20762eb481b0a1215cb645,,ETH.ETH,67.08958246,=:BTC.BTC:bc1pgx7tg52q9ptz0rxzwjs4sp8sjg8k95gy3epvqdhr5utt9lj9gwhqfkxpq8:197731112/1/0:naswap:10,7EE5602FC516BD514081251F95441A7858C9117E0E80797452EEF90D5270AE7C
2026-04-21 15:47:16,Kelp DAO,0x1c1a82627da9a8a09c8df8078b2a57008be19097,Kelp DAO Exploiter 34,ETH.ETH,32.75,=:BTC.BTC:bc1q5f4hk8gayvt9vrdvklvmnvdvdtlersqy8msnnp:96977231/1/0:naswap:10,A8DFA007C049CF58A7DEF4AB9B9838BA689472F3F3C2AD40C9824DAE17C1FC95
2026-04-21 16:09:03,Kelp DAO,0x1c1a82627da9a8a09c8df8078b2a57008be19097,Kelp DAO Exploiter 34,ETH.ETH,20.2,,07D16C66E5BE374A59647D657F3EA34242F21ECA1454EA932EEC0BE6FD903F05
2026-04-21 16:28:30,Kelp DAO,0x1c1a82627da9a8a09c8df8078b2a57008be19097,Kelp DAO Exploiter 34,ETH.ETH,20.2,=:BTC.BTC:bc1q5f4hk8gayvt9vrdvklvmnvdvdtlersqy8msnnp:60121657/1/0:naswap:10,771CCA8544CBF7C2F9922D06487BC80F7CA6ADF9D6404CF0A2FEA57311DDDDF3
2026-04-21 16:35:13,Kelp DAO,0x1c1a82627da9a8a09c8df8078b2a57008be19097,Kelp DAO Exploiter 34,ETH.ETH,20.88,=:BTC.BTC:bc1q5f4hk8gayvt9vrdvklvmnvdvdtlersqy8msnnp:61921108/1/0:naswap:10,4CEFFFDEC9EEAE45EBF703F670B08E9FC12BA02233019655D6D5705E3873D8B0
2026-04-21 16:41:19,unclassified,0x67770f540734911f2a20762eb481b0a1215cb645,,ETH.ETH,66.927,=:BTC.BTC:bc1pgx7tg52q9ptz0rxzwjs4sp8sjg8k95gy3epvqdhr5utt9lj9gwhqfkxpq8:199014407/1/0:naswap:10,E4CF9F5A0F1CC559657C01AB3505704F8EEB17F2EB2D620DB0A9007E47A984F1
2026-04-21 17:06:08,Kelp DAO,0x1c1a82627da9a8a09c8df8078b2a57008be19097,Kelp DAO Exploiter 34,ETH.ETH,33.3,=:BTC.BTC:bc1q5f4hk8gayvt9vrdvklvmnvdvdtlersqy8msnnp:61921108/1/0:naswap:10,56683715C7C19C3B573616B79F5FAC3345C769196257EF6BA301A86F02496F67
2026-04-21 17:13:13,Kelp DAO,0x1c1a82627da9a8a09c8df8078b2a57008be19097,Kelp DAO Exploiter 34,ETH.ETH,41.47,=:BTC.BTC:bc1q5f4hk8gayvt9vrdvklvmnvdvdtlersqy8msnnp:122891172/1/0:naswap:10,B55B6C5E0D1F92C10209FB3012B647D97FFFAB47B7F04BBBB1ED47FF1CBF254C
2026-04-21 18:31:02,Kelp DAO,0x1c1a82627da9a8a09c8df8078b2a57008be19097,Kelp DAO Exploiter 34,ETH.ETH,10.0,=:BTC.BTC:bc1q5f4hk8gayvt9vrdvklvmnvdvdtlersqy8msnnp:29960705/1/0:naswap:10,E6FCF2B8DC69359D8164719892E54F8E32F866CC5C4AC99C6DE9E9455DB046A6
2026-04-21 18:31:40,Kelp DAO,0x1c1a82627da9a8a09c8df8078b2a57008be19097,Kelp DAO Exploiter 34,ETH.ETH,10.0,=:BTC.BTC:bc1q5f4hk8gayvt9vrdvklvmnvdvdtlersqy8msnnp:29896344/1/0:naswap:10,83FB1AA92FF3F635C203DDDFE413DAD2A0A303E590BB8FD88C373627D504BC37
2026-04-21 18:33:42,Kelp DAO,0x1c1a82627da9a8a09c8df8078b2a57008be19097,Kelp DAO Exploiter 34,ETH.ETH,10.0,=:BTC.BTC:bc1q5f4hk8gayvt9vrdvklvmnvdvdtlersqy8msnnp:29875040/1/0:naswap:10,D5CCBBE1508F0385A85A0657981B82FDA5CC772764D987F7F1C8D4070CFC5DE0
2026-04-21 18:43:50,Kelp DAO,0x1c1a82627da9a8a09c8df8078b2a57008be19097,Kelp DAO Exploiter 34,ETH.ETH,30.0,=:BTC.BTC:bc1q5f4hk8gayvt9vrdvklvmnvdvdtlersqy8msnnp:89482471/1/0:naswap:10,72A58A278C42008D6CAED32D63BF7BB8127B89C6B1153893A7252D18DE770902
2026-04-21 18:44:14,Kelp DAO,0x1c1a82627da9a8a09c8df8078b2a57008be19097,Kelp DAO Exploiter 34,ETH.ETH,33.4208872,=:BTC.BTC:bc1q5f4hk8gayvt9vrdvklvmnvdvdtlersqy8msnnp:99467419/1/0:naswap:10,4C67578944E08DA90320E1BD07267085FB2DE89545903FBFA4BABC3ABCD8C9A9
2026-04-21 18:52:40,Kelp DAO,0xc00f04a33ca521ca167903b5ae59810013ecb7af,Kelp DAO Exploiter 20,ETH.ETH,67.25,=:BTC.BTC:bc1px2nk946tq4vmw3u9c878lcdy56emhz4kpezq6d23nx8ndg8qtpmq0pxn4j:202230955/1/0:naswap:10,3C4FC30A729D710E21B8801888FAF67BDFB95D7F55C0C71C6A783415D0AB1F6D
2026-04-21 18:53:04,Kelp DAO,0x1c1a82627da9a8a09c8df8078b2a57008be19097,Kelp DAO Exploiter 34,ETH.ETH,30.25869172,=:BTC.BTC:bc1q5f4hk8gayvt9vrdvklvmnvdvdtlersqy8msnnp:90345858/1/0:naswap:10,1B2E4B5635FF8BF548167C43E56F2998439F91515D41F6373801F674A9B4E87B
2026-04-21 19:27:02,Kelp DAO,0x1c1a82627da9a8a09c8df8078b2a57008be19097,Kelp DAO Exploiter 34,ETH.ETH,30.82093188,=:BTC.BTC:bc1q5f4hk8gayvt9vrdvklvmnvdvdtlersqy8msnnp:92855973/1/0:naswap:10,849B1CC1BF10F5FFA41E76AB43AD2AC35F0629F09F50E5424D94311BB4FEF291
2026-04-21 19:50:38,Kelp DAO,0xc00f04a33ca521ca167903b5ae59810013ecb7af,Kelp DAO Exploiter 20,ETH.ETH,54.09858465,=:BTC.BTC:bc1px2nk946tq4vmw3u9c878lcdy56emhz4kpezq6d23nx8ndg8qtpmq0pxn4j:201955605/1/0:naswap:10,A2E856B398A306E1134991C3D0248AE8B94C087F3E316530E47003C64AFFAF71
2026-04-21 19:53:04,Kelp DAO,0x1c1a82627da9a8a09c8df8078b2a57008be19097,Kelp DAO Exploiter 34,ETH.ETH,16.36363638,=:BTC.BTC:bc1q5f4hk8gayvt9vrdvklvmnvdvdtlersqy8msnnp:90382760/1/0:naswap:10,89161E32EA64676030D3B975B37F41DA2B204E3988440698D0086AE81110B9AF
2026-04-21 19:53:27,Kelp DAO,0xc00f04a33ca521ca167903b5ae59810013ecb7af,Kelp DAO Exploiter 20,ETH.ETH,12.88061535,,A2E856B398A306E1134991C3D0248AE8B94C087F3E316530E47003C64AFFAF71
2026-04-21 19:54:14,Kelp DAO,0x1c1a82627da9a8a09c8df8078b2a57008be19097,Kelp DAO Exploiter 34,ETH.ETH,13.63636362,,89161E32EA64676030D3B975B37F41DA2B204E3988440698D0086AE81110B9AF
2026-04-21 19:54:39,Kelp DAO,0x1c1a82627da9a8a09c8df8078b2a57008be19097,Kelp DAO Exploiter 34,ETH.ETH,28.45805008,=:BTC.BTC:bc1q5f4hk8gayvt9vrdvklvmnvdvdtlersqy8msnnp:100832753/1/0:naswap:10,F7754C8C5287D1933ED8A1EF8A49CB9EBBE53FA28F124FCE17904C1EBF17778F
2026-04-21 19:55:54,Kelp DAO,0x1c1a82627da9a8a09c8df8078b2a57008be19097,Kelp DAO Exploiter 34,ETH.ETH,5.17419092,,F7754C8C5287D1933ED8A1EF8A49CB9EBBE53FA28F124FCE17904C1EBF17778F
2026-04-21 20:04:04,Kelp DAO,0xc00f04a33ca521ca167903b5ae59810013ecb7af,Kelp DAO Exploiter 20,ETH.ETH,12.8805,=:BTC.BTC:bc1px2nk946tq4vmw3u9c878lcdy56emhz4kpezq6d23nx8ndg8qtpmq0pxn4j:38510502/1/0:naswap:10,F9DBFA59F1048A68E90A4FC9261E7FAF59964AB0FB5E633891F566A37BA170A2
2026-04-21 20:36:24,Kelp DAO,0x1c1a82627da9a8a09c8df8078b2a57008be19097,Kelp DAO Exploiter 34,ETH.ETH,30.0,=:BTC.BTC:bc1q5f4hk8gayvt9vrdvklvmnvdvdtlersqy8msnnp:90239700/1/0:naswap:10,A9A0076880051DAA4136120BB93E4D11B1A48BA418798DE95230B10210470EE4
2026-04-21 20:38:29,Kelp DAO,0x1c1a82627da9a8a09c8df8078b2a57008be19097,Kelp DAO Exploiter 34,ETH.ETH,30.0,=:BTC.BTC:bc1q5f4hk8gayvt9vrdvklvmnvdvdtlersqy8msnnp:89988678/1/0:naswap:10,F6721A51A89A258F8171B8619C703F64C6EFAA81A65DC75C4AC66B172C76BC06
2026-04-21 20:39:12,Kelp DAO,0x1c1a82627da9a8a09c8df8078b2a57008be19097,Kelp DAO Exploiter 34,ETH.ETH,20.90098203,=:BTC.BTC:bc1q5f4hk8gayvt9vrdvklvmnvdvdtlersqy8msnnp:101987962/1/0:naswap:10,9EF5A4D29ED425D6BD7B1252564C2910A89ED138F48771765E2055D13789DFD7
2026-04-21 20:40:24,Kelp DAO,0x1c1a82627da9a8a09c8df8078b2a57008be19097,Kelp DAO Exploiter 34,ETH.ETH,13.06311375,,9EF5A4D29ED425D6BD7B1252564C2910A89ED138F48771765E2055D13789DFD7
2026-04-21 21:03:39,Kelp DAO,0x1c1a82627da9a8a09c8df8078b2a57008be19097,Kelp DAO Exploiter 34,ETH.ETH,13.0,=:BTC.BTC:bc1q5f4hk8gayvt9vrdvklvmnvdvdtlersqy8msnnp:39107747/1/0:naswap:10,E48BE466760CB1FE6FDBBE25710926644C33518C8215215E3FBC60579C9BCC12
2026-04-21 21:29:53,Kelp DAO,0x1c1a82627da9a8a09c8df8078b2a57008be19097,Kelp DAO Exploiter 34,ETH.ETH,30.0,=:BTC.BTC:bc1q5f4hk8gayvt9vrdvklvmnvdvdtlersqy8msnnp:90334753/1/0:naswap:10,15A3F749846476324C039F8163C567B550A16C6CC366546D9126BF0B8CFEDAC7
2026-04-21 21:30:30,Kelp DAO,0x1c1a82627da9a8a09c8df8078b2a57008be19097,Kelp DAO Exploiter 34,ETH.ETH,31.72011972,=:BTC.BTC:bc1q5f4hk8gayvt9vrdvklvmnvdvdtlersqy8msnnp:95331979/1/0:naswap:10,3FB2A2667CC2172FD93D093DAF910BA7BBCD9277FDD2CDD815604574F4EF36AA
2026-04-21 21:42:27,Kelp DAO,0xc00f04a33ca521ca167903b5ae59810013ecb7af,Kelp DAO Exploiter 20,ETH.ETH,52.9025146,=:BTC.BTC:bc1p87t63l5ez9qexvteg8s0zcj5nrhlp6urfs5k4hps854296rpcrkq0g3zex:167920956/1/0:naswap:10,A115E1F311625421B6A5A6403869B3490E61F1237123B8D1005663EC91B68735
2026-04-21 21:44:34,Kelp DAO,0xc00f04a33ca521ca167903b5ae59810013ecb7af,Kelp DAO Exploiter 20,ETH.ETH,2.64512573,,A115E1F311625421B6A5A6403869B3490E61F1237123B8D1005663EC91B68735
2026-04-21 21:47:02,Kelp DAO,0xc00f04a33ca521ca167903b5ae59810013ecb7af,Kelp DAO Exploiter 20,ETH.ETH,2.645,=:BTC.BTC:bc1p87t63l5ez9qexvteg8s0zcj5nrhlp6urfs5k4hps854296rpcrkq0g3zex:7969384/1/0:naswap:10,E582C7BA9EBECF9C2143AD32803EE1A90EC8E15D476F234B2FA8B796D5B4D4BA
2026-04-21 22:29:37,Kelp DAO,0xc00f04a33ca521ca167903b5ae59810013ecb7af,Kelp DAO Exploiter 20,ETH.ETH,43.81357693,=:BTC.BTC:bc1p87t63l5ez9qexvteg8s0zcj5nrhlp6urfs5k4hps854296rpcrkq0g3zex:202715254/1/0:naswap:10,18E2F168328C0E20F8AB2F8406E0D1EB6E5B6C23DA6D93C837C4A6D6F81ABF62
2026-04-21 22:32:19,Kelp DAO,0xc00f04a33ca521ca167903b5ae59810013ecb7af,Kelp DAO Exploiter 20,ETH.ETH,23.19542307,,18E2F168328C0E20F8AB2F8406E0D1EB6E5B6C23DA6D93C837C4A6D6F81ABF62
2026-04-21 22:54:13,Kelp DAO,0x1c1a82627da9a8a09c8df8078b2a57008be19097,Kelp DAO Exploiter 34,ETH.ETH,45.0,=:BTC.BTC:bc1q5f4hk8gayvt9vrdvklvmnvdvdtlersqy8msnnp:134986002/1/0:naswap:10,CCDA476118CAB59F17E230E0C2233B558D6810B46425066A7507ECC1FE828A6F
2026-04-21 22:54:51,Kelp DAO,0x1c1a82627da9a8a09c8df8078b2a57008be19097,Kelp DAO Exploiter 34,ETH.ETH,54.265,=:BTC.BTC:bc1q5f4hk8gayvt9vrdvklvmnvdvdtlersqy8msnnp:162863875/1/0:naswap:10,A175DE18854EEBD440D0BB7B7A369B7E16F37CAC7F0D2A10A4158393724FD58E
2026-04-21 22:57:00,Kelp DAO,0xc00f04a33ca521ca167903b5ae59810013ecb7af,Kelp DAO Exploiter 20,ETH.ETH,20.61895541,=:BTC.BTC:bc1p87t63l5ez9qexvteg8s0zcj5nrhlp6urfs5k4hps854296rpcrkq0g3zex:69979633/1/0:naswap:10,EFC531CBB3CE04F2D874B413BB80DE01588886122C4DA7E0ED5B8C1B6EB1FCA7
2026-04-21 22:57:49,Kelp DAO,0xc00f04a33ca521ca167903b5ae59810013ecb7af,Kelp DAO Exploiter 20,ETH.ETH,2.57736942,,EFC531CBB3CE04F2D874B413BB80DE01588886122C4DA7E0ED5B8C1B6EB1FCA7
2026-04-21 23:35:18,Kelp DAO,0x1c1a82627da9a8a09c8df8078b2a57008be19097,Kelp DAO Exploiter 34,ETH.ETH,50.0,=:BTC.BTC:bc1q5f4hk8gayvt9vrdvklvmnvdvdtlersqy8msnnp:149257628/1/0:naswap:10,4F05A00E7B0DF9C6643F82453FEAD3125EFFF15C8D2324B0F2FC85B045188E7A
2026-04-21 23:35:24,Kelp DAO,0x1c1a82627da9a8a09c8df8078b2a57008be19097,Kelp DAO Exploiter 34,ETH.ETH,50.44,=:BTC.BTC:bc1q5f4hk8gayvt9vrdvklvmnvdvdtlersqy8msnnp:149286040/1/0:naswap:10,57E0679EBDFBFDD78FD4DF5C67B50AAEEFD25CE1F9BF97EEE23F64D5B909139F
2026-04-21 23:57:43,Kelp DAO,0xc00f04a33ca521ca167903b5ae59810013ecb7af,Kelp DAO Exploiter 20,ETH.ETH,72.35830553,=:BTC.BTC:bc1p87t63l5ez9qexvteg8s0zcj5nrhlp6urfs5k4hps854296rpcrkq0g3zex:217329548/1/0:naswap:10,AF9115D7776750DDFEBC254B551432530BA9EB07532D4F03099F0FA4303D9A86
2026-04-22 00:07:51,Kelp DAO,0x1c1a82627da9a8a09c8df8078b2a57008be19097,Kelp DAO Exploiter 34,ETH.ETH,51.0,=:BTC.BTC:bc1q5f4hk8gayvt9vrdvklvmnvdvdtlersqy8msnnp:150596481/1/0:naswap:10,D67D80726F27D474DD422C97F979AE4FECBF2064505474C737B3093198F0FD9C
2026-04-22 00:08:15,Kelp DAO,0x1c1a82627da9a8a09c8df8078b2a57008be19097,Kelp DAO Exploiter 34,ETH.ETH,51.21,=:BTC.BTC:bc1q5f4hk8gayvt9vrdvklvmnvdvdtlersqy8msnnp:152867901/1/0:naswap:10,3B2686F9C38731DE4D14B13DD80F4D7E40840090160B8AAB235177A31F063505
2026-04-22 00:28:12,Kelp DAO,0x3e4ed9ee5130c49d1e9ea32b9d9947054fbb21f1,Kelp DAO Exploiter 21,ETH.ETH,12.2,=:BTC.BTC:bc1qtw33kt9zaygh6uenkpdaky2ylqza9faj5xes34:36215927/1/0:naswap:10,D4BA7E37588A7A790A8C28432376B7584DF73C8A10F6140E2BE66F904AB15DF6
2026-04-22 00:28:50,Kelp DAO,0x3e4ed9ee5130c49d1e9ea32b9d9947054fbb21f1,Kelp DAO Exploiter 21,ETH.ETH,12.2,=:BTC.BTC:bc1qtw33kt9zaygh6uenkpdaky2ylqza9faj5xes34:36215927/1/0:naswap:10,2179A78C0947F21FFC68E8D17F318100272B8BBF8CF1F2701048966A4208FE99
2026-04-22 00:31:37,Kelp DAO,0x3e4ed9ee5130c49d1e9ea32b9d9947054fbb21f1,Kelp DAO Exploiter 21,ETH.ETH,11.67,=:BTC.BTC:bc1qtw33kt9zaygh6uenkpdaky2ylqza9faj5xes34:34800456/1/0:naswap:10,579DCD2316EA8B4384DDFFCD44C0EEB6018798AE5ECCE29DB9B5946CDA0E140A
2026-04-22 01:17:26,Kelp DAO,0x3e4ed9ee5130c49d1e9ea32b9d9947054fbb21f1,Kelp DAO Exploiter 21,ETH.ETH,13.0,=:BTC.BTC:bc1qtw33kt9zaygh6uenkpdaky2ylqza9faj5xes34:54192555/1/0:naswap:10,3FDB69EC403EEB7A6DF65A7F6E178F93EC235688A56C71D68C77D2CE95847B06
2026-04-22 01:18:07,Kelp DAO,0x3e4ed9ee5130c49d1e9ea32b9d9947054fbb21f1,Kelp DAO Exploiter 21,ETH.ETH,5.2,,3FDB69EC403EEB7A6DF65A7F6E178F93EC235688A56C71D68C77D2CE95847B06
2026-04-22 01:18:49,Kelp DAO,0x3e4ed9ee5130c49d1e9ea32b9d9947054fbb21f1,Kelp DAO Exploiter 21,ETH.ETH,15.51428572,=:BTC.BTC:bc1qtw33kt9zaygh6uenkpdaky2ylqza9faj5xes34:53805614/1/0:naswap:10,BB2B4CF91596FCCEA50C541C01811675357EC0C16779C310A65D470A6345777A
2026-04-22 01:19:20,Kelp DAO,0x3e4ed9ee5130c49d1e9ea32b9d9947054fbb21f1,Kelp DAO Exploiter 21,ETH.ETH,2.58571428,,BB2B4CF91596FCCEA50C541C01811675357EC0C16779C310A65D470A6345777A
2026-04-22 01:24:38,Kelp DAO,0x1c1a82627da9a8a09c8df8078b2a57008be19097,Kelp DAO Exploiter 34,ETH.ETH,50.0,=:BTC.BTC:bc1q5f4hk8gayvt9vrdvklvmnvdvdtlersqy8msnnp:148444900/1/0:naswap:10,C308A234F4F35E8FB7B28EDE3F23B5CCD410E9929F5FA89E95ED7CA07F7E6C7F
2026-04-22 01:30:27,Kelp DAO,0x1c1a82627da9a8a09c8df8078b2a57008be19097,Kelp DAO Exploiter 34,ETH.ETH,52.95761731,=:BTC.BTC:bc1q5f4hk8gayvt9vrdvklvmnvdvdtlersqy8msnnp:156748165/1/0:naswap:10,519EEFFA751F146264E47689B2732E76C2DEAC371821A112E81799DCDF3581C0
2026-04-22 02:15:06,Kelp DAO,0x3e4ed9ee5130c49d1e9ea32b9d9947054fbb21f1,Kelp DAO Exploiter 21,ETH.ETH,18.2,=:BTC.BTC:bc1qtw33kt9zaygh6uenkpdaky2ylqza9faj5xes34:54351902/1/0:naswap:10,A3431619E0438F97E39C3364465418CC3E44A504B51DB42108CC3CD0A703214A
2026-04-22 02:15:06,Kelp DAO,0x1c1a82627da9a8a09c8df8078b2a57008be19097,Kelp DAO Exploiter 34,ETH.ETH,44.73684212,=:BTC.BTC:bc1q5f4hk8gayvt9vrdvklvmnvdvdtlersqy8msnnp:149772226/1/0:naswap:10,21962C029D9A97AB4F18EB310E066979AA6C1424E43341EC1655D84FA3B80BA1
2026-04-22 02:15:24,Kelp DAO,0x3e4ed9ee5130c49d1e9ea32b9d9947054fbb21f1,Kelp DAO Exploiter 21,ETH.ETH,13.0,=:BTC.BTC:bc1qtw33kt9zaygh6uenkpdaky2ylqza9faj5xes34:54351902/1/0:naswap:10,ECD4953A8819559EDDDA4382C9F0C9609DD82785E2DEE7884841F06DFFDBC06E
2026-04-22 02:15:57,Kelp DAO,0x3e4ed9ee5130c49d1e9ea32b9d9947054fbb21f1,Kelp DAO Exploiter 21,ETH.ETH,5.2,,ECD4953A8819559EDDDA4382C9F0C9609DD82785E2DEE7884841F06DFFDBC06E
2026-04-22 02:16:03,Kelp DAO,0x1c1a82627da9a8a09c8df8078b2a57008be19097,Kelp DAO Exploiter 34,ETH.ETH,53.43339874,=:BTC.BTC:bc1q5f4hk8gayvt9vrdvklvmnvdvdtlersqy8msnnp:158595236/1/0:naswap:10,3EED60D5D04D291861FE73A66D88E0869FCE0314B05EB51F282DCA106D17D5B9
2026-04-22 02:16:41,Kelp DAO,0xc00f04a33ca521ca167903b5ae59810013ecb7af,Kelp DAO Exploiter 20,ETH.ETH,49.76911622,=:BTC.BTC:bc1p87t63l5ez9qexvteg8s0zcj5nrhlp6urfs5k4hps854296rpcrkq0g3zex:211953697/1/0:naswap:10,2496F6DC127DB82852F3644372EA50EFC9B4DC47FB29C50BC5F5AEDC1883BFDD
2026-04-22 02:17:07,Kelp DAO,0x1c1a82627da9a8a09c8df8078b2a57008be19097,Kelp DAO Exploiter 34,ETH.ETH,5.26315788,,21962C029D9A97AB4F18EB310E066979AA6C1424E43341EC1655D84FA3B80BA1
2026-04-22 02:18:52,Kelp DAO,0xc00f04a33ca521ca167903b5ae59810013ecb7af,Kelp DAO Exploiter 20,ETH.ETH,20.95541728,,2496F6DC127DB82852F3644372EA50EFC9B4DC47FB29C50BC5F5AEDC1883BFDD
2026-04-22 02:26:28,Kelp DAO,0x3e4ed9ee5130c49d1e9ea32b9d9947054fbb21f1,Kelp DAO Exploiter 21,ETH.ETH,5.28,=:BTC.BTC:bc1qtw33kt9zaygh6uenkpdaky2ylqza9faj5xes34:15471524/1/0:naswap:10,1B745AB07FA2E36A655090825EEFCA2E057CFD7A17745AB3BE10C4C91DA27A4C
2026-04-22 03:02:40,Kelp DAO,0xc00f04a33ca521ca167903b5ae59810013ecb7af,Kelp DAO Exploiter 20,ETH.ETH,20.954,=:BTC.BTC:bc1p87t63l5ez9qexvteg8s0zcj5nrhlp6urfs5k4hps854296rpcrkq0g3zex:63409567/1/0:naswap:10,2BEB5066239B467B8EF609B034CA9547D8515D2A9FCA8CFA42CBEEEAF7834BD8
2026-04-22 03:03:47,Kelp DAO,0x3e4ed9ee5130c49d1e9ea32b9d9947054fbb21f1,Kelp DAO Exploiter 21,ETH.ETH,15.6,=:BTC.BTC:bc1qtw33kt9zaygh6uenkpdaky2ylqza9faj5xes34:46889568/1/0:naswap:10,6667C9DAD46D0CB913B19009B5CF7118C6501A3978A224A89DD0E3A80DBD0290
2026-04-22 03:04:42,Kelp DAO,0x3e4ed9ee5130c49d1e9ea32b9d9947054fbb21f1,Kelp DAO Exploiter 21,ETH.ETH,15.5,=:BTC.BTC:bc1qtw33kt9zaygh6uenkpdaky2ylqza9faj5xes34:46603411/1/0:naswap:10,AB8E21995B373286746EFE3577917F49983EE50D74C20397BDEA94BA5C7FC81B
2026-04-22 03:21:29,Kelp DAO,0x1c1a82627da9a8a09c8df8078b2a57008be19097,Kelp DAO Exploiter 34,ETH.ETH,5.0,=:BTC.BTC:bc1q5f4hk8gayvt9vrdvklvmnvdvdtlersqy8msnnp:14955283/1/0:naswap:10,00BF148C1A7C9D789458CD292B08ECD008D55E0F9F31FD65A81A60306455859E
2026-04-22 03:30:04,Kelp DAO,0x1c1a82627da9a8a09c8df8078b2a57008be19097,Kelp DAO Exploiter 34,ETH.ETH,10.0,=:BTC.BTC:bc1q5f4hk8gayvt9vrdvklvmnvdvdtlersqy8msnnp:29776388/1/0:naswap:10,7267E30E276E557C070DC04BB7BA48C4D3A9F85823A55F183555909E1AE81774
2026-04-22 03:31:03,Kelp DAO,0x1c1a82627da9a8a09c8df8078b2a57008be19097,Kelp DAO Exploiter 34,ETH.ETH,3.33333334,=:BTC.BTC:bc1q5f4hk8gayvt9vrdvklvmnvdvdtlersqy8msnnp:29837063/1/0:naswap:10,88A98AE52AF91787DE697FBC845DD7A6BC561D820E4EED07F71DAC4380DABA6E
2026-04-22 03:31:14,Kelp DAO,0x1c1a82627da9a8a09c8df8078b2a57008be19097,Kelp DAO Exploiter 34,ETH.ETH,6.66666667,=:BTC.BTC:bc1q5f4hk8gayvt9vrdvklvmnvdvdtlersqy8msnnp:29798331/1/0:naswap:10,5CBFB76DB6A8F0ED3B7C3339440085DD1386E006B3FD384FB362EE8236FCEE13
2026-04-22 03:31:20,Kelp DAO,0x1c1a82627da9a8a09c8df8078b2a57008be19097,Kelp DAO Exploiter 34,ETH.ETH,6.66666666,,88A98AE52AF91787DE697FBC845DD7A6BC561D820E4EED07F71DAC4380DABA6E
2026-04-22 03:31:20,Kelp DAO,0x1c1a82627da9a8a09c8df8078b2a57008be19097,Kelp DAO Exploiter 34,ETH.ETH,3.33333333,,5CBFB76DB6A8F0ED3B7C3339440085DD1386E006B3FD384FB362EE8236FCEE13
2026-04-22 03:33:29,Kelp DAO,0x1c1a82627da9a8a09c8df8078b2a57008be19097,Kelp DAO Exploiter 34,ETH.ETH,10.0,=:BTC.BTC:bc1q5f4hk8gayvt9vrdvklvmnvdvdtlersqy8msnnp:29647655/1/0:naswap:10,1D39199C71CD6A7343224C1D94D89D0BA8AAD5F3808DA630E642A4EEBACA37B1
2026-04-22 03:41:37,Kelp DAO,0x1c1a82627da9a8a09c8df8078b2a57008be19097,Kelp DAO Exploiter 34,ETH.ETH,10.0,=:BTC.BTC:bc1q5f4hk8gayvt9vrdvklvmnvdvdtlersqy8msnnp:29830300/1/0:naswap:10,73DBEC134DAECB88085FAB9D0D86EDC378D3BB20FCCCB3F0A2F842CF03296DBA
2026-04-22 03:44:16,Kelp DAO,0x1c1a82627da9a8a09c8df8078b2a57008be19097,Kelp DAO Exploiter 34,ETH.ETH,53.25287527,=:BTC.BTC:bc1q5f4hk8gayvt9vrdvklvmnvdvdtlersqy8msnnp:158271204/1/0:naswap:10,2D15C08232CDC8260BBB14A2764FB1442897DA61FF6420F68099546DBFAFA7F1
2026-04-22 03:50:59,Kelp DAO,0x3e4ed9ee5130c49d1e9ea32b9d9947054fbb21f1,Kelp DAO Exploiter 21,ETH.ETH,21.5,=:BTC.BTC:bc1qtw33kt9zaygh6uenkpdaky2ylqza9faj5xes34:64035795/1/0:naswap:10,37C32669E9A169521F32C5335E6D7ACEDAB2B9D295AE17186508169AFA8EF53A
2026-04-22 04:04:45,Kelp DAO,0xc00f04a33ca521ca167903b5ae59810013ecb7af,Kelp DAO Exploiter 20,ETH.ETH,50.31946434,=:BTC.BTC:bc1p87t63l5ez9qexvteg8s0zcj5nrhlp6urfs5k4hps854296rpcrkq0g3zex:223476654/1/0:naswap:10,0BB7452AE3ED61560840B063E66CEA645601E217EB4F9B1E27F96E3DB2D5EC16
2026-04-22 04:07:26,Kelp DAO,0xc00f04a33ca521ca167903b5ae59810013ecb7af,Kelp DAO Exploiter 20,ETH.ETH,23.83553566,,0BB7452AE3ED61560840B063E66CEA645601E217EB4F9B1E27F96E3DB2D5EC16
2026-04-22 04:15:17,Kelp DAO,0x1c1a82627da9a8a09c8df8078b2a57008be19097,Kelp DAO Exploiter 34,ETH.ETH,31.8373343,=:BTC.BTC:bc1q5f4hk8gayvt9vrdvklvmnvdvdtlersqy8msnnp:94859620/1/0:naswap:10,990ACF485352F0C0F68415D123DA838AFEEA54E4369BF5DA624C705E5F6B36E5
2026-04-22 05:00:52,Kelp DAO,0xc00f04a33ca521ca167903b5ae59810013ecb7af,Kelp DAO Exploiter 20,ETH.ETH,23.837,=:BTC.BTC:bc1p87t63l5ez9qexvteg8s0zcj5nrhlp6urfs5k4hps854296rpcrkq0g3zex:71615578/1/0:naswap:10,632F0EA4BA692E1E7C1AD223E8297DB4C87BE42C668F1A1AED29C8949F70EDFF
2026-04-22 05:05:29,Kelp DAO,0x3e4ed9ee5130c49d1e9ea32b9d9947054fbb21f1,Kelp DAO Exploiter 21,ETH.ETH,18.45,=:BTC.BTC:bc1qtw33kt9zaygh6uenkpdaky2ylqza9faj5xes34:54933625/1/0:naswap:10,AC00143F6370D303E693AE6F16998460B3C8EAC664D45C12F48E40BD31CDBF14
2026-04-22 05:06:12,Kelp DAO,0x3e4ed9ee5130c49d1e9ea32b9d9947054fbb21f1,Kelp DAO Exploiter 21,ETH.ETH,18.9,=:BTC.BTC:bc1qtw33kt9zaygh6uenkpdaky2ylqza9faj5xes34:56178954/1/0:naswap:10,52E3EA3C4B9C44FEB8A8CBD6D84AB2670063AEF34B19EEF1CF5C5ED8FA7EA656
2026-04-22 05:22:20,Kelp DAO,0x1c1a82627da9a8a09c8df8078b2a57008be19097,Kelp DAO Exploiter 34,ETH.ETH,30.0,=:BTC.BTC:bc1q5f4hk8gayvt9vrdvklvmnvdvdtlersqy8msnnp:90271996/1/0:naswap:10,F2926335DA42046A0135BC3BC2B881B54E8E4C5355903CB5F6B767AA96ACE86F
2026-04-22 05:22:52,Kelp DAO,0x1c1a82627da9a8a09c8df8078b2a57008be19097,Kelp DAO Exploiter 34,ETH.ETH,36.68773707,=:BTC.BTC:bc1q5f4hk8gayvt9vrdvklvmnvdvdtlersqy8msnnp:110748176/1/0:naswap:10,8C1A86B928AF1363FD0BE922298006112400BF409F43757804AFCD8BEAE2D9FA
2026-04-22 05:48:13,Kelp DAO,0x3e4ed9ee5130c49d1e9ea32b9d9947054fbb21f1,Kelp DAO Exploiter 21,ETH.ETH,18.8,=:BTC.BTC:bc1qtw33kt9zaygh6uenkpdaky2ylqza9faj5xes34:56335941/1/0:naswap:10,A48844CA8A551A5A881F066BDCD28E11F8FF34BCEB77ABF9D8AF6A76501C9326
2026-04-22 05:48:29,Kelp DAO,0x3e4ed9ee5130c49d1e9ea32b9d9947054fbb21f1,Kelp DAO Exploiter 21,ETH.ETH,18.8,=:BTC.BTC:bc1qtw33kt9zaygh6uenkpdaky2ylqza9faj5xes34:56335941/1/0:naswap:10,B088D4A1AD9A2B4355528E7D493D40EBAB7C5E355D599B37C61F58FDFE9ACE04
2026-04-22 05:54:41,Kelp DAO,0xc00f04a33ca521ca167903b5ae59810013ecb7af,Kelp DAO Exploiter 20,ETH.ETH,74.004,=:BTC.BTC:bc1p87t63l5ez9qexvteg8s0zcj5nrhlp6urfs5k4hps854296rpcrkq0g3zex:223166480/1/0:naswap:10,1B2ABC24063E424B4D9611B6119E426C6A226E544505E316D341CF9010E62005
2026-04-22 05:56:17,Kelp DAO,0x1c1a82627da9a8a09c8df8078b2a57008be19097,Kelp DAO Exploiter 34,ETH.ETH,39.9,,50587AFFA9465872CB149821842E5ECA872EA6390D6246B7056874A80D1ED624
2026-04-22 06:53:18,Kelp DAO,0x1c1a82627da9a8a09c8df8078b2a57008be19097,Kelp DAO Exploiter 34,ETH.ETH,10.0,=:BTC.BTC:bc1q5f4hk8gayvt9vrdvklvmnvdvdtlersqy8msnnp:30154676/1/0:naswap:10,41E554B44209997C2A7B1B4CD5CDBF7A56D1247BD91B390384795051D7710FC4
2026-04-22 06:53:30,Kelp DAO,0x1c1a82627da9a8a09c8df8078b2a57008be19097,Kelp DAO Exploiter 34,ETH.ETH,10.0,=:BTC.BTC:bc1q5f4hk8gayvt9vrdvklvmnvdvdtlersqy8msnnp:30154673/1/0:naswap:10,302EB805321A7A96E7AD06C5D8AC73242C3638E30835EC45B5F1B85EB37957C1
2026-04-22 06:54:06,Kelp DAO,0x1c1a82627da9a8a09c8df8078b2a57008be19097,Kelp DAO Exploiter 34,ETH.ETH,10.0,=:BTC.BTC:bc1q5f4hk8gayvt9vrdvklvmnvdvdtlersqy8msnnp:30154670/1/0:naswap:10,8EC22E5D29B42A379BED2615AACE43EC0ADECB1DA0924FEFBBD709A7D3B482C8
2026-04-22 06:54:26,Kelp DAO,0x1c1a82627da9a8a09c8df8078b2a57008be19097,Kelp DAO Exploiter 34,ETH.ETH,9.90300606,=:BTC.BTC:bc1q5f4hk8gayvt9vrdvklvmnvdvdtlersqy8msnnp:29899927/1/0:naswap:10,B62DB5C5CEFD0C338ED6B4C535C54943FD65028EA8A38FA74C57DF32A2EDCC9E
2026-04-22 07:32:51,Kelp DAO,0x1c1a82627da9a8a09c8df8078b2a57008be19097,Kelp DAO Exploiter 34,ETH.ETH,7.85,=:BTC.BTC:bc1q5f4hk8gayvt9vrdvklvmnvdvdtlersqy8msnnp:23709819/1/0:naswap:10,353350DD8964816A4F66A33258B8A9A55464BDF79570E57E7F0D076D3E406BD3
2026-04-22 07:33:28,Kelp DAO,0x1c1a82627da9a8a09c8df8078b2a57008be19097,Kelp DAO Exploiter 34,ETH.ETH,20.0,=:BTC.BTC:bc1q5f4hk8gayvt9vrdvklvmnvdvdtlersqy8msnnp:60252114/1/0:naswap:10,0092ED8EB10F8ED55D254B0D7FEFB2C727734E02E63BCC1ABE1A38DD1F7D3E69
2026-04-22 07:33:40,Kelp DAO,0x1c1a82627da9a8a09c8df8078b2a57008be19097,Kelp DAO Exploiter 34,ETH.ETH,20.0,=:BTC.BTC:bc1q5f4hk8gayvt9vrdvklvmnvdvdtlersqy8msnnp:60252114/1/0:naswap:10,83C8371C0A7DD8F8EA932F28BB0FF8D27C7353406C99E1954BFE0E55759F5359
2026-04-22 07:33:52,Kelp DAO,0x1c1a82627da9a8a09c8df8078b2a57008be19097,Kelp DAO Exploiter 34,ETH.ETH,20.0,,222DF1C71EA2C6018EDCEF3C2BCDAAB389558C64CF2D4BA61BBD4345A781A875
2026-04-22 07:42:52,Kelp DAO,0x1c1a82627da9a8a09c8df8078b2a57008be19097,Kelp DAO Exploiter 34,ETH.ETH,22.5,=:BTC.BTC:bc1q5f4hk8gayvt9vrdvklvmnvdvdtlersqy8msnnp:23709819/1/0:naswap:10,6D395541D1AB9A93053168B06558919480CD87DA56D485E4116C2DC2CBADEAD6
2026-04-22 07:43:04,Kelp DAO,0x1c1a82627da9a8a09c8df8078b2a57008be19097,Kelp DAO Exploiter 34,ETH.ETH,22.35,=:BTC.BTC:bc1q5f4hk8gayvt9vrdvklvmnvdvdtlersqy8msnnp:67043210/1/0:naswap:10,71DB92FCF9E518C02CB103399A840FC8ADB2FFCA048158DF2DE87E3CB6E2AD4E
2026-04-22 07:46:28,Kelp DAO,0xc00f04a33ca521ca167903b5ae59810013ecb7af,Kelp DAO Exploiter 20,ETH.ETH,76.95,=:BTC.BTC:bc1p87t63l5ez9qexvteg8s0zcj5nrhlp6urfs5k4hps854296rpcrkq0g3zex:232678359/1/0:naswap:10,813026C59D3370E71A3DAF8C0DC13207145C2A723A558EE0E75E1C69757E7CD4
2026-04-22 07:46:52,Kelp DAO,0x1c1a82627da9a8a09c8df8078b2a57008be19097,Kelp DAO Exploiter 34,ETH.ETH,19.998,=:BTC.BTC:bc1q5f4hk8gayvt9vrdvklvmnvdvdtlersqy8msnnp:60278241/1/0:naswap:10,81144B30D5D8D3DA94CDC4F4430A7FC0C8D325D2136F60A736B926A374EA62CC
2026-04-22 07:53:31,Kelp DAO,0x3e4ed9ee5130c49d1e9ea32b9d9947054fbb21f1,Kelp DAO Exploiter 21,ETH.ETH,16.34571429,=:BTC.BTC:bc1qtw33kt9zaygh6uenkpdaky2ylqza9faj5xes34:57358345/1/0:naswap:10,225EC216358A38C35BA46B71F1D29B2B68A7000103B5C25B606A2E555A5AB4CD
2026-04-22 07:53:31,Kelp DAO,0x3e4ed9ee5130c49d1e9ea32b9d9947054fbb21f1,Kelp DAO Exploiter 21,ETH.ETH,19.07,=:BTC.BTC:bc1qtw33kt9zaygh6uenkpdaky2ylqza9faj5xes34:57358345/1/0:naswap:10,E0CE7716CC126F23CE717F9AA88E005916669C4E4909A4979DE157EC05DFFAC7
2026-04-22 07:54:12,Kelp DAO,0x3e4ed9ee5130c49d1e9ea32b9d9947054fbb21f1,Kelp DAO Exploiter 21,ETH.ETH,2.72428571,,225EC216358A38C35BA46B71F1D29B2B68A7000103B5C25B606A2E555A5AB4CD
2026-04-22 07:59:38,Kelp DAO,0x3e4ed9ee5130c49d1e9ea32b9d9947054fbb21f1,Kelp DAO Exploiter 21,ETH.ETH,2.75,=:BTC.BTC:bc1qtw33kt9zaygh6uenkpdaky2ylqza9faj5xes34:8185545/1/0:naswap:10,3CA8ADF8E177D9407A45B7413CF905B7A232F816A49C1E186D8701C180D44E1F
2026-04-22 08:16:28,Kelp DAO,0x1c1a82627da9a8a09c8df8078b2a57008be19097,Kelp DAO Exploiter 34,ETH.ETH,24.3,=:BTC.BTC:bc1q5f4hk8gayvt9vrdvklvmnvdvdtlersqy8msnnp:60278241/1/0:naswap:10,505995E55676E3C4A4CFA8FC2C5486C3B60E9626A520E3EA5344616D83F3CF3D
2026-04-22 08:16:53,Kelp DAO,0x1c1a82627da9a8a09c8df8078b2a57008be19097,Kelp DAO Exploiter 34,ETH.ETH,24.35,=:BTC.BTC:bc1q5f4hk8gayvt9vrdvklvmnvdvdtlersqy8msnnp:72401544/1/0:naswap:10,22E89A672346097B6BE9919C1783248794FD3C0C937FC105D6C06B734BB313B6
2026-04-22 08:22:49,Kelp DAO,0xc00f04a33ca521ca167903b5ae59810013ecb7af,Kelp DAO Exploiter 20,ETH.ETH,43.18620691,=:BTC.BTC:bc1p87t63l5ez9qexvteg8s0zcj5nrhlp6urfs5k4hps854296rpcrkq0g3zex:236525144/1/0:naswap:10,3B6531F73C4AFF68C6BDA168C447B8C8EB222666F6C42DA9DA8AB69A1A014B50
2026-04-22 08:25:52,Kelp DAO,0x1c1a82627da9a8a09c8df8078b2a57008be19097,Kelp DAO Exploiter 34,ETH.ETH,21.0,=:BTC.BTC:bc1q5f4hk8gayvt9vrdvklvmnvdvdtlersqy8msnnp:62358775/1/0:naswap:10,510350C62FEA2BCF20AAE799549AE14EF0D619B533322EA0BBD74BCB9C8C301F
2026-04-22 08:25:52,Kelp DAO,0xc00f04a33ca521ca167903b5ae59810013ecb7af,Kelp DAO Exploiter 20,ETH.ETH,35.08879309,,3B6531F73C4AFF68C6BDA168C447B8C8EB222666F6C42DA9DA8AB69A1A014B50
2026-04-22 08:26:18,Kelp DAO,0x1c1a82627da9a8a09c8df8078b2a57008be19097,Kelp DAO Exploiter 34,ETH.ETH,21.5,=:BTC.BTC:bc1q5f4hk8gayvt9vrdvklvmnvdvdtlersqy8msnnp:63731777/1/0:naswap:10,49ABDA6D3053DBC13A929754543A3358F4B1E823CFAADDFF6768B2C56CBD7F3B
2026-04-22 08:26:24,Kelp DAO,0x1c1a82627da9a8a09c8df8078b2a57008be19097,Kelp DAO Exploiter 34,ETH.ETH,23.0,=:BTC.BTC:bc1q5f4hk8gayvt9vrdvklvmnvdvdtlersqy8msnnp:68641485/1/0:naswap:10,8E58FFC099B3F9E9DA4E841B5DC15006D273B02B07C4D550C8BF448AF8B75E4C
2026-04-22 08:26:24,Kelp DAO,0x3e4ed9ee5130c49d1e9ea32b9d9947054fbb21f1,Kelp DAO Exploiter 21,ETH.ETH,9.625,=:BTC.BTC:bc1qtw33kt9zaygh6uenkpdaky2ylqza9faj5xes34:28705986/1/0:naswap:10,C466C6FE461D17A4A02DBB23D2226891D04B1AC2E93D9A3EB452BF9F84C4348D
2026-04-22 08:27:13,Kelp DAO,0x3e4ed9ee5130c49d1e9ea32b9d9947054fbb21f1,Kelp DAO Exploiter 21,ETH.ETH,9.625,=:BTC.BTC:bc1qtw33kt9zaygh6uenkpdaky2ylqza9faj5xes34:28705986/1/0:naswap:10,99243A4935ECC58ACE48F8D5D8507E1B7A0E9AEA1411849B813AD73B00CA9085
2026-04-22 08:28:12,Kelp DAO,0x3e4ed9ee5130c49d1e9ea32b9d9947054fbb21f1,Kelp DAO Exploiter 21,ETH.ETH,9.659,=:BTC.BTC:bc1qtw33kt9zaygh6uenkpdaky2ylqza9faj5xes34:28546263/1/0:naswap:10,B8195484CBFA68845A48E00E38E0512778AAA2C52F3CF563B8C254DFB153CF0E
2026-04-22 08:28:25,Kelp DAO,0x3e4ed9ee5130c49d1e9ea32b9d9947054fbb21f1,Kelp DAO Exploiter 21,ETH.ETH,9.625,=:BTC.BTC:bc1qtw33kt9zaygh6uenkpdaky2ylqza9faj5xes34:28705986/1/0:naswap:10,74FF752B429B8FEEDA3DF5E0A7E3F015BECA55EC95AB1C18B0C2A95EDE34A2C5
2026-04-22 09:15:03,Kelp DAO,0x3e4ed9ee5130c49d1e9ea32b9d9947054fbb21f1,Kelp DAO Exploiter 21,ETH.ETH,19.4,=:BTC.BTC:bc1qtw33kt9zaygh6uenkpdaky2ylqza9faj5xes34:58508199/1/0:naswap:10,C91AA76D73B828C26A375FCB391CB7B31359CDD2309F40D501EF87B3F60F62FB
2026-04-22 09:15:52,Kelp DAO,0x3e4ed9ee5130c49d1e9ea32b9d9947054fbb21f1,Kelp DAO Exploiter 21,ETH.ETH,19.26,=:BTC.BTC:bc1qtw33kt9zaygh6uenkpdaky2ylqza9faj5xes34:57974568/1/0:naswap:10,3B559BE2B98948AAD342A3B97F71E4CCAE19763B255FD2E417C0F4723FE8D0DB
2026-04-22 09:18:18,Kelp DAO,0xc00f04a33ca521ca167903b5ae59810013ecb7af,Kelp DAO Exploiter 20,ETH.ETH,35.0896,=:BTC.BTC:bc1purt38m6qkzxa86yryrqag8hxs6wd8knuh4gquv0al265g7dfplkqz636ht:105713751/1/0:naswap:10,82ADB4839665572631BD908C8018ED1B55D4CB5C7781923EE4552E16A2CA9F59
2026-04-22 10:53:33,Kelp DAO,0xc00f04a33ca521ca167903b5ae59810013ecb7af,Kelp DAO Exploiter 20,ETH.ETH,43.92448437,=:BTC.BTC:bc1purt38m6qkzxa86yryrqag8hxs6wd8knuh4gquv0al265g7dfplkqz636ht:132343806/1/0:naswap:10,A781CAFE1A672BF6F012A20E26F5B74EFE8884C4D29C405851FE3D87EF3636D8
2026-04-22 12:02:18,Kelp DAO,0x1c1a82627da9a8a09c8df8078b2a57008be19097,Kelp DAO Exploiter 34,ETH.ETH,20.0,=:BTC.BTC:bc1q5f4hk8gayvt9vrdvklvmnvdvdtlersqy8msnnp:59875340/1/0:naswap:10,4811A76406E6E6DF3AD92BB3DC295B5B9A8895F8C479E072BC9F7A210AF9D565
2026-04-22 12:02:36,Kelp DAO,0x1c1a82627da9a8a09c8df8078b2a57008be19097,Kelp DAO Exploiter 34,ETH.ETH,20.0,=:BTC.BTC:bc1q5f4hk8gayvt9vrdvklvmnvdvdtlersqy8msnnp:59871339/1/0:naswap:10,FB881CA547FFC0508370225251029651E70E7194284D9C017EE3A2CEFEB248BE
2026-04-22 12:03:02,Kelp DAO,0x1c1a82627da9a8a09c8df8078b2a57008be19097,Kelp DAO Exploiter 34,ETH.ETH,20.0,=:BTC.BTC:bc1q5f4hk8gayvt9vrdvklvmnvdvdtlersqy8msnnp:59873665/1/0:naswap:10,356E084DCCCBA90022FE1F811B52EEE482104E5C08168C89388E1F9DC55BD75A
2026-04-22 12:03:37,Kelp DAO,0x1c1a82627da9a8a09c8df8078b2a57008be19097,Kelp DAO Exploiter 34,ETH.ETH,20.0,=:BTC.BTC:bc1q5f4hk8gayvt9vrdvklvmnvdvdtlersqy8msnnp:59857576/1/0:naswap:10,8FEE9FF53D51219FC62B3DD1C214EFF2456C05FEC9809B42E3DDCE2A9E3A9EE6
2026-04-22 12:04:01,Kelp DAO,0x1c1a82627da9a8a09c8df8078b2a57008be19097,Kelp DAO Exploiter 34,ETH.ETH,20.0,=:BTC.BTC:bc1q5f4hk8gayvt9vrdvklvmnvdvdtlersqy8msnnp:59857576/1/0:naswap:10,EB6059D2A4B267BD9FD6088D25F68011B2B00BFF13CAA204644649B310CE3CCD
2026-04-22 12:04:26,Kelp DAO,0x1c1a82627da9a8a09c8df8078b2a57008be19097,Kelp DAO Exploiter 34,ETH.ETH,16.49804842,=:BTC.BTC:bc1q5f4hk8gayvt9vrdvklvmnvdvdtlersqy8msnnp:49362833/1/0:naswap:10,F1F30004C03A8A42717F57DC0DA2D3790CB0B446BA94743C70F8A14B14877DC9
2026-04-22 12:16:52,Kelp DAO,0x3e4ed9ee5130c49d1e9ea32b9d9947054fbb21f1,Kelp DAO Exploiter 21,ETH.ETH,9.8,=:BTC.BTC:bc1qtw33kt9zaygh6uenkpdaky2ylqza9faj5xes34:29594395/1/0:naswap:10,4692B028D89C92DAAB88CE864DEE46E33DB4F03F04098AE87B2B4586773C1F06
2026-04-22 12:17:18,Kelp DAO,0x3e4ed9ee5130c49d1e9ea32b9d9947054fbb21f1,Kelp DAO Exploiter 21,ETH.ETH,9.8,=:BTC.BTC:bc1qtw33kt9zaygh6uenkpdaky2ylqza9faj5xes34:29594395/1/0:naswap:10,3F47D1108F612611E54061434A8F2A9FA6409C1CFE6F5757D6B18E87133A40DD
2026-04-22 12:17:42,Kelp DAO,0x3e4ed9ee5130c49d1e9ea32b9d9947054fbb21f1,Kelp DAO Exploiter 21,ETH.ETH,9.8,=:BTC.BTC:bc1qtw33kt9zaygh6uenkpdaky2ylqza9faj5xes34:29594395/1/0:naswap:10,ADB86684302851F016EF475BA1432192558B262B04531D392D1AD8170054A71C
2026-04-22 12:18:14,Kelp DAO,0x3e4ed9ee5130c49d1e9ea32b9d9947054fbb21f1,Kelp DAO Exploiter 21,ETH.ETH,9.81,=:BTC.BTC:bc1qtw33kt9zaygh6uenkpdaky2ylqza9faj5xes34:29604123/1/0:naswap:10,CAFE725F26B793552A0DD3FC4943D1724E481F5DF9DFB28E039D6D6731814ECA
2026-04-22 13:11:50,Kelp DAO,0x1c1a82627da9a8a09c8df8078b2a57008be19097,Kelp DAO Exploiter 34,ETH.ETH,20.0,=:BTC.BTC:bc1q5f4hk8gayvt9vrdvklvmnvdvdtlersqy8msnnp:60535483/1/0:naswap:10,D5104AA4A85D9BBB97D1A5E8D7CD9EBD01ED0DE0E13073077532CB2F0D46FC3A
2026-04-22 13:12:39,Kelp DAO,0x1c1a82627da9a8a09c8df8078b2a57008be19097,Kelp DAO Exploiter 34,ETH.ETH,20.0,=:BTC.BTC:bc1q5f4hk8gayvt9vrdvklvmnvdvdtlersqy8msnnp:60532776/1/0:naswap:10,DB13E78136DC5FC79AA257A1E99217AD424FF31651F1C92656135EA26C89ECF1
2026-04-22 13:13:13,Kelp DAO,0x1c1a82627da9a8a09c8df8078b2a57008be19097,Kelp DAO Exploiter 34,ETH.ETH,20.0,=:BTC.BTC:bc1q5f4hk8gayvt9vrdvklvmnvdvdtlersqy8msnnp:60145394/1/0:naswap:10,B4046404C1C4CFC2DBD9ECA6BB2FBCDCC7A4F4FA9CCE44F78682F4406A367E56
2026-04-22 13:13:37,Kelp DAO,0x1c1a82627da9a8a09c8df8078b2a57008be19097,Kelp DAO Exploiter 34,ETH.ETH,20.0,=:BTC.BTC:bc1q5f4hk8gayvt9vrdvklvmnvdvdtlersqy8msnnp:60315093/1/0:naswap:10,E0E798AC9F28D304C57353F717C51778E0821E531D0749D1446464C9BD37A959
2026-04-22 13:14:07,Kelp DAO,0x1c1a82627da9a8a09c8df8078b2a57008be19097,Kelp DAO Exploiter 34,ETH.ETH,20.0,=:BTC.BTC:bc1q5f4hk8gayvt9vrdvklvmnvdvdtlersqy8msnnp:60301904/1/0:naswap:10,17C0FA17D17A560EA7301F40EBD727A174A0B309284E8FAC4FEEAF99F0994BA2
2026-04-22 13:14:43,Kelp DAO,0x1c1a82627da9a8a09c8df8078b2a57008be19097,Kelp DAO Exploiter 34,ETH.ETH,16.80201882,=:BTC.BTC:bc1q5f4hk8gayvt9vrdvklvmnvdvdtlersqy8msnnp:50704455/1/0:naswap:10,1FB061C7111348655D680817D8AD936AACCE6658E773EB20D87C12B744C0398D
2026-04-22 13:26:31,Kelp DAO,0x3e4ed9ee5130c49d1e9ea32b9d9947054fbb21f1,Kelp DAO Exploiter 21,ETH.ETH,9.975,=:BTC.BTC:bc1qtw33kt9zaygh6uenkpdaky2ylqza9faj5xes34:30102688/1/0:naswap:10,E9086B50D427759E7D4A6151AEF1E7FF0137277654D09F73F487D11E8DE3C90A
2026-04-22 13:26:50,Kelp DAO,0x3e4ed9ee5130c49d1e9ea32b9d9947054fbb21f1,Kelp DAO Exploiter 21,ETH.ETH,9.975,=:BTC.BTC:bc1qtw33kt9zaygh6uenkpdaky2ylqza9faj5xes34:30102688/1/0:naswap:10,9CDC866C0556CF3546A00141DDF4C49E6E71810EC39F006DDFF24E9FD4146062
2026-04-22 13:27:14,Kelp DAO,0x3e4ed9ee5130c49d1e9ea32b9d9947054fbb21f1,Kelp DAO Exploiter 21,ETH.ETH,6.65,=:BTC.BTC:bc1qtw33kt9zaygh6uenkpdaky2ylqza9faj5xes34:30102688/1/0:naswap:10,82ABB3B9FCBF00003010D53DB9BD2CB8E57C494217580E3A0AD1C5B24F4351A4
2026-04-22 13:27:32,Kelp DAO,0x3e4ed9ee5130c49d1e9ea32b9d9947054fbb21f1,Kelp DAO Exploiter 21,ETH.ETH,3.325,,82ABB3B9FCBF00003010D53DB9BD2CB8E57C494217580E3A0AD1C5B24F4351A4
2026-04-22 13:29:12,Kelp DAO,0x3e4ed9ee5130c49d1e9ea32b9d9947054fbb21f1,Kelp DAO Exploiter 21,ETH.ETH,9.975,=:BTC.BTC:bc1qtw33kt9zaygh6uenkpdaky2ylqza9faj5xes34:30102688/1/0:naswap:10,563F11AC1C22A87DED9773DE8930E4E333F71889D7AB544968DACB7E14238813
2026-04-22 13:31:29,Kelp DAO,0x3e4ed9ee5130c49d1e9ea32b9d9947054fbb21f1,Kelp DAO Exploiter 21,ETH.ETH,3.33,=:BTC.BTC:bc1qtw33kt9zaygh6uenkpdaky2ylqza9faj5xes34:9999663/1/0:naswap:10,624303024E18E8EC59304333FCD3AF4DCC2C47A17B87CE3EE265377119A65DDE
2026-04-22 13:34:28,Kelp DAO,0xc00f04a33ca521ca167903b5ae59810013ecb7af,Kelp DAO Exploiter 20,ETH.ETH,79.3816,=:BTC.BTC:bc1purt38m6qkzxa86yryrqag8hxs6wd8knuh4gquv0al265g7dfplkqz636ht:239376813/1/0:naswap:10,986955847C0ACD32530DFA5B3D44F0700ED088E82500BAF86C16C184E6909396
2026-04-22 13:47:39,Kelp DAO,0x1c1a82627da9a8a09c8df8078b2a57008be19097,Kelp DAO Exploiter 34,ETH.ETH,20.0,=:BTC.BTC:bc1q5f4hk8gayvt9vrdvklvmnvdvdtlersqy8msnnp:60068909/1/0:naswap:10,3D8D7CA3FF4A9B1822EDECE498AFC0C33ABC23B6BB4353A170085E0888FF278B
2026-04-22 13:48:04,Kelp DAO,0x1c1a82627da9a8a09c8df8078b2a57008be19097,Kelp DAO Exploiter 34,ETH.ETH,20.0,=:BTC.BTC:bc1q5f4hk8gayvt9vrdvklvmnvdvdtlersqy8msnnp:60118471/1/0:naswap:10,B8B4BA95FFBB3B140B94BF4125A083D26493AFEFEBD675345205E378F6EE0666
2026-04-22 13:48:11,Kelp DAO,0x1c1a82627da9a8a09c8df8078b2a57008be19097,Kelp DAO Exploiter 34,ETH.ETH,20.0,=:BTC.BTC:bc1q5f4hk8gayvt9vrdvklvmnvdvdtlersqy8msnnp:60247131/1/0:naswap:10,DB322B6B53723D5E646F4E4720F57F48D3072E29CD293930BA43B55BFA7B15EF
2026-04-22 13:48:45,Kelp DAO,0x1c1a82627da9a8a09c8df8078b2a57008be19097,Kelp DAO Exploiter 34,ETH.ETH,20.0,=:BTC.BTC:bc1q5f4hk8gayvt9vrdvklvmnvdvdtlersqy8msnnp:59917107/1/0:naswap:10,8DF6280043E94E9922C97330679D6B672CC1E358DB57587596C81CCE073013D6
2026-04-22 13:49:30,Kelp DAO,0x1c1a82627da9a8a09c8df8078b2a57008be19097,Kelp DAO Exploiter 34,ETH.ETH,20.0,=:BTC.BTC:bc1q5f4hk8gayvt9vrdvklvmnvdvdtlersqy8msnnp:59864135/1/0:naswap:10,B87EE78D2301A5FA240FF0C6831A0BE9A1B667AFE8187A7348EAC696B513F136
2026-04-22 13:49:59,Kelp DAO,0x1c1a82627da9a8a09c8df8078b2a57008be19097,Kelp DAO Exploiter 34,ETH.ETH,8.06692356,=:BTC.BTC:bc1q5f4hk8gayvt9vrdvklvmnvdvdtlersqy8msnnp:57046218/1/0:naswap:10,ED5117AE4D2A8F97C94872628E107B3557C8681EC487E67949A8A55400C8225E
2026-04-22 13:50:23,Kelp DAO,0x1c1a82627da9a8a09c8df8078b2a57008be19097,Kelp DAO Exploiter 34,ETH.ETH,10.75589804,,ED5117AE4D2A8F97C94872628E107B3557C8681EC487E67949A8A55400C8225E
2026-04-22 14:02:16,Kelp DAO,0x1c1a82627da9a8a09c8df8078b2a57008be19097,Kelp DAO Exploiter 34,ETH.ETH,10.75550598,=:BTC.BTC:bc1q5f4hk8gayvt9vrdvklvmnvdvdtlersqy8msnnp:32231550/1/0:naswap:10,C266E41DD8B1F28BB167ACF92750900C46DCBF4DB10BDF15632C893CE5C1BA70
2026-04-22 14:16:17,Kelp DAO,0x3e4ed9ee5130c49d1e9ea32b9d9947054fbb21f1,Kelp DAO Exploiter 21,ETH.ETH,10.09,=:BTC.BTC:bc1qtw33kt9zaygh6uenkpdaky2ylqza9faj5xes34:30392896/1/0:naswap:10,A57B9A461D35A8C3ABC18735956FB9D66D402A6D190148E1076DE907587EE7D4
2026-04-22 14:16:41,Kelp DAO,0x3e4ed9ee5130c49d1e9ea32b9d9947054fbb21f1,Kelp DAO Exploiter 21,ETH.ETH,10.09,=:BTC.BTC:bc1qtw33kt9zaygh6uenkpdaky2ylqza9faj5xes34:30392896/1/0:naswap:10,7A9839741738B6D7C735E8602A5FB4E867060FBECC07F3A0FDAC8A4417609D6A
2026-04-22 14:17:04,Kelp DAO,0x3e4ed9ee5130c49d1e9ea32b9d9947054fbb21f1,Kelp DAO Exploiter 21,ETH.ETH,10.09,=:BTC.BTC:bc1qtw33kt9zaygh6uenkpdaky2ylqza9faj5xes34:30392896/1/0:naswap:10,64FAA06692E3FB2757FF3414A8C7751CB4F8E257907BB8B61C4F931C587FC367
2026-04-22 14:17:48,Kelp DAO,0x3e4ed9ee5130c49d1e9ea32b9d9947054fbb21f1,Kelp DAO Exploiter 21,ETH.ETH,10.1,=:BTC.BTC:bc1qtw33kt9zaygh6uenkpdaky2ylqza9faj5xes34:30361246/1/0:naswap:10,156B160EF1EED62D18C5F285BBE7B8311638E5C866388DFE70C19C64037CDC3E
2026-04-22 14:21:03,Kelp DAO,0x1c1a82627da9a8a09c8df8078b2a57008be19097,Kelp DAO Exploiter 34,ETH.ETH,20.0,=:BTC.BTC:bc1q5f4hk8gayvt9vrdvklvmnvdvdtlersqy8msnnp:60018130/1/0:naswap:10,0E29E535C297537200DF8B53D4563A1CDAFE400D78E3BB0B4F8A18B66897ABF7
2026-04-22 14:21:37,Kelp DAO,0x1c1a82627da9a8a09c8df8078b2a57008be19097,Kelp DAO Exploiter 34,ETH.ETH,20.0,=:BTC.BTC:bc1q5f4hk8gayvt9vrdvklvmnvdvdtlersqy8msnnp:60112099/1/0:naswap:10,844ABBD319D5F24D02DA5114A7F1FB93B6747CF6F5F58E31ED0B04ED4BD67550
2026-04-22 14:22:14,Kelp DAO,0x1c1a82627da9a8a09c8df8078b2a57008be19097,Kelp DAO Exploiter 34,ETH.ETH,20.0,=:BTC.BTC:bc1q5f4hk8gayvt9vrdvklvmnvdvdtlersqy8msnnp:60065196/1/0:naswap:10,17C1EA4C43A1ED6BFFF8F4839DA8192EF583FAD54B7A4F3193508A7C0C963E75
2026-04-22 14:22:26,Kelp DAO,0x1c1a82627da9a8a09c8df8078b2a57008be19097,Kelp DAO Exploiter 34,ETH.ETH,0.52665608,,ACD49F0F9C0BB43126B0DB278094A86675D22918C321C53DF520E17BA84AA114
2026-04-22 14:22:26,Kelp DAO,0x1c1a82627da9a8a09c8df8078b2a57008be19097,Kelp DAO Exploiter 34,ETH.ETH,20.0,=:BTC.BTC:bc1q5f4hk8gayvt9vrdvklvmnvdvdtlersqy8msnnp:59936337/1/0:naswap:10,AA26F07850E396A5E8D9317E237244ACB32F730C9319E2268AF97ED340EB6DBC
2026-04-22 14:22:53,Kelp DAO,0x1c1a82627da9a8a09c8df8078b2a57008be19097,Kelp DAO Exploiter 34,ETH.ETH,20.0,=:BTC.BTC:bc1q5f4hk8gayvt9vrdvklvmnvdvdtlersqy8msnnp:60051431/1/0:naswap:10,64D646D326418079DE261F847BAF7B66206A8083490AC2A74C2040AB641BA0FF
2026-04-22 14:23:18,Kelp DAO,0x1c1a82627da9a8a09c8df8078b2a57008be19097,Kelp DAO Exploiter 34,ETH.ETH,20.0,=:BTC.BTC:bc1q5f4hk8gayvt9vrdvklvmnvdvdtlersqy8msnnp:60051431/1/0:naswap:10,AE58D4AA32DDE72B0F5E243D6F1253BD9AEECD771BE2BE21F95528CFEBB1220A
2026-04-22 14:23:48,Kelp DAO,0xc00f04a33ca521ca167903b5ae59810013ecb7af,Kelp DAO Exploiter 20,ETH.ETH,12.91577905,=:BTC.BTC:bc1purt38m6qkzxa86yryrqag8hxs6wd8knuh4gquv0al265g7dfplkqz636ht:241719214/1/0:naswap:10,1CB5A82397DF14BD727787FC39D3CE5665ECF69FBFD41550167F7407AD0B7CDB
2026-04-22 14:26:44,Kelp DAO,0xc00f04a33ca521ca167903b5ae59810013ecb7af,Kelp DAO Exploiter 20,ETH.ETH,67.16205095,,1CB5A82397DF14BD727787FC39D3CE5665ECF69FBFD41550167F7407AD0B7CDB
2026-04-22 14:38:53,Kelp DAO,0x3e4ed9ee5130c49d1e9ea32b9d9947054fbb21f1,Kelp DAO Exploiter 21,ETH.ETH,10.275,=:BTC.BTC:bc1qtw33kt9zaygh6uenkpdaky2ylqza9faj5xes34:30760129/1/0:naswap:10,37A15FAD0B1164553601C52825E1245D441B03CCAECF0CB42A8CE770787475BA
2026-04-22 14:39:40,Kelp DAO,0x3e4ed9ee5130c49d1e9ea32b9d9947054fbb21f1,Kelp DAO Exploiter 21,ETH.ETH,10.275,=:BTC.BTC:bc1qtw33kt9zaygh6uenkpdaky2ylqza9faj5xes34:30760129/1/0:naswap:10,72E90BC44B2FB997F50EF9DC549872FC7CC29127408B7411DE18BC031BE30C19
2026-04-22 14:41:19,Kelp DAO,0x3e4ed9ee5130c49d1e9ea32b9d9947054fbb21f1,Kelp DAO Exploiter 21,ETH.ETH,10.276,=:BTC.BTC:bc1qtw33kt9zaygh6uenkpdaky2ylqza9faj5xes34:30721985/1/0:naswap:10,B4A24DAB679FAD01BB61F359422F034D3A42D4070F6BD8BEE997790C1BF8199A
2026-04-22 14:42:23,Kelp DAO,0x3e4ed9ee5130c49d1e9ea32b9d9947054fbb21f1,Kelp DAO Exploiter 21,ETH.ETH,3.425,=:BTC.BTC:bc1qtw33kt9zaygh6uenkpdaky2ylqza9faj5xes34:30771523/1/0:naswap:10,0837584E93345E8782D1563727C0151BAB9EF0278D886565341B896D31E15487
2026-04-22 14:42:29,Kelp DAO,0x3e4ed9ee5130c49d1e9ea32b9d9947054fbb21f1,Kelp DAO Exploiter 21,ETH.ETH,6.85,,0837584E93345E8782D1563727C0151BAB9EF0278D886565341B896D31E15487
2026-04-22 14:51:40,Kelp DAO,0x1c1a82627da9a8a09c8df8078b2a57008be19097,Kelp DAO Exploiter 34,ETH.ETH,17.14285715,=:BTC.BTC:bc1q5f4hk8gayvt9vrdvklvmnvdvdtlersqy8msnnp:59855629/1/0:naswap:10,78E797D8434FCB93337BF8C32DC371286D8A9FE7E70AAF9561CBDCFD1644E511
2026-04-22 14:52:20,Kelp DAO,0x1c1a82627da9a8a09c8df8078b2a57008be19097,Kelp DAO Exploiter 34,ETH.ETH,11.42857144,=:BTC.BTC:bc1q5f4hk8gayvt9vrdvklvmnvdvdtlersqy8msnnp:59855629/1/0:naswap:10,AB2B2094355319073B38EACC323CAA672DF1D7646E332BF94757F4F545E09A0A
2026-04-22 14:52:26,Kelp DAO,0x1c1a82627da9a8a09c8df8078b2a57008be19097,Kelp DAO Exploiter 34,ETH.ETH,2.85714285,,78E797D8434FCB93337BF8C32DC371286D8A9FE7E70AAF9561CBDCFD1644E511
2026-04-22 14:52:50,Kelp DAO,0x1c1a82627da9a8a09c8df8078b2a57008be19097,Kelp DAO Exploiter 34,ETH.ETH,8.57142856,,AB2B2094355319073B38EACC323CAA672DF1D7646E332BF94757F4F545E09A0A
2026-04-22 14:53:27,Kelp DAO,0x1c1a82627da9a8a09c8df8078b2a57008be19097,Kelp DAO Exploiter 34,ETH.ETH,20.0,=:BTC.BTC:bc1q5f4hk8gayvt9vrdvklvmnvdvdtlersqy8msnnp:59414583/1/0:naswap:10,B8191C000B4BD0AFA2247857A4C291D56207AA0520A2FBD09B60ACBB6616698F
2026-04-22 14:56:50,Kelp DAO,0x1c1a82627da9a8a09c8df8078b2a57008be19097,Kelp DAO Exploiter 34,ETH.ETH,20.0,=:BTC.BTC:bc1q5f4hk8gayvt9vrdvklvmnvdvdtlersqy8msnnp:59783314/1/0:naswap:10,BC2E7BC78F8DB27DF6BB741B2F8856170299B7BBFAB51E8A529E62A686972A26
2026-04-22 14:57:21,Kelp DAO,0x1c1a82627da9a8a09c8df8078b2a57008be19097,Kelp DAO Exploiter 34,ETH.ETH,20.0,=:BTC.BTC:bc1q5f4hk8gayvt9vrdvklvmnvdvdtlersqy8msnnp:59448114/1/0:naswap:10,FB9D7BA428071D17F0451E8ABED243122DFA0240011D4E681D9161810F0CB44B
2026-04-22 14:59:14,Kelp DAO,0x1c1a82627da9a8a09c8df8078b2a57008be19097,Kelp DAO Exploiter 34,ETH.ETH,25.42817257,=:BTC.BTC:bc1q5f4hk8gayvt9vrdvklvmnvdvdtlersqy8msnnp:75549677/1/0:naswap:10,16B2249FE90FF4E85F13FE4DEFEDB3CE3B69AB0821FF69153D0797D579BFA966
2026-04-22 15:01:55,Kelp DAO,0x3e4ed9ee5130c49d1e9ea32b9d9947054fbb21f1,Kelp DAO Exploiter 21,ETH.ETH,6.85,=:BTC.BTC:bc1qtw33kt9zaygh6uenkpdaky2ylqza9faj5xes34:20463976/1/0:naswap:10,F53FB411CBCD6FD3FD685895376D05F8A9542D947BC66D1A3F1502D1B3890CDA
2026-04-22 15:05:20,Kelp DAO,0xc00f04a33ca521ca167903b5ae59810013ecb7af,Kelp DAO Exploiter 20,ETH.ETH,67.16181122,,99BFB9B7768A72FD3937AAB9F1E33EDD7CF5CFC3A6FCA00E90C0675D80BF5E65
2026-04-22 15:05:51,Kelp DAO,0x1c1a82627da9a8a09c8df8078b2a57008be19097,Kelp DAO Exploiter 34,ETH.ETH,8.57033574,=:BTC.BTC:bc1q5f4hk8gayvt9vrdvklvmnvdvdtlersqy8msnnp:25386650/1/0:naswap:10,A6CA53883509AA18484191BEBF768E0608F8DACD9D9EB09FB4FF57A16705C7E0
2026-04-22 15:20:52,Kelp DAO,0x3e4ed9ee5130c49d1e9ea32b9d9947054fbb21f1,Kelp DAO Exploiter 21,ETH.ETH,11.577,=:BTC.BTC:bc1qtw33kt9zaygh6uenkpdaky2ylqza9faj5xes34:34494133/1/0:naswap:10,1AE2167C1BD30BD2DFD9C1FB96D347C2F592F6BE0E5583C634BFD2D1DD792113
2026-04-22 15:21:29,Kelp DAO,0x3e4ed9ee5130c49d1e9ea32b9d9947054fbb21f1,Kelp DAO Exploiter 21,ETH.ETH,11.576,=:BTC.BTC:bc1qtw33kt9zaygh6uenkpdaky2ylqza9faj5xes34:34527426/1/0:naswap:10,4DC219C393C8A9C4AAF1989A75D6E659F0783F89159E6D767F21F27448D5A20F
2026-04-22 15:22:03,Kelp DAO,0x3e4ed9ee5130c49d1e9ea32b9d9947054fbb21f1,Kelp DAO Exploiter 21,ETH.ETH,11.578,=:BTC.BTC:bc1qtw33kt9zaygh6uenkpdaky2ylqza9faj5xes34:34534916/1/0:naswap:10,ADBF2D32AE5CE0DD9FD3EA35B46268D3DD4F7E269AC17334314B5452E2DBCF40
2026-04-22 15:45:15,Kelp DAO,0xc00f04a33ca521ca167903b5ae59810013ecb7af,Kelp DAO Exploiter 20,ETH.ETH,59.1008,=:BTC.BTC:bc1purt38m6qkzxa86yryrqag8hxs6wd8knuh4gquv0al265g7dfplkqz636ht:199343227/1/0:naswap:10,71EF0BD4F4674F30C959DCD737B63B806EB92AEAD0222CF12DE4A3F1C76F200F
2026-04-22 15:48:00,Kelp DAO,0xc00f04a33ca521ca167903b5ae59810013ecb7af,Kelp DAO Exploiter 20,ETH.ETH,8.0592,,71EF0BD4F4674F30C959DCD737B63B806EB92AEAD0222CF12DE4A3F1C76F200F
2026-04-22 15:55:18,Kelp DAO,0x3e4ed9ee5130c49d1e9ea32b9d9947054fbb21f1,Kelp DAO Exploiter 21,ETH.ETH,10.54,=:BTC.BTC:bc1qtw33kt9zaygh6uenkpdaky2ylqza9faj5xes34:31390307/1/0:naswap:10,F568C33A207AF616EA8D43437A4EDE467B621FD2719590504ED6C618BA35C149
2026-04-22 15:57:49,Kelp DAO,0x3e4ed9ee5130c49d1e9ea32b9d9947054fbb21f1,Kelp DAO Exploiter 21,ETH.ETH,10.54,=:BTC.BTC:bc1qtw33kt9zaygh6uenkpdaky2ylqza9faj5xes34:31498098/1/0:naswap:10,12B5099B0988CCC6AD6CF04990055C2C0BAACE502EC84CCCC5889C3D9EF27CD6
2026-04-22 15:58:29,Kelp DAO,0x3e4ed9ee5130c49d1e9ea32b9d9947054fbb21f1,Kelp DAO Exploiter 21,ETH.ETH,10.55,=:BTC.BTC:bc1qtw33kt9zaygh6uenkpdaky2ylqza9faj5xes34:31507712/1/0:naswap:10,9CA167B8ED3753638ED8BB44069A9B432383B5ED67219A25F08D6490E8818165
2026-04-22 15:59:06,Kelp DAO,0x3e4ed9ee5130c49d1e9ea32b9d9947054fbb21f1,Kelp DAO Exploiter 21,ETH.ETH,10.54,=:BTC.BTC:bc1qtw33kt9zaygh6uenkpdaky2ylqza9faj5xes34:31468619/1/0:naswap:10,BE09DA90C043F4C73FC0069E0B2FE81E5BDA580602A36498F1C1FDD77FB6F772
2026-04-22 16:07:27,Kelp DAO,0x1c1a82627da9a8a09c8df8078b2a57008be19097,Kelp DAO Exploiter 34,ETH.ETH,20.0,=:BTC.BTC:bc1q5f4hk8gayvt9vrdvklvmnvdvdtlersqy8msnnp:59400377/1/0:naswap:10,432736098661749628CB672AEC05E146F35E3A7AB123882687C3443A36E1A9A9
2026-04-22 16:07:27,Kelp DAO,0x1c1a82627da9a8a09c8df8078b2a57008be19097,Kelp DAO Exploiter 34,ETH.ETH,14.2857143,=:BTC.BTC:bc1q5f4hk8gayvt9vrdvklvmnvdvdtlersqy8msnnp:59598883/1/0:naswap:10,4AF866A9896B4BF8AC56C0A1995C7A5646A3341884DC2BE6B35D4DECC013E378
2026-04-22 16:08:08,Kelp DAO,0x1c1a82627da9a8a09c8df8078b2a57008be19097,Kelp DAO Exploiter 34,ETH.ETH,5.7142857,,4AF866A9896B4BF8AC56C0A1995C7A5646A3341884DC2BE6B35D4DECC013E378
2026-04-22 16:08:39,Kelp DAO,0x1c1a82627da9a8a09c8df8078b2a57008be19097,Kelp DAO Exploiter 34,ETH.ETH,20.0,=:BTC.BTC:bc1q5f4hk8gayvt9vrdvklvmnvdvdtlersqy8msnnp:59083330/1/0:naswap:10,8915536049F1C4C207C196D3E4D6979E37FA5462D3B3BF93AA5BF6F30F4F2C8E
2026-04-22 16:09:03,Kelp DAO,0x1c1a82627da9a8a09c8df8078b2a57008be19097,Kelp DAO Exploiter 34,ETH.ETH,20.0,=:BTC.BTC:bc1q5f4hk8gayvt9vrdvklvmnvdvdtlersqy8msnnp:59172478/1/0:naswap:10,19E4441CC9FBD2A6609C0D4B271E52C26CE8E5372FE7BC97138C1EE241FFA5FC
2026-04-22 16:09:39,Kelp DAO,0x1c1a82627da9a8a09c8df8078b2a57008be19097,Kelp DAO Exploiter 34,ETH.ETH,20.0,=:BTC.BTC:bc1q5f4hk8gayvt9vrdvklvmnvdvdtlersqy8msnnp:59172478/1/0:naswap:10,72632374FDAA347502DF0B74539D0FE0BCD0A938F6C32EEA2CDE01AB276FEB59
2026-04-22 16:18:26,Kelp DAO,0xc00f04a33ca521ca167903b5ae59810013ecb7af,Kelp DAO Exploiter 20,ETH.ETH,8.06030979,=:BTC.BTC:bc1purt38m6qkzxa86yryrqag8hxs6wd8knuh4gquv0al265g7dfplkqz636ht:24043680/1/0:naswap:10,E899B99C4224018B3619D38129F9878AE12BFE3434A9C759DD38AE7E44CDA0B8
2026-04-22 16:18:26,Kelp DAO,0x1c1a82627da9a8a09c8df8078b2a57008be19097,Kelp DAO Exploiter 34,ETH.ETH,21.69637329,=:BTC.BTC:bc1q5f4hk8gayvt9vrdvklvmnvdvdtlersqy8msnnp:64708573/1/0:naswap:10,741EB48F4EF389B23A6A18758ABDF9E37A0506CBF48FE005F2654DCC52F5EC95
2026-04-22 16:28:49,Kelp DAO,0x1c1a82627da9a8a09c8df8078b2a57008be19097,Kelp DAO Exploiter 34,ETH.ETH,5.71587024,=:BTC.BTC:bc1q5f4hk8gayvt9vrdvklvmnvdvdtlersqy8msnnp:16890036/1/0:naswap:10,3EED44CC1F4AA55528D86476918FBB7B28ADCD835C6A4B332416F77142A4183E
2026-04-22 16:38:05,Kelp DAO,0x3e4ed9ee5130c49d1e9ea32b9d9947054fbb21f1,Kelp DAO Exploiter 21,ETH.ETH,10.71,=:BTC.BTC:bc1qtw33kt9zaygh6uenkpdaky2ylqza9faj5xes34:31842873/1/0:naswap:10,4DEAA4BC3922E1D275B759CF8D07D5D2BFA47CA9E5FF5B035D631609E74AAFCB
2026-04-22 16:43:38,Kelp DAO,0x3e4ed9ee5130c49d1e9ea32b9d9947054fbb21f1,Kelp DAO Exploiter 21,ETH.ETH,10.72,=:BTC.BTC:bc1qtw33kt9zaygh6uenkpdaky2ylqza9faj5xes34:31885345/1/0:naswap:10,3E6AA40AA3CC9307CFD56D96119E57303B8612EF004A0AF08CE2462F4FE7660E
2026-04-22 16:44:14,Kelp DAO,0x3e4ed9ee5130c49d1e9ea32b9d9947054fbb21f1,Kelp DAO Exploiter 21,ETH.ETH,10.78,=:BTC.BTC:bc1qtw33kt9zaygh6uenkpdaky2ylqza9faj5xes34:32098255/1/0:naswap:10,2DA34ACCA77B0EDA328DAE595CCE09013F0ABCE5A208A34AB22263438CF9A528
2026-04-22 16:44:49,Kelp DAO,0x3e4ed9ee5130c49d1e9ea32b9d9947054fbb21f1,Kelp DAO Exploiter 21,ETH.ETH,10.55,=:BTC.BTC:bc1qtw33kt9zaygh6uenkpdaky2ylqza9faj5xes34:31408734/1/0:naswap:10,ED28EDD783233A4765648CA8651E7479503FFFA5136385491037379AFAF14E4F
2026-04-22 16:55:32,Kelp DAO,0x1c1a82627da9a8a09c8df8078b2a57008be19097,Kelp DAO Exploiter 34,ETH.ETH,11.42857144,=:BTC.BTC:bc1q5f4hk8gayvt9vrdvklvmnvdvdtlersqy8msnnp:59732727/1/0:naswap:10,C33C2161FC13F033D206423A32BF17115749DAFC37E2316F1BFCE93270E9DAB3
2026-04-22 16:56:13,Kelp DAO,0x1c1a82627da9a8a09c8df8078b2a57008be19097,Kelp DAO Exploiter 34,ETH.ETH,8.57142856,,C33C2161FC13F033D206423A32BF17115749DAFC37E2316F1BFCE93270E9DAB3
2026-04-22 16:56:24,Kelp DAO,0x1c1a82627da9a8a09c8df8078b2a57008be19097,Kelp DAO Exploiter 34,ETH.ETH,2.85714286,=:BTC.BTC:bc1q5f4hk8gayvt9vrdvklvmnvdvdtlersqy8msnnp:59720505/1/0:naswap:10,24528277E5E3FA11130C4D8F7293B9083ECBFF4650695F3A59122AB9C80D6257
2026-04-22 16:56:42,Kelp DAO,0x1c1a82627da9a8a09c8df8078b2a57008be19097,Kelp DAO Exploiter 34,ETH.ETH,17.14285714,,24528277E5E3FA11130C4D8F7293B9083ECBFF4650695F3A59122AB9C80D6257
2026-04-22 16:57:42,Kelp DAO,0x1c1a82627da9a8a09c8df8078b2a57008be19097,Kelp DAO Exploiter 34,ETH.ETH,17.14285715,=:BTC.BTC:bc1q5f4hk8gayvt9vrdvklvmnvdvdtlersqy8msnnp:59525205/1/0:naswap:10,D2B38857A5F82483C4182494B38E527FCF5F1DBADC0A99598755514C851C316C
2026-04-22 16:58:12,Kelp DAO,0x1c1a82627da9a8a09c8df8078b2a57008be19097,Kelp DAO Exploiter 34,ETH.ETH,17.14285715,=:BTC.BTC:bc1q5f4hk8gayvt9vrdvklvmnvdvdtlersqy8msnnp:59257594/1/0:naswap:10,55F39B844D9471269CAC02D3AFFC3DCAA44A4AFCEFBF0E860027FC32ADECE497
2026-04-22 16:58:23,Kelp DAO,0x1c1a82627da9a8a09c8df8078b2a57008be19097,Kelp DAO Exploiter 34,ETH.ETH,2.85714285,,D2B38857A5F82483C4182494B38E527FCF5F1DBADC0A99598755514C851C316C
2026-04-22 16:58:47,Kelp DAO,0x1c1a82627da9a8a09c8df8078b2a57008be19097,Kelp DAO Exploiter 34,ETH.ETH,2.85714285,,55F39B844D9471269CAC02D3AFFC3DCAA44A4AFCEFBF0E860027FC32ADECE497
2026-04-22 16:59:00,Kelp DAO,0x1c1a82627da9a8a09c8df8078b2a57008be19097,Kelp DAO Exploiter 34,ETH.ETH,20.0,=:BTC.BTC:bc1q5f4hk8gayvt9vrdvklvmnvdvdtlersqy8msnnp:59060820/1/0:naswap:10,B26753881A82358FC81931ABB901E71C6323E4BAB050AF876F26764A0BF85421
2026-04-22 17:00:16,Kelp DAO,0x1c1a82627da9a8a09c8df8078b2a57008be19097,Kelp DAO Exploiter 34,ETH.ETH,22.31750951,=:BTC.BTC:bc1q5f4hk8gayvt9vrdvklvmnvdvdtlersqy8msnnp:65868405/1/0:naswap:10,612925F6959BC0492138EE8F4C660CEB4DCD3D464C2BAC8050BF56BA0DD494F6
2026-04-22 17:12:55,Kelp DAO,0x1c1a82627da9a8a09c8df8078b2a57008be19097,Kelp DAO Exploiter 34,ETH.ETH,14.28543969,=:BTC.BTC:bc1q5f4hk8gayvt9vrdvklvmnvdvdtlersqy8msnnp:42201961/1/0:naswap:10,62B4DF4921E220CA1488305A545445DF4C91C69124F18DCDC0C798EF4113AC17
2026-04-22 17:15:10,Kelp DAO,0x1c1a82627da9a8a09c8df8078b2a57008be19097,Kelp DAO Exploiter 34,ETH.ETH,17.0,,EC6A39EF76BD4191664AC47304C185E0877D7ACDEFB555F83678636C522542E7
2026-04-22 18:00:54,Kelp DAO,0x1c1a82627da9a8a09c8df8078b2a57008be19097,Kelp DAO Exploiter 34,ETH.ETH,17.0,=:BTC.BTC:bc1q5f4hk8gayvt9vrdvklvmnvdvdtlersqy8msnnp:50626792/1/0:naswap:10,0DFB7E0932E150DE8EBC121D5B13A316AE09F5647627C9FF171BF8B4720DA721
2026-04-22 18:06:18,Kelp DAO,0x3e4ed9ee5130c49d1e9ea32b9d9947054fbb21f1,Kelp DAO Exploiter 21,ETH.ETH,10.85,=:BTC.BTC:bc1qtw33kt9zaygh6uenkpdaky2ylqza9faj5xes34:32339328/1/0:naswap:10,CF09B7B552BF14A994BFFE27384EAB9F63E012EA48A9DF133C420F26CEE24C9F
2026-04-22 18:06:36,Kelp DAO,0x3e4ed9ee5130c49d1e9ea32b9d9947054fbb21f1,Kelp DAO Exploiter 21,ETH.ETH,10.84,=:BTC.BTC:bc1qtw33kt9zaygh6uenkpdaky2ylqza9faj5xes34:32473647/1/0:naswap:10,81805D47F4A79EAB6DECF1784DBFFC7D806EB908C7F281B9D4D86C1BB243A8E2
2026-04-22 18:07:14,Kelp DAO,0x3e4ed9ee5130c49d1e9ea32b9d9947054fbb21f1,Kelp DAO Exploiter 21,ETH.ETH,10.89,=:BTC.BTC:bc1qtw33kt9zaygh6uenkpdaky2ylqza9faj5xes34:32613603/1/0:naswap:10,2735978D3AA3F148F92EC584D0D3A548AD413ACDC038ACA322550DACF79EC925
2026-04-22 18:07:51,Kelp DAO,0x3e4ed9ee5130c49d1e9ea32b9d9947054fbb21f1,Kelp DAO Exploiter 21,ETH.ETH,10.85,=:BTC.BTC:bc1qtw33kt9zaygh6uenkpdaky2ylqza9faj5xes34:32407237/1/0:naswap:10,DDA6655F72ED305DD576F0F3911C1BC67FD884EB183C8BF34EAD11C887F06669
2026-07-25 05:07:09,unclassified,bc1qmj89lm4ewup4v9ytwds4qm3rh8ahjwjflx72k8,,BTC.BTC,0.00117258,=:ETH.ETH:0xd75117920b090AA11297Bba971Ab122AadA009cc:3894590/1/0:naswap:10,82C35888098FF8DEE888AEAEEAABBF30D7A465FF517B8D5738BB17248D971AFD
2026-07-25 05:09:13,unclassified,0xd75117920b090aa11297bba971ab122aada009cc,,ETH.ETH,0.04013877,=:BTC.BTC:bc1qrkvzmhcvc9rax82tdykgmfz5dyxy9m28sgu0vs:111634/1/0:naswap:10,82A738B1CCE32C47CBB14AD1A019B55B9E099A45ABC95771213DFDD0D9CE2B48
2026-07-25 12:26:50,AFX Trade,0x678335b4d6a393c4891275d3d23aedd8ad596d14,funded by AFX Trade Exploiter 9,ETH.ETH,30.0,=:BTC.BTC:bc1qtgzpq7lqj45qxypajklmpgpv5w9fpyt7kpalnt:85621509/1/0:naswap:10,6811DF1F3DF785C6F3FB1ABDC7CCAC31EF3146A3B23F0C668FB0A3A6CB7CB035
2026-07-25 13:34:29,AFX Trade,0x678335b4d6a393c4891275d3d23aedd8ad596d14,funded by AFX Trade Exploiter 9,ETH.ETH,30.0,=:BTC.BTC:bc1qtgzpq7lqj45qxypajklmpgpv5w9fpyt7kpalnt:85826739/1/0:naswap:10,D4D3F5749A9539EEC26918345126188CC5F498FABE96499AAFE7EC13EC38B61B
2026-07-25 13:35:25,AFX Trade,0x678335b4d6a393c4891275d3d23aedd8ad596d14,funded by AFX Trade Exploiter 9,ETH.ETH,30.0,=:BTC.BTC:bc1qtgzpq7lqj45qxypajklmpgpv5w9fpyt7kpalnt:85705670/1/0:naswap:10,862A34C4DEBE1538E65BFF61675FBF5ECC976D938493E285DBBB4D7086D105C1
2026-07-25 13:36:15,AFX Trade,0x678335b4d6a393c4891275d3d23aedd8ad596d14,funded by AFX Trade Exploiter 9,ETH.ETH,30.0,=:BTC.BTC:bc1qtgzpq7lqj45qxypajklmpgpv5w9fpyt7kpalnt:85797166/1/0:naswap:10,6D852CEE93E3EAF0F84BF01C0FBFF95E2023FD80CBCF46D2EA09A9C99B44F25C
2026-07-25 13:37:18,AFX Trade,0x678335b4d6a393c4891275d3d23aedd8ad596d14,funded by AFX Trade Exploiter 9,ETH.ETH,30.0,=:BTC.BTC:bc1qtgzpq7lqj45qxypajklmpgpv5w9fpyt7kpalnt:85499002/1/0:naswap:10,0A67233A3B7FCD318C9F090DAFF206A1BD6F357038B16EA170E735593D51D50A
2026-07-25 13:37:36,AFX Trade,0x678335b4d6a393c4891275d3d23aedd8ad596d14,funded by AFX Trade Exploiter 9,ETH.ETH,30.0,=:BTC.BTC:bc1qtgzpq7lqj45qxypajklmpgpv5w9fpyt7kpalnt:85715270/1/0:naswap:10,C729AE05C85EC40B3175CB7718C22F28AD48FB1C8C18923EBBE357A7BDD035DD
2026-07-25 13:38:13,AFX Trade,0x678335b4d6a393c4891275d3d23aedd8ad596d14,funded by AFX Trade Exploiter 9,ETH.ETH,28.23529412,=:BTC.BTC:bc1qtgzpq7lqj45qxypajklmpgpv5w9fpyt7kpalnt:85715270/1/0:naswap:10,44D0548DA487291E2178451B46F39E0264C51C187D2E68D2C7F123A4E367314E
2026-07-25 13:39:22,AFX Trade,0x678335b4d6a393c4891275d3d23aedd8ad596d14,funded by AFX Trade Exploiter 9,ETH.ETH,3.52941178,=:BTC.BTC:bc1qtgzpq7lqj45qxypajklmpgpv5w9fpyt7kpalnt:85715270/1/0:naswap:10,F6C843F5A6D65C4EA8CA073C3A7A86FEB786A0898A181348D4898ECA1FEE9A2A
2026-07-25 13:39:59,AFX Trade,0x678335b4d6a393c4891275d3d23aedd8ad596d14,funded by AFX Trade Exploiter 9,ETH.ETH,1.76470588,,44D0548DA487291E2178451B46F39E0264C51C187D2E68D2C7F123A4E367314E
2026-07-25 13:40:36,AFX Trade,0x678335b4d6a393c4891275d3d23aedd8ad596d14,funded by AFX Trade Exploiter 9,ETH.ETH,26.47058822,,F6C843F5A6D65C4EA8CA073C3A7A86FEB786A0898A181348D4898ECA1FEE9A2A
2026-07-25 13:41:21,AFX Trade,0x678335b4d6a393c4891275d3d23aedd8ad596d14,funded by AFX Trade Exploiter 9,ETH.ETH,30.0,,4AC837F714B71EEC934F96C76C466B865170DE51062242CB2619FD8F26787D84
2026-07-25 14:38:27,unclassified,0x79f73be17e620e8208ff653642ea10f7f854295d,,ETH.ETH,28.89,=:BTC.BTC:bc1qjw58mrqv7zxuja4g277ymmnxv9rnxvkdage83c:82615747/1/0:naswap:10,CD7B806FDFE778F710712EF233FF9D3F6B6957C71E9FB42A0126891AF108935B
2026-07-25 14:42:11,AFX Trade,0x678335b4d6a393c4891275d3d23aedd8ad596d14,funded by AFX Trade Exploiter 9,ETH.ETH,25.50399468,=:BTC.BTC:bc1qtgzpq7lqj45qxypajklmpgpv5w9fpyt7kpalnt:141012546/1/0:naswap:10,A78AFB39C2AABD8D9E337303E9475EC3A686483DFF3629696FEBB3FEAF96BB3D
2026-07-25 14:45:00,AFX Trade,0x678335b4d6a393c4891275d3d23aedd8ad596d14,funded by AFX Trade Exploiter 9,ETH.ETH,23.80372834,,A78AFB39C2AABD8D9E337303E9475EC3A686483DFF3629696FEBB3FEAF96BB3D
2026-07-25 15:27:03,unclassified,0x79f73be17e620e8208ff653642ea10f7f854295d,,ETH.ETH,29.0,=:BTC.BTC:bc1qjw58mrqv7zxuja4g277ymmnxv9rnxvkdage83c:83023511/1/0:naswap:10,E41F551E0E3CEBA9FE8E5B921488436EF26279C3DD26EB036B70E4F3B131133A
2026-09-25 13:20:46,Bitget,rPfoxaxh2naH6kQSe3FZNXEC3pFgF5xwMR,,XRP.XRP,321.0,=:BTC.BTC:bc1q63dl555s3u90w9m9se3wqvdjkgp7cmmljkhgv0:589111/1/0:naswap:30,767297D5F644CCB50B22ABA53DE9D6DEE4ECFCAA3953E7ABDF9E1609A84B00BE
2026-09-25 15:45:29,Bitget,rsiNZr8amajbBCQiWxeis8PJ5fptkGePNz,,XRP.XRP,149611.39896374,=:ETH.ETH:0x7cF6465cDfFb584f74941E8c1FDAEd6388de45DA:8538719619/1/0:naswap:30,824024D9CF64806D76D316671F010F4B8431F213A0399BF2457B241C6B6E93BE
2026-09-25 15:49:24,Bitget,rsiNZr8amajbBCQiWxeis8PJ5fptkGePNz,,XRP.XRP,259953.239017,=:ETH.ETH:0x7cF6465cDfFb584f74941E8c1FDAEd6388de45DA:15667794124/1/0:naswap:30,7AEA4884EB19A6C396AAC06790409043A16478CC2580AE4BE317B01374628DD0
2026-09-25 16:09:45,Bitget,rsiNZr8amajbBCQiWxeis8PJ5fptkGePNz,,XRP.XRP,67640.44943824,=:ETH.ETH:0x7cF6465cDfFb584f74941E8c1FDAEd6388de45DA:3983270920/1/0:naswap:30,CBB5FE97349AE49E4BA0F127247856791214F27C3E2E80F362955D5E6C63A789
2026-09-25 16:12:25,Bitget,rsiNZr8amajbBCQiWxeis8PJ5fptkGePNz,,XRP.XRP,66480.44692741,=:ETH.ETH:0x7cF6465cDfFb584f74941E8c1FDAEd6388de45DA:3980237906/1/0:naswap:30,F381011CF48DA88FD81144CE025B92CFC424C25C35D0F399328D9335C727B1D0
2026-09-25 16:15:20,Bitget,rsiNZr8amajbBCQiWxeis8PJ5fptkGePNz,,XRP.XRP,80000.0,=:ETH.ETH:0x7cF6465cDfFb584f74941E8c1FDAEd6388de45DA:4554743159/1/0:naswap:30,5BDCE1AEF0E1E22DEFF125B4A8B8D62C9DDE061145A5B3AEB64B3B2A4E829938
2026-09-25 16:20:34,Bitget,rsiNZr8amajbBCQiWxeis8PJ5fptkGePNz,,XRP.XRP,85119.79186657,=:ETH.ETH:0x7cF6465cDfFb584f74941E8c1FDAEd6388de45DA:4996988012/1/0:naswap:30,6AB0C82B9A86CDD0D6C9AC4FB49FF26AAB6DD1C0D6E9D33624338B7EF8410469
2026-09-25 16:33:21,Bitget,rsiNZr8amajbBCQiWxeis8PJ5fptkGePNz,,XRP.XRP,2359.55056176,,CBB5FE97349AE49E4BA0F127247856791214F27C3E2E80F362955D5E6C63A789
2026-09-25 16:35:32,Bitget,rsiNZr8amajbBCQiWxeis8PJ5fptkGePNz,,XRP.XRP,3519.55307259,,F381011CF48DA88FD81144CE025B92CFC424C25C35D0F399328D9335C727B1D0
2026-09-25 16:37:59,Bitget,rsiNZr8amajbBCQiWxeis8PJ5fptkGePNz,,XRP.XRP,388.60103626,,824024D9CF64806D76D316671F010F4B8431F213A0399BF2457B241C6B6E93BE
2026-09-25 16:49:14,Bitget,rsiNZr8amajbBCQiWxeis8PJ5fptkGePNz,,XRP.XRP,2758.51177343,,6AB0C82B9A86CDD0D6C9AC4FB49FF26AAB6DD1C0D6E9D33624338B7EF8410469
2026-09-25 17:28:48,Bitget,rsiNZr8amajbBCQiWxeis8PJ5fptkGePNz,,XRP.XRP,15612.807148,,7AEA4884EB19A6C396AAC06790409043A16478CC2580AE4BE317B01374628DD0
2026-09-25 17:40:03,Bitget,rsiNZr8amajbBCQiWxeis8PJ5fptkGePNz,,XRP.XRP,20000.0,=:ETH.ETH:0x7cF6465cDfFb584f74941E8c1FDAEd6388de45DA:1126851509/1/0:naswap:30,FB6E7EF71C8194AA324BB0BA3DFAAAF30D82481AA48F789AB99642222FE7D8DF
2026-09-25 17:58:05,Bitget,rsiNZr8amajbBCQiWxeis8PJ5fptkGePNz,,XRP.XRP,30000.0,=:ETH.ETH:0x7cF6465cDfFb584f74941E8c1FDAEd6388de45DA:1692656016/1/0:naswap:30,EE2A0EB9B882D2F5E5E05596BA46FB5725C2DA71FF88B81E07B578E8F5C09703
2026-09-25 17:58:05,Bitget,rsiNZr8amajbBCQiWxeis8PJ5fptkGePNz,,XRP.XRP,30000.0,=:ETH.ETH:0x7cF6465cDfFb584f74941E8c1FDAEd6388de45DA:1692656016/1/0:naswap:30,0C26890880A0061283768DDC5E90440D2DCC7152815227C9338CB8575A26AB48
2026-09-25 18:09:48,Bitget,rsiNZr8amajbBCQiWxeis8PJ5fptkGePNz,,XRP.XRP,23707.0,=:ETH.ETH:0x7cF6465cDfFb584f74941E8c1FDAEd6388de45DA:1339735759/1/0:naswap:30,AC07E1A672E723442A0385A25AC34A22A791ECC93AD49A05F8F662348BA20E24
2026-09-25 18:12:56,Bitget,rsiNZr8amajbBCQiWxeis8PJ5fptkGePNz,,XRP.XRP,28800.0,=:ETH.ETH:0x7cF6465cDfFb584f74941E8c1FDAEd6388de45DA:1697255319/1/0:naswap:30,A40BED4EDC934142A9328B7E57ED52B574A3900DD9B6DCDADC12BC3966F95594
2026-09-25 18:20:55,Bitget,rsiNZr8amajbBCQiWxeis8PJ5fptkGePNz,,XRP.XRP,30000.0,=:ETH.ETH:0x7cF6465cDfFb584f74941E8c1FDAEd6388de45DA:1702449712/1/0:naswap:30,871856048EACCC9E143959D819CA4E1E89B8BF311FB7D2F7C6DB30B97C4E30A0
2026-09-25 18:21:14,Bitget,rsiNZr8amajbBCQiWxeis8PJ5fptkGePNz,,XRP.XRP,30000.0,=:ETH.ETH:0x7cF6465cDfFb584f74941E8c1FDAEd6388de45DA:1702449712/1/0:naswap:30,F87903A539E1355FC1755D9A993B48ACAD3DD18EC75D8FB08BD6E70DF2548229
2026-09-25 18:21:50,Bitget,rsiNZr8amajbBCQiWxeis8PJ5fptkGePNz,,XRP.XRP,30000.0,=:ETH.ETH:0x7cF6465cDfFb584f74941E8c1FDAEd6388de45DA:1702449712/1/0:naswap:30,A41DD27FBCFDA26AD91EF2BE6DD856FE6E66D1D01F7753919510F62103361B43
2026-09-25 18:22:15,Bitget,rsiNZr8amajbBCQiWxeis8PJ5fptkGePNz,,XRP.XRP,30000.0,=:ETH.ETH:0x7cF6465cDfFb584f74941E8c1FDAEd6388de45DA:1702449712/1/0:naswap:30,00ED98B75BA23E37DA8265FEDE939C93577848A5DF87AFE7EF0AEAD28194E03D
2026-09-25 18:22:55,Bitget,rsiNZr8amajbBCQiWxeis8PJ5fptkGePNz,,XRP.XRP,1200.0,,A40BED4EDC934142A9328B7E57ED52B574A3900DD9B6DCDADC12BC3966F95594
2026-09-25 18:37:33,Bitget,rsiNZr8amajbBCQiWxeis8PJ5fptkGePNz,,XRP.XRP,30000.0,=:ETH.ETH:0x7cF6465cDfFb584f74941E8c1FDAEd6388de45DA:1699255883/1/0:naswap:30,79A277FDF453018378FD0E7F9AB2BBAF73DC872D8568A52267CE306FCE47660A
2026-09-25 18:37:58,Bitget,rsiNZr8amajbBCQiWxeis8PJ5fptkGePNz,,XRP.XRP,30000.0,=:ETH.ETH:0x7cF6465cDfFb584f74941E8c1FDAEd6388de45DA:1699255883/1/0:naswap:30,5232039E858E18F103D85A727A0875A8690AB83A60BB348B94081C5BF7C083F8
2026-09-25 18:38:30,Bitget,rsiNZr8amajbBCQiWxeis8PJ5fptkGePNz,,XRP.XRP,30000.0,=:ETH.ETH:0x7cF6465cDfFb584f74941E8c1FDAEd6388de45DA:169648040/1/0:naswap:30,F75ED47866A068B7085313C3C5577C3508720F8D8A3F8C5F4F18C110BE70BD86
2026-09-25 18:39:52,Bitget,rsiNZr8amajbBCQiWxeis8PJ5fptkGePNz,,XRP.XRP,29600.0,=:ETH.ETH:0x7cF6465cDfFb584f74941E8c1FDAEd6388de45DA:1697556736/1/0:naswap:30,89866EAE4FC90D8426824BDEF99B82365C5C6904BF6F3576FB6DB326AF359B74
2026-09-25 18:40:36,Bitget,rsiNZr8amajbBCQiWxeis8PJ5fptkGePNz,,XRP.XRP,27600.0,=:ETH.ETH:0x7cF6465cDfFb584f74941E8c1FDAEd6388de45DA:1697556736/1/0:naswap:30,FFAD8A7D10D9AB8D9BF0B3E4B94EBD9DAC3A5F87BC04AD7FE2E1EDA63049F2AA
2026-09-25 18:40:52,Bitget,rsiNZr8amajbBCQiWxeis8PJ5fptkGePNz,,XRP.XRP,28000.0,=:ETH.ETH:0x7cF6465cDfFb584f74941E8c1FDAEd6388de45DA:1698280332/1/0:naswap:30,C67B98BB27E17B0046034DA6C18FBE08F10A18F268265929D987D6D986DE0CFE
2026-09-25 18:41:22,Bitget,rsiNZr8amajbBCQiWxeis8PJ5fptkGePNz,,XRP.XRP,27600.0,=:ETH.ETH:0x7cF6465cDfFb584f74941E8c1FDAEd6388de45DA:1699056981/1/0:naswap:30,8D7F4BF09C58B6BBAC268F7123CA509C51EE83C8B40798A1C5BD0C2A13B6B927
2026-09-25 18:44:22,Bitget,rsiNZr8amajbBCQiWxeis8PJ5fptkGePNz,,XRP.XRP,16090.90909092,=:ETH.ETH:0x7cF6465cDfFb584f74941E8c1FDAEd6388de45DA:1001410253/1/0:naswap:30,13AD65059E198B93CBF51D4E396763AF68E40CC113BEE6574333368017CD95CD
2026-09-25 18:49:20,Bitget,rsiNZr8amajbBCQiWxeis8PJ5fptkGePNz,,XRP.XRP,400.0,,89866EAE4FC90D8426824BDEF99B82365C5C6904BF6F3576FB6DB326AF359B74
2026-09-25 18:49:51,Bitget,rsiNZr8amajbBCQiWxeis8PJ5fptkGePNz,,XRP.XRP,2400.0,,FFAD8A7D10D9AB8D9BF0B3E4B94EBD9DAC3A5F87BC04AD7FE2E1EDA63049F2AA
2026-09-25 18:49:51,Bitget,rsiNZr8amajbBCQiWxeis8PJ5fptkGePNz,,XRP.XRP,1609.09090908,,13AD65059E198B93CBF51D4E396763AF68E40CC113BEE6574333368017CD95CD
2026-09-25 18:50:15,Bitget,rsiNZr8amajbBCQiWxeis8PJ5fptkGePNz,,XRP.XRP,2000.0,,C67B98BB27E17B0046034DA6C18FBE08F10A18F268265929D987D6D986DE0CFE
2026-09-25 18:51:00,Bitget,rsiNZr8amajbBCQiWxeis8PJ5fptkGePNz,,XRP.XRP,2400.0,,8D7F4BF09C58B6BBAC268F7123CA509C51EE83C8B40798A1C5BD0C2A13B6B927
2026-09-25 18:54:18,Bitget,rsiNZr8amajbBCQiWxeis8PJ5fptkGePNz,,XRP.XRP,8800.0,=:ETH.ETH:0x7cF6465cDfFb584f74941E8c1FDAEd6388de45DA:497057216/1/0:naswap:30,C6E85AB185300A47E7B125432ABD4F2A7CA3A11CDBF2CA99E3F163A7CDFC0047
2026-09-25 19:33:30,Bitget,rsiNZr8amajbBCQiWxeis8PJ5fptkGePNz,,XRP.XRP,30000.0,=:ETH.ETH:0x7cF6465cDfFb584f74941E8c1FDAEd6388de45DA:1693865759/1/0:naswap:30,A437B68B8A7DC6990B0F282D550BBDB64CD2472AD8E1DC6DAF617037F1D95242
2026-09-25 19:36:18,Bitget,rsiNZr8amajbBCQiWxeis8PJ5fptkGePNz,,XRP.XRP,3000.0,=:ETH.ETH:0x7cF6465cDfFb584f74941E8c1FDAEd6388de45DA:169391560/1/0:naswap:30,EA367004BD1F184AA69065B7107570A6141541F77A6858C4121BB4CEC4783447
2026-09-25 19:38:10,Bitget,rsiNZr8amajbBCQiWxeis8PJ5fptkGePNz,,XRP.XRP,30000.0,=:ETH.ETH:0x7cF6465cDfFb584f74941E8c1FDAEd6388de45DA:1694591104/1/0:naswap:30,5CF5E8F2CBCB4DC4D6F40ACDA1E22DD20A8D0E62B27592748CB84E9EDD241330
2026-09-25 19:38:35,Bitget,rsiNZr8amajbBCQiWxeis8PJ5fptkGePNz,,XRP.XRP,30000.0,=:ETH.ETH:0x7cF6465cDfFb584f74941E8c1FDAEd6388de45DA:1695307017/1/0:naswap:30,702130DB20EFAB70693B4EF84ACEE7B992AADD5836705639AEFC01D542E6CC83
2026-09-25 19:39:51,Bitget,rsiNZr8amajbBCQiWxeis8PJ5fptkGePNz,,XRP.XRP,30000.0,=:ETH.ETH:0x7cF6465cDfFb584f74941E8c1FDAEd6388de45DA:1695793374/1/0:naswap:30,D6B14408148502728502C864F50129559F14ADE7C23969FF225271B11AD4842F
2026-09-25 19:43:07,Bitget,rsiNZr8amajbBCQiWxeis8PJ5fptkGePNz,,XRP.XRP,30000.0,=:ETH.ETH:0x7cF6465cDfFb584f74941E8c1FDAEd6388de45DA:1694181785/1/0:naswap:30,37C6C5D2D8A0997B7003AE690ACAB7F69D1DC29E0825A88FCDD892B0068F4AFA
2026-09-25 19:44:23,Bitget,rsiNZr8amajbBCQiWxeis8PJ5fptkGePNz,,XRP.XRP,29600.0,=:ETH.ETH:0x7cF6465cDfFb584f74941E8c1FDAEd6388de45DA:1694181785/1/0:naswap:30,3979128E12D4F3146B1C8650290CED0F2A688E88EC93BB9077F78599874BB974
2026-09-25 19:47:53,Bitget,rsiNZr8amajbBCQiWxeis8PJ5fptkGePNz,,XRP.XRP,21265.60972,=:ETH.ETH:0x7cF6465cDfFb584f74941E8c1FDAEd6388de45DA:1202520253/1/0:naswap:30,64C8C0FC5A099886F34701ED780DF610C4B685ABBC6920132AF717E19F165562
2026-09-25 19:49:06,Bitget,rsiNZr8amajbBCQiWxeis8PJ5fptkGePNz,,XRP.XRP,9999.0,=:ETH.ETH:0x7cF6465cDfFb584f74941E8c1FDAEd6388de45DA:565550967/1/0:naswap:30,EAE47D4B4F45D507E10DD44CD42E3AA543BE3F706C4308C1A1AEB92EBF5E5E58
2026-09-25 19:49:18,Bitget,rsiNZr8amajbBCQiWxeis8PJ5fptkGePNz,,XRP.XRP,9999.0,=:ETH.ETH:0x7cF6465cDfFb584f74941E8c1FDAEd6388de45DA:565319086/1/0:naswap:30,4C497A19FAED1DB39058C63AF5F8BB74709B5EED96C32EB0916B9DE9831800DB
2026-09-25 19:49:30,Bitget,rsiNZr8amajbBCQiWxeis8PJ5fptkGePNz,,XRP.XRP,9999.0,=:ETH.ETH:0x7cF6465cDfFb584f74941E8c1FDAEd6388de45DA:565167078/1/0:naswap:30,A3FF6C9DED891A9C1EFDCC704241FDDA301DAAF61F0E48AEA44C092201D22A44
2026-09-25 19:49:47,Bitget,rsiNZr8amajbBCQiWxeis8PJ5fptkGePNz,,XRP.XRP,9599.04,=:ETH.ETH:0x7cF6465cDfFb584f74941E8c1FDAEd6388de45DA:565295236/1/0:naswap:30,7A3D0A97FD3F6CBBA9BFEA2D8170CE0BC2194A784383F3C41B506D14B2DF7FBB
2026-09-25 19:50:04,Bitget,rsiNZr8amajbBCQiWxeis8PJ5fptkGePNz,,XRP.XRP,9999.0,=:ETH.ETH:0x7cF6465cDfFb584f74941E8c1FDAEd6388de45DA:565082182/1/0:naswap:30,CFEE437C77925E7A37277F0B89F4BD8513C43F934456FCDCB028E784453796A9
2026-09-25 19:50:27,Bitget,rsiNZr8amajbBCQiWxeis8PJ5fptkGePNz,,XRP.XRP,9999.0,=:ETH.ETH:0x7cF6465cDfFb584f74941E8c1FDAEd6388de45DA:565191830/1/0:naswap:30,835C5256E6320AF756695FD5F2705C9168B988AC311CCEC9F5BDBC74FB7DA087
2026-09-25 19:50:51,Bitget,rsiNZr8amajbBCQiWxeis8PJ5fptkGePNz,,XRP.XRP,9999.0,=:ETH.ETH:0x7cF6465cDfFb584f74941E8c1FDAEd6388de45DA:564987846/1/0:naswap:30,8BE039E925349171A14937D9CB2DE758EE262392C60D1184FD8858F2EE46750B
2026-09-25 19:52:24,Bitget,rsiNZr8amajbBCQiWxeis8PJ5fptkGePNz,,XRP.XRP,9999.0,=:ETH.ETH:0x7cF6465cDfFb584f74941E8c1FDAEd6388de45DA:564744623/1/0:naswap:30,6802622764C4D26F781394B566BA33F8500783D27B2980B4A74120B4ABF0DAD1
2026-09-25 19:52:48,Bitget,rsiNZr8amajbBCQiWxeis8PJ5fptkGePNz,,XRP.XRP,399.96,,7A3D0A97FD3F6CBBA9BFEA2D8170CE0BC2194A784383F3C41B506D14B2DF7FBB
2026-09-25 19:52:48,Bitget,rsiNZr8amajbBCQiWxeis8PJ5fptkGePNz,,XRP.XRP,9999.0,=:ETH.ETH:0x7cF6465cDfFb584f74941E8c1FDAEd6388de45DA:564703078/1/0:naswap:30,30A6E4F3A0CAFCB1C09C187DA13AD0B51200327475A19047CA3A5E42AA0EE47E
2026-09-25 19:53:13,Bitget,rsiNZr8amajbBCQiWxeis8PJ5fptkGePNz,,XRP.XRP,9599.04,=:ETH.ETH:0x7cF6465cDfFb584f74941E8c1FDAEd6388de45DA:564543703/1/0:naswap:30,79FD0C143FFA3B86582048CCAC7E64E6ADF619A557BC598402552E3C31D2BF50
2026-09-25 19:53:26,Bitget,rsiNZr8amajbBCQiWxeis8PJ5fptkGePNz,,XRP.XRP,9999.0,=:ETH.ETH:0x7cF6465cDfFb584f74941E8c1FDAEd6388de45DA:564543703/1/0:naswap:30,EFEBEFA955B2F0A8586F3776B5CF830EA0D868309AEA36D82F7EA3A6AF61B900
2026-09-25 19:53:38,Bitget,rsiNZr8amajbBCQiWxeis8PJ5fptkGePNz,,XRP.XRP,400.0,,3979128E12D4F3146B1C8650290CED0F2A688E88EC93BB9077F78599874BB974
2026-09-25 19:53:44,Bitget,rsiNZr8amajbBCQiWxeis8PJ5fptkGePNz,,XRP.XRP,9999.0,=:ETH.ETH:0x7cF6465cDfFb584f74941E8c1FDAEd6388de45DA:564329588/1/0:naswap:30,EAAF9984078CDE99020170E7EF72C503AFF4792F6CC0C13204A4E34157179717
2026-09-25 19:53:57,Bitget,rsiNZr8amajbBCQiWxeis8PJ5fptkGePNz,,XRP.XRP,9999.0,=:ETH.ETH:0x7cF6465cDfFb584f74941E8c1FDAEd6388de45DA:564161635/1/0:naswap:30,C06987AE71045E1F3844F8869DEFD026CF6C0E50F55A9221751EAF0CB35029F9
2026-09-25 19:54:53,Bitget,rsiNZr8amajbBCQiWxeis8PJ5fptkGePNz,,XRP.XRP,9999.0,=:ETH.ETH:0x7cF6465cDfFb584f74941E8c1FDAEd6388de45DA:564253272/1/0:naswap:30,FCDA3E937813E09889CF1123827703F3A25F1571437DE4C8C8B25ABEEEC24F1A
2026-09-25 19:55:12,Bitget,rsiNZr8amajbBCQiWxeis8PJ5fptkGePNz,,XRP.XRP,9999.0,=:ETH.ETH:0x7cF6465cDfFb584f74941E8c1FDAEd6388de45DA:564221569/1/0:naswap:30,E844346755EC91E0D0494AD18B2E8E7C2675BB57C52D03758132BF29B69F9AFA
2026-09-25 19:55:25,Bitget,rsiNZr8amajbBCQiWxeis8PJ5fptkGePNz,,XRP.XRP,9999.0,=:ETH.ETH:0x7cF6465cDfFb584f74941E8c1FDAEd6388de45DA:564204014/1/0:naswap:30,42BD2DD0C77ABF1C7DEB42CC4E7F3388E45BD30732595A5B00CB2806D627F832
2026-09-25 19:55:57,Bitget,rsiNZr8amajbBCQiWxeis8PJ5fptkGePNz,,XRP.XRP,399.96,,79FD0C143FFA3B86582048CCAC7E64E6ADF619A557BC598402552E3C31D2BF50
2026-09-25 19:56:07,Bitget,rsiNZr8amajbBCQiWxeis8PJ5fptkGePNz,,XRP.XRP,9999.0,=:ETH.ETH:0x7cF6465cDfFb584f74941E8c1FDAEd6388de45DA:564204014/1/0:naswap:30,C08BE5CF786E8246D2904F3A38D8EEDA4804A1AAF5971A89B1C9C59E6A518CB5
2026-09-25 19:56:55,Bitget,rsiNZr8amajbBCQiWxeis8PJ5fptkGePNz,,XRP.XRP,9999.0,=:ETH.ETH:0x7cF6465cDfFb584f74941E8c1FDAEd6388de45DA:564204014/1/0:naswap:30,2AC241D19035326903AFD939C00A614D7C151EE4F846A9CAF2897F0E3063F00D
2026-09-25 19:57:24,Bitget,rsiNZr8amajbBCQiWxeis8PJ5fptkGePNz,,XRP.XRP,9999.0,=:ETH.ETH:0x7cF6465cDfFb584f74941E8c1FDAEd6388de45DA:565102507/1/0:naswap:30,203BC9C84A4A8BE31FACC11DCFBDE603EEE8089CF5C201DB801D6DBEB06E4592
2026-09-25 19:57:43,Bitget,rsiNZr8amajbBCQiWxeis8PJ5fptkGePNz,,XRP.XRP,9999.0,=:ETH.ETH:0x7cF6465cDfFb584f74941E8c1FDAEd6388de45DA:564604316/1/0:naswap:30,50C1FFB90C49AF8C9978D29367EBB393AED3193D0A4E71870BC00115F08ACCB9
2026-09-25 19:57:56,Bitget,rsiNZr8amajbBCQiWxeis8PJ5fptkGePNz,,XRP.XRP,9999.0,=:ETH.ETH:0x7cF6465cDfFb584f74941E8c1FDAEd6388de45DA:564676337/1/0:naswap:30,8453B25090C5706DE31EB78E169D8FAFBBD33DB42B9D83D2711C1682A4CC3B15
2026-09-25 19:58:20,Bitget,rsiNZr8amajbBCQiWxeis8PJ5fptkGePNz,,XRP.XRP,9999.0,=:ETH.ETH:0x7cF6465cDfFb584f74941E8c1FDAEd6388de45DA:564204413/1/0:naswap:30,4CAC9B24E3EDF84EE8AA6F9AAEA001E239276D99C48DCD703AF32C65EC1A502C
2026-09-25 19:58:26,Bitget,rsiNZr8amajbBCQiWxeis8PJ5fptkGePNz,,XRP.XRP,9999.0,=:ETH.ETH:0x7cF6465cDfFb584f74941E8c1FDAEd6388de45DA:564753554/1/0:naswap:30,1F0F37D6261DF8A3E74018975ABF18AD6FC2C7FE12DDD15F74ED246527B68D22
2026-09-25 19:59:30,Bitget,rsiNZr8amajbBCQiWxeis8PJ5fptkGePNz,,XRP.XRP,9999.0,=:ETH.ETH:0x7cF6465cDfFb584f74941E8c1FDAEd6388de45DA:565732044/1/0:naswap:30,6618E75047FE527F9FBC66C105A6C133AE9E20AC058DA005F18AC1D8E49FB295
2026-09-25 20:00:23,Bitget,rsiNZr8amajbBCQiWxeis8PJ5fptkGePNz,,XRP.XRP,9582.375,=:ETH.ETH:0x7cF6465cDfFb584f74941E8c1FDAEd6388de45DA:565807657/1/0:naswap:30,86A33CD5F26BA773181AE7D72366772589922598A248A51A6C51771B8DD40E4D
2026-09-25 20:01:17,Bitget,rsiNZr8amajbBCQiWxeis8PJ5fptkGePNz,,XRP.XRP,9580.592278,=:ETH.ETH:0x7cF6465cDfFb584f74941E8c1FDAEd6388de45DA:541737237/1/0:naswap:30,474EB8E6C57A74F69159317C2CCDEA90F7A186935096B0394C291F60B209B5A1
2026-09-25 20:05:41,Bitget,rsiNZr8amajbBCQiWxeis8PJ5fptkGePNz,,XRP.XRP,416.625,,86A33CD5F26BA773181AE7D72366772589922598A248A51A6C51771B8DD40E4D
2026-09-25 20:09:08,Bitget,rsiNZr8amajbBCQiWxeis8PJ5fptkGePNz,,XRP.XRP,416.465427,=:ETH.ETH:0x7cF6465cDfFb584f74941E8c1FDAEd6388de45DA:23561197/1/0:naswap:30,72DD5A6F1693F7B3A37031D389C47E1AF112E9A77A7AEF600B5272B80EA3129D
2026-09-25 20:17:32,Bitget,rsiNZr8amajbBCQiWxeis8PJ5fptkGePNz,,XRP.XRP,9999.0,=:BTC.BTC:bc1qwgpdewdavtajyvea5c3v8atq9f89ctn3zyrhlc:18125562/1/0:naswap:30,612E09FFB820746FD5E806A5ECA2E7E7977F8CD1AC5B107AF7AE99B84DC75698
2026-09-25 20:18:03,Bitget,rsiNZr8amajbBCQiWxeis8PJ5fptkGePNz,,XRP.XRP,9999.0,=:BTC.BTC:bc1qwgpdewdavtajyvea5c3v8atq9f89ctn3zyrhlc:18125562/1/0:naswap:30,AD3EC95C07953D225D818D354613964513A129086F3D39B91436E025C7369B90
2026-09-25 20:18:23,Bitget,rsiNZr8amajbBCQiWxeis8PJ5fptkGePNz,,XRP.XRP,9999.0,=:BTC.BTC:bc1qwgpdewdavtajyvea5c3v8atq9f89ctn3zyrhlc:18125562/1/0:naswap:30,054B4055006A282E4541F59D411AE129498188A67DA97CA6D58AE2C9148AB821
2026-09-25 20:18:42,Bitget,rsiNZr8amajbBCQiWxeis8PJ5fptkGePNz,,XRP.XRP,9999.0,=:BTC.BTC:bc1qwgpdewdavtajyvea5c3v8atq9f89ctn3zyrhlc:18122635/1/0:naswap:30,5B7337AB0F0E713CBD3C3A0C18F688BAB50C81FCAC6062246DF5FED0C8A194B4
2026-09-25 20:18:58,Bitget,rsiNZr8amajbBCQiWxeis8PJ5fptkGePNz,,XRP.XRP,9999.0,=:BTC.BTC:bc1qwgpdewdavtajyvea5c3v8atq9f89ctn3zyrhlc:18126220/1/0:naswap:30,D297885200952578D3D27863C9E45F19C748A45AFCFC243598736FF524CE6893
2026-09-25 20:19:15,Bitget,rsiNZr8amajbBCQiWxeis8PJ5fptkGePNz,,XRP.XRP,9999.0,=:BTC.BTC:bc1qwgpdewdavtajyvea5c3v8atq9f89ctn3zyrhlc:18129683/1/0:naswap:30,E3C338E123E1F4CD9E300F3B5EC2F59623FAE6EF7E50893D20D48AFF56D9C72A
2026-09-25 20:19:51,Bitget,rsiNZr8amajbBCQiWxeis8PJ5fptkGePNz,,XRP.XRP,9999.0,=:BTC.BTC:bc1qwgpdewdavtajyvea5c3v8atq9f89ctn3zyrhlc:18122860/1/0:naswap:30,2D7B13CD7B401D20491E84B706880FD91D0AFB3E1037886C65E0A6E18420AA67
2026-09-25 20:20:14,Bitget,rsiNZr8amajbBCQiWxeis8PJ5fptkGePNz,,XRP.XRP,9999.0,=:BTC.BTC:bc1qwgpdewdavtajyvea5c3v8atq9f89ctn3zyrhlc:18128701/1/0:naswap:30,2C915A39CD78DEC9E35EC7C9D659A220E9EA299A40685015649CF6AF7456E995
2026-09-25 20:20:34,Bitget,rsiNZr8amajbBCQiWxeis8PJ5fptkGePNz,,XRP.XRP,9999.0,=:BTC.BTC:bc1qwgpdewdavtajyvea5c3v8atq9f89ctn3zyrhlc:18128071/1/0:naswap:30,83D664B28E1217A8E95A4D23D8F0C1FDA2F3BC1DDD3B5ED42157077BA7829648
2026-09-25 20:20:48,Bitget,rsiNZr8amajbBCQiWxeis8PJ5fptkGePNz,,XRP.XRP,9999.0,=:BTC.BTC:bc1qwgpdewdavtajyvea5c3v8atq9f89ctn3zyrhlc:18126914/1/0:naswap:30,FCE123DF7649E651930BFAE5BF0752A687BB49173912690D8B0A9791C36EE1E0
2026-09-25 20:21:23,Bitget,rsiNZr8amajbBCQiWxeis8PJ5fptkGePNz,,XRP.XRP,9999.0,=:BTC.BTC:bc1qwgpdewdavtajyvea5c3v8atq9f89ctn3zyrhlc:18126914/1/0:naswap:30,745F720C94C695C1B3B488A37D71C509D4109ACC591DAD5F9D75B0E7653DBBDA
2026-09-25 20:23:00,Bitget,rsiNZr8amajbBCQiWxeis8PJ5fptkGePNz,,XRP.XRP,9999.0,=:BTC.BTC:bc1qwgpdewdavtajyvea5c3v8atq9f89ctn3zyrhlc:18124588/1/0:naswap:30,498541AFFE426C04B20E7B35C1C0899E9A1784DDEE0978F7DB474F241A11F7EE
2026-09-25 20:23:24,Bitget,rsiNZr8amajbBCQiWxeis8PJ5fptkGePNz,,XRP.XRP,9999.0,=:BTC.BTC:bc1qwgpdewdavtajyvea5c3v8atq9f89ctn3zyrhlc:18132868/1/0:naswap:30,CD1ACFA74CF1C4D19F84FBACFED603753BAC4D37458985AE7995CD4D7D6451D5
2026-09-25 20:23:37,Bitget,rsiNZr8amajbBCQiWxeis8PJ5fptkGePNz,,XRP.XRP,9999.0,=:BTC.BTC:bc1qwgpdewdavtajyvea5c3v8atq9f89ctn3zyrhlc:18132865/1/0:naswap:30,1260264AF42FF532371433DD545D94C881960633124CFED3F993EB1649DFC9D9
2026-09-25 20:24:17,Bitget,rsiNZr8amajbBCQiWxeis8PJ5fptkGePNz,,XRP.XRP,9999.0,=:BTC.BTC:bc1qwgpdewdavtajyvea5c3v8atq9f89ctn3zyrhlc:18139089/1/0:naswap:30,48A580D2289E81E5AB18C63CC50A88E700279DE6A5322D3ED47315F416264357
2026-09-25 20:26:25,Bitget,rsiNZr8amajbBCQiWxeis8PJ5fptkGePNz,,XRP.XRP,9999.0,=:BTC.BTC:bc1qwgpdewdavtajyvea5c3v8atq9f89ctn3zyrhlc:18142008/1/0:naswap:30,3678E712770784B1333A3D59919CD51196D5541B5217FAD34BD99D2BF053B5F7
2026-09-25 20:27:27,Bitget,rsiNZr8amajbBCQiWxeis8PJ5fptkGePNz,,XRP.XRP,9999.0,=:BTC.BTC:bc1qwgpdewdavtajyvea5c3v8atq9f89ctn3zyrhlc:18145846/1/0:naswap:30,C75D9FCFE7C85A7834D4254B77AAD2218AE66AF58D5078E7096859D294D557D2
2026-09-25 20:28:40,Bitget,rsiNZr8amajbBCQiWxeis8PJ5fptkGePNz,,XRP.XRP,8919.89796,=:BTC.BTC:bc1qwgpdewdavtajyvea5c3v8atq9f89ctn3zyrhlc:16191413/1/0:naswap:30,C9038C4B3BEF89643ADB930AB8107B7773960BEFDB6D69BBC99E770FCEC58CA9
2026-09-25 20:47:51,Bitget,rsiNZr8amajbBCQiWxeis8PJ5fptkGePNz,,XRP.XRP,9999.0,=:BTC.BTC:bc1q9xpjrzvd7zhs200w7gctllyntqxj7wpvc5nrqp:18090794/1/0:naswap:30,7C8054E4B217CD78E2C6C51D651A4BD36B7123EEBF359C53E071749D14099A3A
2026-09-25 20:48:23,Bitget,rsiNZr8amajbBCQiWxeis8PJ5fptkGePNz,,XRP.XRP,9999.0,=:BTC.BTC:bc1q9xpjrzvd7zhs200w7gctllyntqxj7wpvc5nrqp:18097716/1/0:naswap:30,189AC6AB75B27B303644E730D349D842B9B7756B2E140951F32F5584E51B1BC4
2026-09-25 20:51:53,Bitget,rsiNZr8amajbBCQiWxeis8PJ5fptkGePNz,,XRP.XRP,9999.0,=:BTC.BTC:bc1q9xpjrzvd7zhs200w7gctllyntqxj7wpvc5nrqp:18072264/1/0:naswap:30,FAAEDC8379BF3385FEAB7BD5C254C3152779A14FF6C77053FF575697A54423DB
2026-09-25 20:52:06,Bitget,rsiNZr8amajbBCQiWxeis8PJ5fptkGePNz,,XRP.XRP,9999.0,=:BTC.BTC:bc1q9xpjrzvd7zhs200w7gctllyntqxj7wpvc5nrqp:18075150/1/0:naswap:30,7AE172F13F94DD64DB5F9EBC282694E0F53B6193DB550C602FF63C5A45F8A0CC
2026-09-25 20:53:56,Bitget,rsiNZr8amajbBCQiWxeis8PJ5fptkGePNz,,XRP.XRP,9999.0,=:BTC.BTC:bc1q9xpjrzvd7zhs200w7gctllyntqxj7wpvc5nrqp:18116399/1/0:naswap:30,128C2608F6E32C27E951C034C1C2784BB14738F2A8018AC25BAF4A853F379D83
2026-09-25 20:55:54,Bitget,rsiNZr8amajbBCQiWxeis8PJ5fptkGePNz,,XRP.XRP,9999.0,=:BTC.BTC:bc1q9xpjrzvd7zhs200w7gctllyntqxj7wpvc5nrqp:18072034/1/0:naswap:30,3C0FBF51D0D3E7D5B3AB616AF1ACBC4CE247A9FB86B0FF11F61605DCF820FE94
2026-09-25 20:58:15,Bitget,rsiNZr8amajbBCQiWxeis8PJ5fptkGePNz,,XRP.XRP,8749.125,=:BTC.BTC:bc1q9xpjrzvd7zhs200w7gctllyntqxj7wpvc5nrqp:18056295/1/0:naswap:30,AB91E2E4E4321A8006578BC9E4EA8B096CF731CB4710CCB06674DBF59E260686
2026-09-25 20:59:20,Bitget,rsiNZr8amajbBCQiWxeis8PJ5fptkGePNz,,XRP.XRP,9999.0,=:ETH.ETH:0x7cF6465cDfFb584f74941E8c1FDAEd6388de45DA:563915995/1/0:naswap:30,BFED0C3D4298A8B9ACBBED3CB3F2FD83FD15CFF8E13A841F36D54DFF60F942A5
2026-09-25 20:59:20,Bitget,rsiNZr8amajbBCQiWxeis8PJ5fptkGePNz,,XRP.XRP,9999.0,=:ETH.ETH:0x7cF6465cDfFb584f74941E8c1FDAEd6388de45DA:563956321/1/0:naswap:30,183B3F1156704C2887F9A5DF6BBA39F333DEB4EBF989B4549422C7FFB1B592AA
2026-09-25 21:01:38,Bitget,rsiNZr8amajbBCQiWxeis8PJ5fptkGePNz,,XRP.XRP,9165.75,=:ETH.ETH:0x7cF6465cDfFb584f74941E8c1FDAEd6388de45DA:564263727/1/0:naswap:30,F9F5596A34CC70B698016C05D9FB269736478E34C9BCA97712DA903DC072AD27
2026-09-25 21:01:38,Bitget,rsiNZr8amajbBCQiWxeis8PJ5fptkGePNz,,XRP.XRP,9999.0,=:ETH.ETH:0x7cF6465cDfFb584f74941E8c1FDAEd6388de45DA:564090726/1/0:naswap:30,6E32556643188537505F9D25A6EF388884526FF799DF98F6B813A3F3DC886104
2026-09-25 21:03:38,Bitget,rsiNZr8amajbBCQiWxeis8PJ5fptkGePNz,,XRP.XRP,8749.125,=:ETH.ETH:0x7cF6465cDfFb584f74941E8c1FDAEd6388de45DA:564134443/1/0:naswap:30,BD0BFFEBDC70440DB269B8237A9BAE1819B073590298E3CEB6FD916166B3EE99
2026-09-25 21:04:40,Bitget,rsiNZr8amajbBCQiWxeis8PJ5fptkGePNz,,XRP.XRP,9582.375,=:BTC.BTC:bc1qqqsqnqczjc4y2y2kad5zac06ugj3dnmg9rm3ck:18021704/1/0:naswap:30,C034EEC5BB7FC3A8730C68822F71E4A676DE17457B5A192679B6461F6C7D80E8
2026-09-25 21:05:06,Bitget,rsiNZr8amajbBCQiWxeis8PJ5fptkGePNz,,XRP.XRP,1249.875,,AB91E2E4E4321A8006578BC9E4EA8B096CF731CB4710CCB06674DBF59E260686
2026-09-25 21:06:14,Bitget,rsiNZr8amajbBCQiWxeis8PJ5fptkGePNz,,XRP.XRP,833.25,,F9F5596A34CC70B698016C05D9FB269736478E34C9BCA97712DA903DC072AD27
2026-09-25 21:07:07,Bitget,rsiNZr8amajbBCQiWxeis8PJ5fptkGePNz,,XRP.XRP,9999.0,=:ETH.ETH:0x7cF6465cDfFb584f74941E8c1FDAEd6388de45DA:563019087/1/0:naswap:30,8D55860538E95E3B24A296536D91A3C2CDC6AD615E681CEB3452F4BC2AB80166
2026-09-25 21:07:18,Bitget,rsiNZr8amajbBCQiWxeis8PJ5fptkGePNz,,XRP.XRP,9999.0,=:BTC.BTC:bc1qqqsqnqczjc4y2y2kad5zac06ugj3dnmg9rm3ck:18030824/1/0:naswap:30,78DE74B467075BF89FC28DC08BCFC1D9A3107D1B5C18B6C8B7F9591B0DEDA7E1
2026-09-25 21:07:24,Bitget,rsiNZr8amajbBCQiWxeis8PJ5fptkGePNz,,XRP.XRP,1249.875,,BD0BFFEBDC70440DB269B8237A9BAE1819B073590298E3CEB6FD916166B3EE99
2026-09-25 21:07:31,Bitget,rsiNZr8amajbBCQiWxeis8PJ5fptkGePNz,,XRP.XRP,9999.0,=:BTC.BTC:bc1qqqsqnqczjc4y2y2kad5zac06ugj3dnmg9rm3ck:18030557/1/0:naswap:30,088FB81BD396BD67434145961B49E5240147B91A7831AC22907CE23E1A18EE64
2026-09-25 21:08:32,Bitget,rsiNZr8amajbBCQiWxeis8PJ5fptkGePNz,,XRP.XRP,416.625,,C034EEC5BB7FC3A8730C68822F71E4A676DE17457B5A192679B6461F6C7D80E8
2026-09-25 21:09:44,Bitget,rsiNZr8amajbBCQiWxeis8PJ5fptkGePNz,,XRP.XRP,9999.0,=:BTC.BTC:bc1qqqsqnqczjc4y2y2kad5zac06ugj3dnmg9rm3ck:18040584/1/0:naswap:30,01DC235A9A9C791902EE2DA7B178F89C0618AA8791089EDE5920D43ABF699A9D
2026-09-25 21:15:23,Bitget,rsiNZr8amajbBCQiWxeis8PJ5fptkGePNz,,XRP.XRP,9999.0,=:BTC.BTC:bc1qqqsqnqczjc4y2y2kad5zac06ugj3dnmg9rm3ck:18010590/1/0:naswap:30,4980D012D4C4D42457A7FDD226909D02D54CE4E4FE6B33784CA4A1EE9EDAE58F
2026-09-25 21:15:23,Bitget,rsiNZr8amajbBCQiWxeis8PJ5fptkGePNz,,XRP.XRP,9999.0,=:ETH.ETH:0x7cF6465cDfFb584f74941E8c1FDAEd6388de45DA:562612011/1/0:naswap:30,732F4ABEE29BB9041EDF6D3F0FAD7004F2BED7A6FFB8E1BB917F2B6D18D5AC28
2026-09-25 21:18:51,Bitget,rsiNZr8amajbBCQiWxeis8PJ5fptkGePNz,,XRP.XRP,9999.0,=:BTC.BTC:bc1qqqsqnqczjc4y2y2kad5zac06ugj3dnmg9rm3ck:18011885/1/0:naswap:30,B2AEAE2534FB7D094871E308440DF2C12E5C585B3207ACAC070684F672541B94
2026-09-25 21:19:31,Bitget,rsiNZr8amajbBCQiWxeis8PJ5fptkGePNz,,XRP.XRP,9582.375,=:ETH.ETH:0x7cF6465cDfFb584f74941E8c1FDAEd6388de45DA:562801689/1/0:naswap:30,7657EB23A3DBED4764BCB11C59B57B1CB99CA5862F2DC92269C297ED1E9E5FA5
2026-09-25 21:19:31,Bitget,rsiNZr8amajbBCQiWxeis8PJ5fptkGePNz,,XRP.XRP,9582.375,=:ETH.ETH:0x7cF6465cDfFb584f74941E8c1FDAEd6388de45DA:562801689/1/0:naswap:30,0726144F68C85D0BF1E7EC2671D74E76BDDC3B1521B47B31E4F43828FD270BD3
2026-09-25 21:19:31,Bitget,rsiNZr8amajbBCQiWxeis8PJ5fptkGePNz,,XRP.XRP,9165.75,=:BTC.BTC:bc1qqqsqnqczjc4y2y2kad5zac06ugj3dnmg9rm3ck:18018976/1/0:naswap:30,191F90BB106566C5825AF7CA0381C5869BCBDF0A2D42DA8638FB65FC4B3AAF50
2026-09-25 21:22:55,Bitget,rsiNZr8amajbBCQiWxeis8PJ5fptkGePNz,,XRP.XRP,9999.0,=:BTC.BTC:bc1qqqsqnqczjc4y2y2kad5zac06ugj3dnmg9rm3ck:18028505/1/0:naswap:30,E885FDB534E4E163A6EF266A3DB45F478EAB4AAD200ED70E015CED2058315D94
2026-09-25 21:22:55,Bitget,rsiNZr8amajbBCQiWxeis8PJ5fptkGePNz,,XRP.XRP,9999.0,=:ETH.ETH:0x7cF6465cDfFb584f74941E8c1FDAEd6388de45DA:563119024/1/0:naswap:30,0DA925EF4D7E1309D29435F0DB2FB3088FB9D2E97AD97DF499C0A01AF949E8B3
2026-09-25 21:23:40,Bitget,rsiNZr8amajbBCQiWxeis8PJ5fptkGePNz,,XRP.XRP,833.25,,191F90BB106566C5825AF7CA0381C5869BCBDF0A2D42DA8638FB65FC4B3AAF50
2026-09-25 21:23:40,Bitget,rsiNZr8amajbBCQiWxeis8PJ5fptkGePNz,,XRP.XRP,416.625,,7657EB23A3DBED4764BCB11C59B57B1CB99CA5862F2DC92269C297ED1E9E5FA5
2026-09-25 21:23:40,Bitget,rsiNZr8amajbBCQiWxeis8PJ5fptkGePNz,,XRP.XRP,416.625,,0726144F68C85D0BF1E7EC2671D74E76BDDC3B1521B47B31E4F43828FD270BD3
2026-09-25 21:24:10,Bitget,rsiNZr8amajbBCQiWxeis8PJ5fptkGePNz,,XRP.XRP,9165.75,=:BTC.BTC:bc1qqqsqnqczjc4y2y2kad5zac06ugj3dnmg9rm3ck:18029581/1/0:naswap:30,0A447441A08FCCC608FF71543C1D0DACA2A626F67BC32AC7D8478293FAE6C4DC
2026-09-25 21:24:16,Bitget,rsiNZr8amajbBCQiWxeis8PJ5fptkGePNz,,XRP.XRP,9999.0,=:ETH.ETH:0x7cF6465cDfFb584f74941E8c1FDAEd6388de45DA:563639010/1/0:naswap:30,7B3BBC79FBC092EF72F8A0C919BEF01F7D29E34E5F2D245228D64C95BCC7EE3E
2026-09-25 21:25:15,Bitget,rsiNZr8amajbBCQiWxeis8PJ5fptkGePNz,,XRP.XRP,9165.75,=:BTC.BTC:bc1qqqsqnqczjc4y2y2kad5zac06ugj3dnmg9rm3ck:18016263/1/0:naswap:30,8F5C30F875A5D4E328E6C7ABCC2AAAAD96A5B050C95A3FC87175DCD34A7F6354
2026-09-25 21:25:22,Bitget,rsiNZr8amajbBCQiWxeis8PJ5fptkGePNz,,XRP.XRP,9582.375,=:ETH.ETH:0x7cF6465cDfFb584f74941E8c1FDAEd6388de45DA:562987279/1/0:naswap:30,6211165FC3B57B42704E9DD42E7472536E3D36ABFB4352C23947D9DB84618F68
2026-09-25 21:27:27,Bitget,rsiNZr8amajbBCQiWxeis8PJ5fptkGePNz,,XRP.XRP,833.25,,0A447441A08FCCC608FF71543C1D0DACA2A626F67BC32AC7D8478293FAE6C4DC
2026-09-25 21:28:19,Bitget,rsiNZr8amajbBCQiWxeis8PJ5fptkGePNz,,XRP.XRP,833.25,,8F5C30F875A5D4E328E6C7ABCC2AAAAD96A5B050C95A3FC87175DCD34A7F6354
2026-09-25 21:28:25,Bitget,rsiNZr8amajbBCQiWxeis8PJ5fptkGePNz,,XRP.XRP,416.625,,6211165FC3B57B42704E9DD42E7472536E3D36ABFB4352C23947D9DB84618F68
2026-09-25 21:30:28,Bitget,rsiNZr8amajbBCQiWxeis8PJ5fptkGePNz,,XRP.XRP,9999.0,=:BTC.BTC:bc1qqqsqnqczjc4y2y2kad5zac06ugj3dnmg9rm3ck:18022937/1/0:naswap:30,BA5C2EE181EA57897D61995B24EE291C402A7F8F34EC780F6B9AD44A8572425A
2026-09-25 21:30:57,Bitget,rsiNZr8amajbBCQiWxeis8PJ5fptkGePNz,,XRP.XRP,9582.375,=:BTC.BTC:bc1qqqsqnqczjc4y2y2kad5zac06ugj3dnmg9rm3ck:18025108/1/0:naswap:30,F63A02A6CDD100CE938C80164193398336D08D0425A134DB3715B7454B33A3E5
2026-09-25 21:31:10,Bitget,rsiNZr8amajbBCQiWxeis8PJ5fptkGePNz,,XRP.XRP,9999.0,=:BTC.BTC:bc1qqqsqnqczjc4y2y2kad5zac06ugj3dnmg9rm3ck:18025108/1/0:naswap:30,611CE115975D2F9060A4B7873895FDA3C2D619D568F8C7D301E822DF2EE0733A
2026-09-25 21:31:16,Bitget,rsiNZr8amajbBCQiWxeis8PJ5fptkGePNz,,XRP.XRP,9999.0,=:ETH.ETH:0x7cF6465cDfFb584f74941E8c1FDAEd6388de45DA:563150114/1/0:naswap:30,98B85F30010F75DB8EC43E72F24AFA24A0F9FFDAFF32EED98B1EBCB9DD57CDB2
2026-09-25 21:33:56,Bitget,rsiNZr8amajbBCQiWxeis8PJ5fptkGePNz,,XRP.XRP,416.625,,F63A02A6CDD100CE938C80164193398336D08D0425A134DB3715B7454B33A3E5
2026-09-25 21:34:48,Bitget,rsiNZr8amajbBCQiWxeis8PJ5fptkGePNz,,XRP.XRP,9999.0,=:BTC.BTC:bc1qqqsqnqczjc4y2y2kad5zac06ugj3dnmg9rm3ck:17982408/1/0:naswap:30,2C23FEDDC71D9D5EC80D91A1EB90975508A13F99729BBEB562EB2177B2C50DA2
2026-09-25 21:35:01,Bitget,rsiNZr8amajbBCQiWxeis8PJ5fptkGePNz,,XRP.XRP,9999.0,=:ETH.ETH:0x7cF6465cDfFb584f74941E8c1FDAEd6388de45DA:562319260/1/0:naswap:30,3124BC41B81C5768339918FEBFA704329B13BBB44DBAC2B6806A31A90A275721
2026-09-25 21:38:09,Bitget,rsiNZr8amajbBCQiWxeis8PJ5fptkGePNz,,XRP.XRP,9999.0,=:BTC.BTC:bc1qqqsqnqczjc4y2y2kad5zac06ugj3dnmg9rm3ck:17978495/1/0:naswap:30,98CB7381FB2320F13F06CC6A71803F968CD74DACC52B85AB768683EE9355E098
2026-09-25 21:38:29,Bitget,rsiNZr8amajbBCQiWxeis8PJ5fptkGePNz,,XRP.XRP,9999.0,=:BTC.BTC:bc1qqqsqnqczjc4y2y2kad5zac06ugj3dnmg9rm3ck:17989318/1/0:naswap:30,03723652E0E96B2EA4B6EC23774483BA61AA17D528AE5680737994C5C04F53B3
2026-09-25 21:38:42,Bitget,rsiNZr8amajbBCQiWxeis8PJ5fptkGePNz,,XRP.XRP,9999.0,=:ETH.ETH:0x7cF6465cDfFb584f74941E8c1FDAEd6388de45DA:562530268/1/0:naswap:30,5189354419818972799175337DF0219DCF01ABA85EB340CFB5330C8E1AF1BEF6
2026-09-25 21:38:55,Bitget,rsiNZr8amajbBCQiWxeis8PJ5fptkGePNz,,XRP.XRP,9582.375,=:BTC.BTC:bc1qqqsqnqczjc4y2y2kad5zac06ugj3dnmg9rm3ck:17991966/1/0:naswap:30,D753500A42E2365A4A9C1FAD4BBC99E0583072E2762C08B8D23C59E624E6A953
2026-09-25 21:39:14,Bitget,rsiNZr8amajbBCQiWxeis8PJ5fptkGePNz,,XRP.XRP,9999.0,=:BTC.BTC:bc1qqqsqnqczjc4y2y2kad5zac06ugj3dnmg9rm3ck:17995715/1/0:naswap:30,5FB65FFD8A0259157DCBCA02EE25C7F34363FCC5039E19991F2B06592C21C1A1
2026-09-25 21:39:59,Bitget,rsiNZr8amajbBCQiWxeis8PJ5fptkGePNz,,XRP.XRP,9582.375,=:BTC.BTC:bc1qqqsqnqczjc4y2y2kad5zac06ugj3dnmg9rm3ck:18000345/1/0:naswap:30,77FEEDB5E8F73E374F7D4C37973D76EB557EC110430A4542787CAE63EF145188
2026-09-25 21:40:12,Bitget,rsiNZr8amajbBCQiWxeis8PJ5fptkGePNz,,XRP.XRP,9999.0,=:BTC.BTC:bc1qqqsqnqczjc4y2y2kad5zac06ugj3dnmg9rm3ck:18000345/1/0:naswap:30,490F0702BEF3AF953ADE9E3CB064093A33D42089C77AB7516975DEBD8C4C0780
2026-09-25 21:41:34,Bitget,rsiNZr8amajbBCQiWxeis8PJ5fptkGePNz,,XRP.XRP,9999.0,=:BTC.BTC:bc1qqqsqnqczjc4y2y2kad5zac06ugj3dnmg9rm3ck:17991981/1/0:naswap:30,C1123EDB5CD72F95AA4B803222AFB03249A991F11A5CDE83C6A4B2941BF56B18
2026-09-25 21:41:50,Bitget,rsiNZr8amajbBCQiWxeis8PJ5fptkGePNz,,XRP.XRP,416.625,,D753500A42E2365A4A9C1FAD4BBC99E0583072E2762C08B8D23C59E624E6A953
2026-09-25 21:41:50,Bitget,rsiNZr8amajbBCQiWxeis8PJ5fptkGePNz,,XRP.XRP,9999.0,=:ETH.ETH:0x7cF6465cDfFb584f74941E8c1FDAEd6388de45DA:562187108/1/0:naswap:30,9D86CC251E947F5E1B6B9E5FC8561F91D17EC5EE992F5AA2B68BAD69699F191E
2026-09-25 21:42:53,Bitget,rsiNZr8amajbBCQiWxeis8PJ5fptkGePNz,,XRP.XRP,416.625,,77FEEDB5E8F73E374F7D4C37973D76EB557EC110430A4542787CAE63EF145188
2026-09-25 21:44:37,Bitget,rsiNZr8amajbBCQiWxeis8PJ5fptkGePNz,,XRP.XRP,9411.200535,=:BTC.BTC:bc1qqqsqnqczjc4y2y2kad5zac06ugj3dnmg9rm3ck:16945202/1/0:naswap:30,0E314041788D2CE9B13EEDCA127ECFA134B4FBDAE3298814D0A3859A301051A4
2026-09-25 21:51:53,Bitget,rsiNZr8amajbBCQiWxeis8PJ5fptkGePNz,,XRP.XRP,1249.549509,=:BTC.BTC:bc1qqqsqnqczjc4y2y2kad5zac06ugj3dnmg9rm3ck:2247408/1/0:naswap:30,5DACEE3B3FA848E9CD7EEB810F3AA7AC8DEDDE384CF9A6C6C2F43E7EC115488D
2026-09-25 22:06:32,Bitget,rsiNZr8amajbBCQiWxeis8PJ5fptkGePNz,,XRP.XRP,8578.276274,=:ETH.ETH:0x7cF6465cDfFb584f74941E8c1FDAEd6388de45DA:482268424/1/0:naswap:30,7EC064A271A9C7FA95BE41083948B74206E96C7E0B1B5036F5E5A3CF56260B7D
2026-09-25 22:06:32,Bitget,rsiNZr8amajbBCQiWxeis8PJ5fptkGePNz,,XRP.XRP,9999.0,=:BTC.BTC:bc1qlefjqqxwtd27wvl76wkhfwgpma2e2rlsg63uet:17991569/1/0:naswap:30,31A8CE88025D9096EDD647C1F244436F4DC6A4449102BE89DB66D0E6EB15C7B7
2026-09-25 22:06:48,Bitget,rsiNZr8amajbBCQiWxeis8PJ5fptkGePNz,,XRP.XRP,999.0,=:BTC.BTC:bc1qlefjqqxwtd27wvl76wkhfwgpma2e2rlsg63uet:1797598/1/0:naswap:30,4CCD38D70B518CA252BBE3C31E91527DDB3E1FEA8E9EFA3525FF99D624AB9253
2026-09-25 22:07:05,Bitget,rsiNZr8amajbBCQiWxeis8PJ5fptkGePNz,,XRP.XRP,9999.0,=:BTC.BTC:bc1qlefjqqxwtd27wvl76wkhfwgpma2e2rlsg63uet:17998807/1/0:naswap:30,493CEC53FE6C02A3494B284F51A1CA8B5930AE325F9A7A7255D67993414A14CC
2026-09-25 22:07:22,Bitget,rsiNZr8amajbBCQiWxeis8PJ5fptkGePNz,,XRP.XRP,9999.0,=:BTC.BTC:bc1qlefjqqxwtd27wvl76wkhfwgpma2e2rlsg63uet:17998809/1/0:naswap:30,37C4AE8E5945117F1B671DC4F635AAF349C1221A0E6172DC4DF9F501D963645F
2026-09-25 22:07:54,Bitget,rsiNZr8amajbBCQiWxeis8PJ5fptkGePNz,,XRP.XRP,9999.0,=:BTC.BTC:bc1qlefjqqxwtd27wvl76wkhfwgpma2e2rlsg63uet:17998809/1/0:naswap:30,29F28F4E43874A76463FD82254F1A8A7623ED8B18A3FB8B932FF05914B493CF9
2026-09-25 22:33:19,Bitget,rsiNZr8amajbBCQiWxeis8PJ5fptkGePNz,,XRP.XRP,9999.0,=:BTC.BTC:bc1qlefjqqxwtd27wvl76wkhfwgpma2e2rlsg63uet:18098953/1/0:naswap:30,D3630C0CFFE0DDE98E0FF8CE2FCA009AE914E97E73F91300A6EC46801B5AE7C2
2026-09-25 22:34:32,Bitget,rsiNZr8amajbBCQiWxeis8PJ5fptkGePNz,,XRP.XRP,9999.0,=:ETH.ETH:0x7cF6465cDfFb584f74941E8c1FDAEd6388de45DA:565016515/1/0:naswap:30,88A60FC079762C9C236E5B8E4FEF5514B69A99BB759453AE92E7EDDBA9EC682D
2026-09-25 22:34:50,Bitget,rsiNZr8amajbBCQiWxeis8PJ5fptkGePNz,,XRP.XRP,9999.0,=:BTC.BTC:bc1qe9rd6j4q9zp3u8lden05vvfhukl7n3evvn5vqd:18108916/1/0:naswap:30,8689B733114AA0E416CE391ED8F322CE69D3E0E06906008FEA4B5DDCCE351FE4
2026-09-25 22:35:09,Bitget,rsiNZr8amajbBCQiWxeis8PJ5fptkGePNz,,XRP.XRP,9999.0,=:ETH.ETH:0x7cF6465cDfFb584f74941E8c1FDAEd6388de45DA:564658082/1/0:naswap:30,41D22AC93E87715770062576DBFFBEF239B353479C727C4CD401BAFB609ECC16
2026-09-25 22:35:15,Bitget,rsiNZr8amajbBCQiWxeis8PJ5fptkGePNz,,XRP.XRP,9999.0,=:BTC.BTC:bc1qe9rd6j4q9zp3u8lden05vvfhukl7n3evvn5vqd:18099682/1/0:naswap:30,E47707B5A77A2E14F12F2145F6CD21213CAA026C86BF3EB60182B750E855D859
2026-09-25 22:35:39,Bitget,rsiNZr8amajbBCQiWxeis8PJ5fptkGePNz,,XRP.XRP,9999.0,=:BTC.BTC:bc1qe9rd6j4q9zp3u8lden05vvfhukl7n3evvn5vqd:18107933/1/0:naswap:30,6DEF110BD071D698B35B01CC48D89218A4643D568785DBF7CB50945DD278A954
2026-09-25 22:35:51,Bitget,rsiNZr8amajbBCQiWxeis8PJ5fptkGePNz,,XRP.XRP,9582.375,=:BTC.BTC:bc1qe9rd6j4q9zp3u8lden05vvfhukl7n3evvn5vqd:18094832/1/0:naswap:30,E57A43808A1226DD6429149259D73797FBFAD940CAEE44A7F63686E5AFD89109
2026-09-25 22:36:22,Bitget,rsiNZr8amajbBCQiWxeis8PJ5fptkGePNz,,XRP.XRP,9999.0,=:BTC.BTC:bc1qe9rd6j4q9zp3u8lden05vvfhukl7n3evvn5vqd:18102910/1/0:naswap:30,D15A0FD471A9378D58D9EB86F51FAB127F0099087E92563E55883878D7A16296
2026-09-25 22:36:22,Bitget,rsiNZr8amajbBCQiWxeis8PJ5fptkGePNz,,XRP.XRP,9999.0,=:ETH.ETH:0x7cF6465cDfFb584f74941E8c1FDAEd6388de45DA:564702600/1/0:naswap:30,7327950B1CDAF8A6DB37CB066BB38E50F8D52A79000FB14EC5245A546F7B87D4
2026-09-25 22:37:43,Bitget,rsiNZr8amajbBCQiWxeis8PJ5fptkGePNz,,XRP.XRP,9999.0,=:BTC.BTC:bc1qe9rd6j4q9zp3u8lden05vvfhukl7n3evvn5vqd:18125962/1/0:naswap:30,6C8955174BBB73EAC3A260F51E50BD256911FB77C66ABD2AC5250A5DC676905E
2026-09-25 22:38:11,Bitget,rsiNZr8amajbBCQiWxeis8PJ5fptkGePNz,,XRP.XRP,9999.0,=:BTC.BTC:bc1qe9rd6j4q9zp3u8lden05vvfhukl7n3evvn5vqd:18125962/1/0:naswap:30,79768C5E9B9E4584D7D0599486923BBB396B83407C16B3168BF84C31A8064A44
2026-09-25 22:38:35,Bitget,rsiNZr8amajbBCQiWxeis8PJ5fptkGePNz,,XRP.XRP,416.625,,E57A43808A1226DD6429149259D73797FBFAD940CAEE44A7F63686E5AFD89109
2026-09-25 22:38:35,Bitget,rsiNZr8amajbBCQiWxeis8PJ5fptkGePNz,,XRP.XRP,9999.0,=:BTC.BTC:bc1qe9rd6j4q9zp3u8lden05vvfhukl7n3evvn5vqd:18124442/1/0:naswap:30,C4BD938C2671F1DCDA9E9887929CF2621361B8B84084F467DDB75CBC1EB51112
2026-09-25 22:39:17,Bitget,rsiNZr8amajbBCQiWxeis8PJ5fptkGePNz,,XRP.XRP,9999.0,=:ETH.ETH:0x7cF6465cDfFb584f74941E8c1FDAEd6388de45DA:565530400/1/0:naswap:30,B6F1D857AE2AB9008E550F61AE00FEE9FAE53F33DBB8429647A614471C55B564
2026-09-25 22:40:22,Bitget,rsiNZr8amajbBCQiWxeis8PJ5fptkGePNz,,XRP.XRP,9999.0,=:ETH.ETH:0x7cF6465cDfFb584f74941E8c1FDAEd6388de45DA:565530400/1/0:naswap:30,67962092E86DD9453B702EAF8F3AB451187926E8F1E3604B30DCFE1FED4830F3
2026-09-25 22:40:48,Bitget,rsiNZr8amajbBCQiWxeis8PJ5fptkGePNz,,XRP.XRP,9999.0,=:BTC.BTC:bc1qe9rd6j4q9zp3u8lden05vvfhukl7n3evvn5vqd:18127477/1/0:naswap:30,F5D36B501ECB2FDB3CB57DC62947E5D089085A84FAE15557466EEF319D7963CD
2026-09-25 22:43:00,Bitget,rsiNZr8amajbBCQiWxeis8PJ5fptkGePNz,,XRP.XRP,9999.0,=:BTC.BTC:bc1qe9rd6j4q9zp3u8lden05vvfhukl7n3evvn5vqd:18123677/1/0:naswap:30,918D7233698671E612C0AFBF11689A295E803E7426A1BB0177997A7BFF271CF9
2026-09-25 22:43:00,Bitget,rsiNZr8amajbBCQiWxeis8PJ5fptkGePNz,,XRP.XRP,9999.0,=:ETH.ETH:0x7cF6465cDfFb584f74941E8c1FDAEd6388de45DA:565801057/1/0:naswap:30,19218024440A2130DE5A145F5B9BC13F63D29797514DB5762D5ECFF0CCBEB544
2026-09-25 22:43:48,Bitget,rsiNZr8amajbBCQiWxeis8PJ5fptkGePNz,,XRP.XRP,6685.099198,=:BTC.BTC:bc1qe9rd6j4q9zp3u8lden05vvfhukl7n3evvn5vqd:12118318/1/0:naswap:30,4B5C08064E43F1CFDAE43C89F1B260D96656E2B1DA469005757DBCB7B86F1FC8
2026-09-26 01:49:33,Bitget,rsiNZr8amajbBCQiWxeis8PJ5fptkGePNz,,XRP.XRP,9999.0,=:BTC.BTC:bc1q0lqe28t55lw0nqvck9dylhke94xpx60thxpudw:18190152/1/0:naswap:30,1A825D892C4E994D3890FF0418CECCEF92BE189D7422B791EED9E02CA68A33F2
2026-09-26 01:49:45,Bitget,rsiNZr8amajbBCQiWxeis8PJ5fptkGePNz,,XRP.XRP,9999.0,=:ETH.ETH:0x7cF6465cDfFb584f74941E8c1FDAEd6388de45DA:567745109/1/0:naswap:30,01004EC584C94EDDCEE2C0BE6B48C2CDBA29F8059A4C185F673BBD392C7A1862
2026-09-26 01:49:52,Bitget,rsiNZr8amajbBCQiWxeis8PJ5fptkGePNz,,XRP.XRP,9999.0,=:BTC.BTC:bc1q0lqe28t55lw0nqvck9dylhke94xpx60thxpudw:18183228/1/0:naswap:30,175CB478D66F0B226F01C5B88B55D06EDE924AF8CDCC84084625542E9BBD7755
2026-09-26 01:50:05,Bitget,rsiNZr8amajbBCQiWxeis8PJ5fptkGePNz,,XRP.XRP,9999.0,=:ETH.ETH:0x7cF6465cDfFb584f74941E8c1FDAEd6388de45DA:567531112/1/0:naswap:30,B9927B31475DA6AD8F0FAAD6465EABA396D7FA6073776D34A99F47B3165F5C1D
2026-09-26 01:50:11,Bitget,rsiNZr8amajbBCQiWxeis8PJ5fptkGePNz,,XRP.XRP,9999.0,=:BTC.BTC:bc1q0lqe28t55lw0nqvck9dylhke94xpx60thxpudw:18195923/1/0:naswap:30,251B95EECDE93889A90F625DC7EAB0CF0B7A5743646CE307456F80CA29F402BB
2026-09-26 01:51:13,Bitget,rsiNZr8amajbBCQiWxeis8PJ5fptkGePNz,,XRP.XRP,9999.0,=:BTC.BTC:bc1q0lqe28t55lw0nqvck9dylhke94xpx60thxpudw:18193320/1/0:naswap:30,5B62FB993E21643535FFA56CC9BD896DC415B4F1421749A92453329262EC8ACC
2026-09-26 01:51:38,Bitget,rsiNZr8amajbBCQiWxeis8PJ5fptkGePNz,,XRP.XRP,9582.375,=:BTC.BTC:bc1q0lqe28t55lw0nqvck9dylhke94xpx60thxpudw:18190112/1/0:naswap:30,B18C756AEAC2AF99DDC5EF2B722F798A48B6A575C23CA5CBF6A9E179C588DA34
2026-09-26 01:51:57,Bitget,rsiNZr8amajbBCQiWxeis8PJ5fptkGePNz,,XRP.XRP,9582.375,=:BTC.BTC:bc1q0lqe28t55lw0nqvck9dylhke94xpx60thxpudw:18175086/1/0:naswap:30,F054B9E311F133218E66CAF5A575CC37ADD1A40AAEA24C757CEEE7D862C32930
2026-09-26 01:51:57,Bitget,rsiNZr8amajbBCQiWxeis8PJ5fptkGePNz,,XRP.XRP,9999.0,=:ETH.ETH:0x7cF6465cDfFb584f74941E8c1FDAEd6388de45DA:567242970/1/0:naswap:30,6CF452A0E551C2761FBB1B1EBD302FE661DDEA940A164E26D509B6733B66724E
2026-09-26 01:52:10,Bitget,rsiNZr8amajbBCQiWxeis8PJ5fptkGePNz,,XRP.XRP,9582.375,=:BTC.BTC:bc1q0lqe28t55lw0nqvck9dylhke94xpx60thxpudw:18176241/1/0:naswap:30,E48A1D7E9F3CC6C95BC632554A6E73FA7193F3BFCF0C64702C5994CDDF1E9DA4
2026-09-26 01:53:36,Bitget,rsiNZr8amajbBCQiWxeis8PJ5fptkGePNz,,XRP.XRP,9999.0,=:BTC.BTC:bc1q0lqe28t55lw0nqvck9dylhke94xpx60thxpudw:18191983/1/0:naswap:30,A7173B17F2DAEC86B8EB68729825D6D79E853E12B307F956F5483DCA2A21EC1A
2026-09-26 01:53:50,Bitget,rsiNZr8amajbBCQiWxeis8PJ5fptkGePNz,,XRP.XRP,9999.0,=:BTC.BTC:bc1q0lqe28t55lw0nqvck9dylhke94xpx60thxpudw:18200060/1/0:naswap:30,B2D5EE1079DD8A18FF8EE7035A3B446FC18A8C09599A85F45A78AE03F9EC324B
2026-09-26 01:54:09,Bitget,rsiNZr8amajbBCQiWxeis8PJ5fptkGePNz,,XRP.XRP,9999.0,=:BTC.BTC:bc1q0lqe28t55lw0nqvck9dylhke94xpx60thxpudw:18194291/1/0:naswap:30,61B78A7E187FF90D0F0731E4193528907D951575F4D2F3AEDFF59AD223556134
2026-09-26 01:54:33,Bitget,rsiNZr8amajbBCQiWxeis8PJ5fptkGePNz,,XRP.XRP,9999.0,=:ETH.ETH:0x7cF6465cDfFb584f74941E8c1FDAEd6388de45DA:567767938/1/0:naswap:30,D69814EA4C61F70FEB4EEB9D043973A7E480830063938B326E6E998FD0914AFA
2026-09-26 01:54:40,Bitget,rsiNZr8amajbBCQiWxeis8PJ5fptkGePNz,,XRP.XRP,9999.0,=:BTC.BTC:bc1q0lqe28t55lw0nqvck9dylhke94xpx60thxpudw:18197084/1/0:naswap:30,59B791B227E00EBE239EEFF84C5AF1A7E7335AC41C55D6AD6AA80CBE8E8BA126
2026-09-26 01:54:47,Bitget,rsiNZr8amajbBCQiWxeis8PJ5fptkGePNz,,XRP.XRP,9999.0,=:BTC.BTC:bc1q0lqe28t55lw0nqvck9dylhke94xpx60thxpudw:18202854/1/0:naswap:30,410A56A82F5ECDF3936E88C44E5AACBBD525F2116A883182AB7F714F951C3519
2026-09-26 01:54:58,Bitget,rsiNZr8amajbBCQiWxeis8PJ5fptkGePNz,,XRP.XRP,416.625,,B18C756AEAC2AF99DDC5EF2B722F798A48B6A575C23CA5CBF6A9E179C588DA34
2026-09-26 01:54:58,Bitget,rsiNZr8amajbBCQiWxeis8PJ5fptkGePNz,,XRP.XRP,9999.0,=:ETH.ETH:0x7cF6465cDfFb584f74941E8c1FDAEd6388de45DA:567944030/1/0:naswap:30,B18170B397CD54F8383D498EE13948613F97423304C4AB18F07B85C80CF57C81
2026-09-26 01:55:16,Bitget,rsiNZr8amajbBCQiWxeis8PJ5fptkGePNz,,XRP.XRP,416.625,,F054B9E311F133218E66CAF5A575CC37ADD1A40AAEA24C757CEEE7D862C32930
2026-09-26 01:55:29,Bitget,rsiNZr8amajbBCQiWxeis8PJ5fptkGePNz,,XRP.XRP,416.625,,E48A1D7E9F3CC6C95BC632554A6E73FA7193F3BFCF0C64702C5994CDDF1E9DA4
2026-09-26 01:56:29,Bitget,rsiNZr8amajbBCQiWxeis8PJ5fptkGePNz,,XRP.XRP,9582.375,=:BTC.BTC:bc1q0lqe28t55lw0nqvck9dylhke94xpx60thxpudw:18182452/1/0:naswap:30,1E1E15E2BEA2265B8240D539D6E6B617CE577B3F92A165B7C2EA38214C2FCA67
2026-09-26 01:56:50,Bitget,rsiNZr8amajbBCQiWxeis8PJ5fptkGePNz,,XRP.XRP,9999.0,=:BTC.BTC:bc1q0lqe28t55lw0nqvck9dylhke94xpx60thxpudw:18173219/1/0:naswap:30,A98EC9680A1266B7FAE3434044BCCCB3F53B384337A136D479F4D76CB2511759
2026-09-26 01:56:57,Bitget,rsiNZr8amajbBCQiWxeis8PJ5fptkGePNz,,XRP.XRP,9999.0,=:ETH.ETH:0x7cF6465cDfFb584f74941E8c1FDAEd6388de45DA:567327647/1/0:naswap:30,8C8140EAA133E3D3B8E6E7D32DB9662E1D1037AB9C10CB9C314800E6CA3C7025
2026-09-26 01:57:39,Bitget,rsiNZr8amajbBCQiWxeis8PJ5fptkGePNz,,XRP.XRP,9999.0,=:ETH.ETH:0x7cF6465cDfFb584f74941E8c1FDAEd6388de45DA:567346207/1/0:naswap:30,32DEE3041796A88B7D255A03852D40C7F067E576E8B622FE257EE02A5C66233F
2026-09-26 01:58:11,Bitget,rsiNZr8amajbBCQiWxeis8PJ5fptkGePNz,,XRP.XRP,9582.375,=:BTC.BTC:bc1q0lqe28t55lw0nqvck9dylhke94xpx60thxpudw:18173166/1/0:naswap:30,B538B3164D1C14EE8C3836B129A3F7B3A6E2C1A7D50589A33A2D5A0D074326F4
2026-09-26 01:58:11,Bitget,rsiNZr8amajbBCQiWxeis8PJ5fptkGePNz,,XRP.XRP,9999.0,=:ETH.ETH:0x7cF6465cDfFb584f74941E8c1FDAEd6388de45DA:567439526/1/0:naswap:30,08B6E90AA0E127E967BDF023B53EB55ADF93EFD11B290B3BB1837CFAE140D3AF
2026-09-26 01:58:17,Bitget,rsiNZr8amajbBCQiWxeis8PJ5fptkGePNz,,XRP.XRP,9999.0,=:BTC.BTC:bc1q0lqe28t55lw0nqvck9dylhke94xpx60thxpudw:18173166/1/0:naswap:30,570E95D5DB428F833ACE66E43B0E101B916DE7AFB5BE08BBDC89EBC7FAD8ED75
2026-09-26 01:58:57,Bitget,rsiNZr8amajbBCQiWxeis8PJ5fptkGePNz,,XRP.XRP,9999.0,=:BTC.BTC:bc1q0lqe28t55lw0nqvck9dylhke94xpx60thxpudw:18173166/1/0:naswap:30,49AB59D991FA48511472C77FF46673C5532C7DF62361A39D460221895375A364
2026-09-26 01:59:35,Bitget,rsiNZr8amajbBCQiWxeis8PJ5fptkGePNz,,XRP.XRP,416.625,,1E1E15E2BEA2265B8240D539D6E6B617CE577B3F92A165B7C2EA38214C2FCA67
2026-09-26 02:00:00,Bitget,rsiNZr8amajbBCQiWxeis8PJ5fptkGePNz,,XRP.XRP,9999.0,=:BTC.BTC:bc1q0lqe28t55lw0nqvck9dylhke94xpx60thxpudw:18181788/1/0:naswap:30,DE44247580B06A6F9BE4CC0B02944139AF285F0036A866356948A97B20E22ED1
2026-09-26 02:00:12,Bitget,rsiNZr8amajbBCQiWxeis8PJ5fptkGePNz,,XRP.XRP,9999.0,=:ETH.ETH:0x7cF6465cDfFb584f74941E8c1FDAEd6388de45DA:567670786/1/0:naswap:30,7F36448FCF2AFEB4301807AE53D0FC006F17A3E50BDC10B518A575A560B0171B
2026-09-26 02:00:42,Bitget,rsiNZr8amajbBCQiWxeis8PJ5fptkGePNz,,XRP.XRP,9999.0,=:BTC.BTC:bc1q0lqe28t55lw0nqvck9dylhke94xpx60thxpudw:18181788/1/0:naswap:30,53783AC549F47BD856471A65F09D8DE0C1C6ADDDE328042432A94573703349F6
2026-09-26 02:00:49,Bitget,rsiNZr8amajbBCQiWxeis8PJ5fptkGePNz,,XRP.XRP,9999.0,=:ETH.ETH:0x7cF6465cDfFb584f74941E8c1FDAEd6388de45DA:567477657/1/0:naswap:30,9A0909977BA3B0F03B1CB40056ABF7B216EAFD4B2B8FAA39A6BBE506EC01BAB0
2026-09-26 02:01:12,Bitget,rsiNZr8amajbBCQiWxeis8PJ5fptkGePNz,,XRP.XRP,416.625,,B538B3164D1C14EE8C3836B129A3F7B3A6E2C1A7D50589A33A2D5A0D074326F4
2026-09-26 02:02:09,Bitget,rsiNZr8amajbBCQiWxeis8PJ5fptkGePNz,,XRP.XRP,9999.0,=:BTC.BTC:bc1q0lqe28t55lw0nqvck9dylhke94xpx60thxpudw:18154671/1/0:naswap:30,4C8002C394E26BC4BE24AF1299783BA3148CAF47A771582538817B952F876B3C
2026-09-26 02:03:52,Bitget,rsiNZr8amajbBCQiWxeis8PJ5fptkGePNz,,XRP.XRP,9999.0,=:BTC.BTC:bc1q0lqe28t55lw0nqvck9dylhke94xpx60thxpudw:18167828/1/0:naswap:30,9BA8EDA7658701B05AFEDC281E178662A4F60DA032E73068BEEA66A70A611CA4
2026-09-26 02:04:03,Bitget,rsiNZr8amajbBCQiWxeis8PJ5fptkGePNz,,XRP.XRP,9999.0,=:ETH.ETH:0x7cF6465cDfFb584f74941E8c1FDAEd6388de45DA:567421881/1/0:naswap:30,2982968CF83D65BA5754793C816BBF3E9839E9D6D63788334933400F800BC702
2026-09-26 02:04:22,Bitget,rsiNZr8amajbBCQiWxeis8PJ5fptkGePNz,,XRP.XRP,9999.0,=:BTC.BTC:bc1q0lqe28t55lw0nqvck9dylhke94xpx60thxpudw:18158594/1/0:naswap:30,6EE6B55168F742A64D5F26345710D965F62C6C1C55C204355F438948D3B65A7F
2026-09-26 02:05:32,Bitget,rsiNZr8amajbBCQiWxeis8PJ5fptkGePNz,,XRP.XRP,9999.0,=:BTC.BTC:bc1q0lqe28t55lw0nqvck9dylhke94xpx60thxpudw:18158594/1/0:naswap:30,A164F51F39D35FCDD04E9785E16A337DC967523AE1C3C65F4947AE2774628DBA
2026-09-26 02:06:39,Bitget,rsiNZr8amajbBCQiWxeis8PJ5fptkGePNz,,XRP.XRP,9999.0,=:BTC.BTC:bc1q0lqe28t55lw0nqvck9dylhke94xpx60thxpudw:18171959/1/0:naswap:30,B326821623513CED2CF2BA5B0D4D90B40CDF79DE2D05189BCC1132F1E7AC3562
2026-09-26 02:07:20,Bitget,rsiNZr8amajbBCQiWxeis8PJ5fptkGePNz,,XRP.XRP,9999.0,=:BTC.BTC:bc1q0lqe28t55lw0nqvck9dylhke94xpx60thxpudw:18170806/1/0:naswap:30,5DD11D0113D6B55969ACB01C604DD60953C9CEF4F43010550D7972809E647959
2026-09-26 02:07:33,Bitget,rsiNZr8amajbBCQiWxeis8PJ5fptkGePNz,,XRP.XRP,9999.0,=:BTC.BTC:bc1q0lqe28t55lw0nqvck9dylhke94xpx60thxpudw:18164457/1/0:naswap:30,1BB18154F2185CFD8CB87654AFE30F024636009894258CDD141DAB78D2D4699A
2026-09-26 02:09:12,Bitget,rsiNZr8amajbBCQiWxeis8PJ5fptkGePNz,,XRP.XRP,9999.0,=:BTC.BTC:bc1q0lqe28t55lw0nqvck9dylhke94xpx60thxpudw:18155236/1/0:naswap:30,C4CBB7D0A8B7E7BF812F81614E6EF477A5D659319537AD04FDA9F614F50C07E6
2026-09-26 02:09:18,Bitget,rsiNZr8amajbBCQiWxeis8PJ5fptkGePNz,,XRP.XRP,9999.0,=:ETH.ETH:0x7cF6465cDfFb584f74941E8c1FDAEd6388de45DA:566750634/1/0:naswap:30,C25881D6AB15E27DD00F358AE6E202183A400F16332DF0ED8A73C393DE8BE1EC
2026-09-26 02:10:23,Bitget,rsiNZr8amajbBCQiWxeis8PJ5fptkGePNz,,XRP.XRP,9999.0,=:BTC.BTC:bc1q0lqe28t55lw0nqvck9dylhke94xpx60thxpudw:18153702/1/0:naswap:30,C90EAFAFC59A5A18183E57466BF508CB484D4BF950B0DB27F529B7ED508B50EE
2026-09-26 02:10:30,Bitget,rsiNZr8amajbBCQiWxeis8PJ5fptkGePNz,,XRP.XRP,9999.0,=:ETH.ETH:0x7cF6465cDfFb584f74941E8c1FDAEd6388de45DA:566661257/1/0:naswap:30,4918FC3CBE4374C1619A8A4FBDEEF2D16D87794F34CDD84C337629B7796F0C17
2026-09-26 02:10:45,Bitget,rsiNZr8amajbBCQiWxeis8PJ5fptkGePNz,,XRP.XRP,9999.0,=:BTC.BTC:bc1q0lqe28t55lw0nqvck9dylhke94xpx60thxpudw:18152550/1/0:naswap:30,4E49A8BC3028C7DF7CE206BEF5A16DED2881B9D02D41FD29E99A74FBF029659D
2026-09-26 02:11:05,Bitget,rsiNZr8amajbBCQiWxeis8PJ5fptkGePNz,,XRP.XRP,9999.0,=:ETH.ETH:0x7cF6465cDfFb584f74941E8c1FDAEd6388de45DA:566593408/1/0:naswap:30,FAEE7029B85DEC0B3F15173AAB2E913989BB6C64D1C0F0DDC92CBFA5E7E53AB8
2026-09-26 02:11:11,Bitget,rsiNZr8amajbBCQiWxeis8PJ5fptkGePNz,,XRP.XRP,9999.0,=:BTC.BTC:bc1q0lqe28t55lw0nqvck9dylhke94xpx60thxpudw:18147157/1/0:naswap:30,147BB4BFEDED0AAB22B372572A55A360464EB59AAF6BCEC4311A3EE50FDB03DE
2026-09-26 02:11:17,Bitget,rsiNZr8amajbBCQiWxeis8PJ5fptkGePNz,,XRP.XRP,9999.0,=:ETH.ETH:0x7cF6465cDfFb584f74941E8c1FDAEd6388de45DA:566733554/1/0:naswap:30,40C296710CDF8B222A09D834E5A775F8EED3E9F53926D097A7C325FF295A3CFD
2026-09-26 02:12:04,Bitget,rsiNZr8amajbBCQiWxeis8PJ5fptkGePNz,,XRP.XRP,9999.0,=:ETH.ETH:0x7cF6465cDfFb584f74941E8c1FDAEd6388de45DA:566545507/1/0:naswap:30,6DA085A81095B3A99DFE555CB473898C91737D7076C40C9F7A04A93AEDA0A1DC
2026-09-26 02:14:46,Bitget,rsiNZr8amajbBCQiWxeis8PJ5fptkGePNz,,XRP.XRP,9999.0,=:BTC.BTC:bc1q0lqe28t55lw0nqvck9dylhke94xpx60thxpudw:18153420/1/0:naswap:30,7FA230C28D6FD7AE7818AB44F4FB93D4FEC19C746CF82033D2464F2952EEA885
2026-09-26 02:15:01,Bitget,rsiNZr8amajbBCQiWxeis8PJ5fptkGePNz,,XRP.XRP,9564.26086957,=:BTC.BTC:bc1q0lqe28t55lw0nqvck9dylhke94xpx60thxpudw:18152824/1/0:naswap:30,42A936899CDAA9F131B1868B523BFA07B2CD54A7313C320741DDF8BCC09A12A7
2026-09-26 02:18:12,Bitget,rsiNZr8amajbBCQiWxeis8PJ5fptkGePNz,,XRP.XRP,434.73913043,,42A936899CDAA9F131B1868B523BFA07B2CD54A7313C320741DDF8BCC09A12A7
2026-09-26 02:19:39,Bitget,rsiNZr8amajbBCQiWxeis8PJ5fptkGePNz,,XRP.XRP,7932.211094,=:BTC.BTC:bc1q0lqe28t55lw0nqvck9dylhke94xpx60thxpudw:14379927/1/0:naswap:30,1E562D180CE796B061970D65DAFC1EC09796EF400AFFDBB9F3FC344C28830C48
2026-09-26 02:32:04,Bitget,rsiNZr8amajbBCQiWxeis8PJ5fptkGePNz,,XRP.XRP,8260.04347828,=:BTC.BTC:bc1q0lqe28t55lw0nqvck9dylhke94xpx60thxpudw:18105364/1/0:naswap:30,2B8D4CE9BE1B04A657EF85F8CBDAF8C340B015771CB6E447711BCCF9DCDE5C2E
2026-09-26 02:37:07,Bitget,rsiNZr8amajbBCQiWxeis8PJ5fptkGePNz,,XRP.XRP,1738.95652172,,2B8D4CE9BE1B04A657EF85F8CBDAF8C340B015771CB6E447711BCCF9DCDE5C2E
2026-09-26 02:43:54,Bitget,rsiNZr8amajbBCQiWxeis8PJ5fptkGePNz,,XRP.XRP,7499.25,=:ETH.ETH:0x7cF6465cDfFb584f74941E8c1FDAEd6388de45DA:564401763/1/0:naswap:30,22F737F6E4014A5CF9B00986AD1A81B7593985B26DC0FEB76DD16D91558EC4E3
2026-09-26 02:47:22,Bitget,rsiNZr8amajbBCQiWxeis8PJ5fptkGePNz,,XRP.XRP,9999.0,,B76C36B623767B1F4ECCCBEB56F590D498FFB5175D678E9A4EA6EDBDB89A5CE7
2026-09-26 02:47:22,Bitget,rsiNZr8amajbBCQiWxeis8PJ5fptkGePNz,,XRP.XRP,2499.75,,22F737F6E4014A5CF9B00986AD1A81B7593985B26DC0FEB76DD16D91558EC4E3
2026-09-26 02:54:37,Bitget,rsiNZr8amajbBCQiWxeis8PJ5fptkGePNz,,XRP.XRP,9564.26086957,=:BTC.BTC:bc1qqxxfh9utd0e8w3f5wmuep558rhcegtq8885628:18068384/1/0:naswap:30,042182138B42B0A107CFFB4416F5B2C635C1C6BF25D8787127F0D1EB209663DD
2026-09-26 02:57:17,Bitget,rsiNZr8amajbBCQiWxeis8PJ5fptkGePNz,,XRP.XRP,434.73913043,,042182138B42B0A107CFFB4416F5B2C635C1C6BF25D8787127F0D1EB209663DD
2026-09-26 02:57:55,Bitget,rsiNZr8amajbBCQiWxeis8PJ5fptkGePNz,,XRP.XRP,9999.0,=:BTC.BTC:bc1qqxxfh9utd0e8w3f5wmuep558rhcegtq8885628:18073001/1/0:naswap:30,8334531611936A152465E9DBA3FC4D44EA1CFBBDFBB3F0C1B597281F65A8B007
2026-09-26 03:07:44,Bitget,rsiNZr8amajbBCQiWxeis8PJ5fptkGePNz,,XRP.XRP,9999.0,=:BTC.BTC:bc1qqxxfh9utd0e8w3f5wmuep558rhcegtq8885628:18046129/1/0:naswap:30,597D8B32D5DE9010847A21ADEFE4F163B31A2FC7EC288A8C9EB793185039694B
2026-09-26 03:08:48,Bitget,rsiNZr8amajbBCQiWxeis8PJ5fptkGePNz,,XRP.XRP,9999.0,=:BTC.BTC:bc1qqxxfh9utd0e8w3f5wmuep558rhcegtq8885628:18043093/1/0:naswap:30,E0B3B4AB2F12D7405FD9094E9B0D3D99B6E7DA8FFF41F3408DCDA235F8ED9933
2026-09-26 03:11:34,Bitget,rsiNZr8amajbBCQiWxeis8PJ5fptkGePNz,,XRP.XRP,9999.0,=:BTC.BTC:bc1qqxxfh9utd0e8w3f5wmuep558rhcegtq8885628:18016199/1/0:naswap:30,C70F09C83ED1B77A5130E12A565A9B4D1820B6A07CB17D8C3A30D0E1CC457CFE
2026-09-26 03:13:09,Bitget,rsiNZr8amajbBCQiWxeis8PJ5fptkGePNz,,XRP.XRP,9564.26086957,=:BTC.BTC:bc1qqxxfh9utd0e8w3f5wmuep558rhcegtq8885628:18006643/1/0:naswap:30,3163751A2651077FB95F5909C55F88CAE1F3A93407D7C1D32F7F7641B8BD2FE6
2026-09-26 03:14:06,Bitget,rsiNZr8amajbBCQiWxeis8PJ5fptkGePNz,,XRP.XRP,9129.52173914,=:BTC.BTC:bc1qqxxfh9utd0e8w3f5wmuep558rhcegtq8885628:17994748/1/0:naswap:30,6F68C62C103C6C867FE809188A9A3D3AB2E987B83170B1384C2BCF2050DD069D
2026-09-26 03:18:50,Bitget,rsiNZr8amajbBCQiWxeis8PJ5fptkGePNz,,XRP.XRP,434.73913043,,3163751A2651077FB95F5909C55F88CAE1F3A93407D7C1D32F7F7641B8BD2FE6
2026-09-26 03:19:32,Bitget,rsiNZr8amajbBCQiWxeis8PJ5fptkGePNz,,XRP.XRP,5651.6086957,=:BTC.BTC:bc1qqxxfh9utd0e8w3f5wmuep558rhcegtq8885628:18031018/1/0:naswap:30,33ED132DB674CF9B3E9DB9BF382FA5E23EDB57EFFC0A52A36549B6BCE9EA8920
2026-09-26 03:19:41,Bitget,rsiNZr8amajbBCQiWxeis8PJ5fptkGePNz,,XRP.XRP,869.47826086,,6F68C62C103C6C867FE809188A9A3D3AB2E987B83170B1384C2BCF2050DD069D
2026-09-26 03:22:09,Bitget,rsiNZr8amajbBCQiWxeis8PJ5fptkGePNz,,XRP.XRP,4347.3913043,,33ED132DB674CF9B3E9DB9BF382FA5E23EDB57EFFC0A52A36549B6BCE9EA8920
2026-09-26 03:24:08,Bitget,rsiNZr8amajbBCQiWxeis8PJ5fptkGePNz,,XRP.XRP,8694.78260871,=:BTC.BTC:bc1qqxxfh9utd0e8w3f5wmuep558rhcegtq8885628:18022941/1/0:naswap:30,AC6D3C3424F617749D6E537484B147464FEA4AA5618180254101931DA3455147
2026-09-26 03:24:08,Bitget,rsiNZr8amajbBCQiWxeis8PJ5fptkGePNz,,XRP.XRP,9564.26086957,=:ETH.ETH:0x7cF6465cDfFb584f74941E8c1FDAEd6388de45DA:562704316/1/0:naswap:30,658178EBA9A79C9FE2ECA8549D705963745C3F147063CC73E06C7F20C9E94C73
2026-09-26 03:24:38,Bitget,rsiNZr8amajbBCQiWxeis8PJ5fptkGePNz,,XRP.XRP,7390.56521742,=:BTC.BTC:bc1qqxxfh9utd0e8w3f5wmuep558rhcegtq8885628:18025250/1/0:naswap:30,6E4C1871B8AC5858B56E4302B62846B6ACAEB3EFC0E8413DD8FC879378FC246D
2026-09-26 03:24:38,Bitget,rsiNZr8amajbBCQiWxeis8PJ5fptkGePNz,,XRP.XRP,8260.04347828,=:BTC.BTC:bc1qqxxfh9utd0e8w3f5wmuep558rhcegtq8885628:18022937/1/0:naswap:30,1765E81DCB40EBF5F14B0F0C6EFA0886CD07BC931E63CBBF6D5B6B939FFEDED3
2026-09-26 03:25:50,Bitget,rsiNZr8amajbBCQiWxeis8PJ5fptkGePNz,,XRP.XRP,6086.34782613,=:BTC.BTC:bc1qqxxfh9utd0e8w3f5wmuep558rhcegtq8885628:18021224/1/0:naswap:30,C1B38235E4B1239CED4561EBCB8F50BBF1A9F14DA95F8A105A1B1D98150C0514
2026-09-26 03:25:50,Bitget,rsiNZr8amajbBCQiWxeis8PJ5fptkGePNz,,XRP.XRP,8694.78260871,=:BTC.BTC:bc1qqxxfh9utd0e8w3f5wmuep558rhcegtq8885628:18025843/1/0:naswap:30,0B06B88685CC937AE6A691AA947162D5F1B7D21B3815A2A44DBA62591A6E7514
2026-09-26 03:30:27,Bitget,rsiNZr8amajbBCQiWxeis8PJ5fptkGePNz,,XRP.XRP,1304.21739129,,AC6D3C3424F617749D6E537484B147464FEA4AA5618180254101931DA3455147
2026-09-26 03:30:27,Bitget,rsiNZr8amajbBCQiWxeis8PJ5fptkGePNz,,XRP.XRP,434.73913043,,658178EBA9A79C9FE2ECA8549D705963745C3F147063CC73E06C7F20C9E94C73
2026-09-26 03:31:07,Bitget,rsiNZr8amajbBCQiWxeis8PJ5fptkGePNz,,XRP.XRP,2608.43478258,,6E4C1871B8AC5858B56E4302B62846B6ACAEB3EFC0E8413DD8FC879378FC246D
2026-09-26 03:31:07,Bitget,rsiNZr8amajbBCQiWxeis8PJ5fptkGePNz,,XRP.XRP,1738.95652172,,1765E81DCB40EBF5F14B0F0C6EFA0886CD07BC931E63CBBF6D5B6B939FFEDED3
2026-09-26 03:31:13,Bitget,rsiNZr8amajbBCQiWxeis8PJ5fptkGePNz,,XRP.XRP,3912.65217387,,C1B38235E4B1239CED4561EBCB8F50BBF1A9F14DA95F8A105A1B1D98150C0514
2026-09-26 03:31:13,Bitget,rsiNZr8amajbBCQiWxeis8PJ5fptkGePNz,,XRP.XRP,1304.21739129,,0B06B88685CC937AE6A691AA947162D5F1B7D21B3815A2A44DBA62591A6E7514
2026-09-26 03:31:41,Bitget,rsiNZr8amajbBCQiWxeis8PJ5fptkGePNz,,XRP.XRP,9564.26086957,=:BTC.BTC:bc1qqxxfh9utd0e8w3f5wmuep558rhcegtq8885628:18030658/1/0:naswap:30,962C2EBA6900CED1DB80A913C3ED5CD7C019163BC8DD4226F9899C82B903C664
2026-09-26 03:31:41,Bitget,rsiNZr8amajbBCQiWxeis8PJ5fptkGePNz,,XRP.XRP,9999.0,=:ETH.ETH:0x7cF6465cDfFb584f74941E8c1FDAEd6388de45DA:563180876/1/0:naswap:30,C5CC5A0B1C158C3D7C8BFA27C3C12D14A76FC56EED594DB331DCFFFF18DE8711
2026-09-26 03:33:31,Bitget,rsiNZr8amajbBCQiWxeis8PJ5fptkGePNz,,XRP.XRP,9564.26086957,=:BTC.BTC:bc1qqxxfh9utd0e8w3f5wmuep558rhcegtq8885628:18042768/1/0:naswap:30,1745DA3185CC6C2F32D7C76352A812D6C4A01B9E6134A98EF09FB2DF5EEA69AE
2026-09-26 03:33:31,Bitget,rsiNZr8amajbBCQiWxeis8PJ5fptkGePNz,,XRP.XRP,9999.0,=:ETH.ETH:0x7cF6465cDfFb584f74941E8c1FDAEd6388de45DA:563356443/1/0:naswap:30,921CF835DC633BC6B081B750BB04CF577C427E7F214AEF83E5B375584A47AB10
2026-09-26 03:36:43,Bitget,rsiNZr8amajbBCQiWxeis8PJ5fptkGePNz,,XRP.XRP,434.73913043,,962C2EBA6900CED1DB80A913C3ED5CD7C019163BC8DD4226F9899C82B903C664
2026-09-26 03:37:14,Bitget,rsiNZr8amajbBCQiWxeis8PJ5fptkGePNz,,XRP.XRP,434.73913043,,1745DA3185CC6C2F32D7C76352A812D6C4A01B9E6134A98EF09FB2DF5EEA69AE
2026-09-26 03:38:56,Bitget,rsiNZr8amajbBCQiWxeis8PJ5fptkGePNz,,XRP.XRP,9564.26086957,=:BTC.BTC:bc1qqxxfh9utd0e8w3f5wmuep558rhcegtq8885628:18026480/1/0:naswap:30,E165E73773755E8034C80BFD7497C837BEE3E4EAA35ECF241E5606D784CE1589
2026-09-26 03:39:09,Bitget,rsiNZr8amajbBCQiWxeis8PJ5fptkGePNz,,XRP.XRP,9564.26086957,=:ETH.ETH:0x7cF6465cDfFb584f74941E8c1FDAEd6388de45DA:562906873/1/0:naswap:30,D5AFA73D008EC4F74E9BB3BD6AF632592CA7F9C6DB73FFB0EE187C7D2E6F9136
2026-09-26 03:40:24,Bitget,rsiNZr8amajbBCQiWxeis8PJ5fptkGePNz,,XRP.XRP,9564.26086957,=:BTC.BTC:bc1qqxxfh9utd0e8w3f5wmuep558rhcegtq8885628:18026187/1/0:naswap:30,6E17360D1E3807C4AB5E2173B3F2FC0A5D8B01DD285C227EF8E26B505377DC5F
2026-09-26 03:41:23,Bitget,rsiNZr8amajbBCQiWxeis8PJ5fptkGePNz,,XRP.XRP,9564.26086957,=:BTC.BTC:bc1qqxxfh9utd0e8w3f5wmuep558rhcegtq8885628:18018432/1/0:naswap:30,839B990B161068E9BBA88DDF47747E2352B9597052BB6672651ADD14C5FC659B
2026-09-26 03:41:36,Bitget,rsiNZr8amajbBCQiWxeis8PJ5fptkGePNz,,XRP.XRP,434.73913043,,E165E73773755E8034C80BFD7497C837BEE3E4EAA35ECF241E5606D784CE1589
2026-09-26 03:41:49,Bitget,rsiNZr8amajbBCQiWxeis8PJ5fptkGePNz,,XRP.XRP,434.73913043,,D5AFA73D008EC4F74E9BB3BD6AF632592CA7F9C6DB73FFB0EE187C7D2E6F9136
2026-09-26 03:43:38,Bitget,rsiNZr8amajbBCQiWxeis8PJ5fptkGePNz,,XRP.XRP,434.73913043,,6E17360D1E3807C4AB5E2173B3F2FC0A5D8B01DD285C227EF8E26B505377DC5F
2026-09-26 03:44:12,Bitget,rsiNZr8amajbBCQiWxeis8PJ5fptkGePNz,,XRP.XRP,9564.26086957,=:BTC.BTC:bc1qqxxfh9utd0e8w3f5wmuep558rhcegtq8885628:18001428/1/0:naswap:30,58E01CA9A2DEA77FC0A790A26CBD59EB56B7FCAE97FE6894BD8E30DF0DDBBB0C
2026-09-26 03:44:24,Bitget,rsiNZr8amajbBCQiWxeis8PJ5fptkGePNz,,XRP.XRP,9564.26086957,=:BTC.BTC:bc1qqxxfh9utd0e8w3f5wmuep558rhcegtq8885628:18007203/1/0:naswap:30,24710CC9B1939B8E865A9BD9D53FD364B74BEAAC49263C988334A709DC9D18E0
2026-09-26 03:45:42,Bitget,rsiNZr8amajbBCQiWxeis8PJ5fptkGePNz,,XRP.XRP,434.73913043,,839B990B161068E9BBA88DDF47747E2352B9597052BB6672651ADD14C5FC659B
2026-09-26 03:46:15,Bitget,rsiNZr8amajbBCQiWxeis8PJ5fptkGePNz,,XRP.XRP,8260.04347828,=:BTC.BTC:bc1qqxxfh9utd0e8w3f5wmuep558rhcegtq8885628:18008789/1/0:naswap:30,5874570DF734FD95E950104954750F2C1F6EB64D48224D1B5934EFB08446C3F6
2026-09-26 03:46:15,Bitget,rsiNZr8amajbBCQiWxeis8PJ5fptkGePNz,,XRP.XRP,9129.52173914,=:BTC.BTC:bc1qqxxfh9utd0e8w3f5wmuep558rhcegtq8885628:18005322/1/0:naswap:30,0685404D04ED6EA857A1FA611C3614052E8E3E24D3DDF0C56FAAC14A48284674
2026-09-26 03:46:15,Bitget,rsiNZr8amajbBCQiWxeis8PJ5fptkGePNz,,XRP.XRP,9564.26086957,=:ETH.ETH:0x7cF6465cDfFb584f74941E8c1FDAEd6388de45DA:562233327/1/0:naswap:30,2F6D4D2BC7433047C5E03223CB76DA67F7FBC16D755109A980FD3960F9BA79B0
2026-09-26 03:48:05,Bitget,rsiNZr8amajbBCQiWxeis8PJ5fptkGePNz,,XRP.XRP,7825.30434785,=:BTC.BTC:bc1qqxxfh9utd0e8w3f5wmuep558rhcegtq8885628:18015551/1/0:naswap:30,FD9D7143BB4941DD1074730B7FCD9ECDD999F1E2460B88F224741C61FA4D1A9D
2026-09-26 03:49:12,Bitget,rsiNZr8amajbBCQiWxeis8PJ5fptkGePNz,,XRP.XRP,434.73913043,,58E01CA9A2DEA77FC0A790A26CBD59EB56B7FCAE97FE6894BD8E30DF0DDBBB0C
2026-09-26 03:49:19,Bitget,rsiNZr8amajbBCQiWxeis8PJ5fptkGePNz,,XRP.XRP,434.73913043,,24710CC9B1939B8E865A9BD9D53FD364B74BEAAC49263C988334A709DC9D18E0
2026-09-26 03:49:48,Bitget,rsiNZr8amajbBCQiWxeis8PJ5fptkGePNz,,XRP.XRP,434.73913043,,2F6D4D2BC7433047C5E03223CB76DA67F7FBC16D755109A980FD3960F9BA79B0
2026-09-26 03:49:48,Bitget,rsiNZr8amajbBCQiWxeis8PJ5fptkGePNz,,XRP.XRP,1738.95652172,,5874570DF734FD95E950104954750F2C1F6EB64D48224D1B5934EFB08446C3F6
2026-09-26 03:49:48,Bitget,rsiNZr8amajbBCQiWxeis8PJ5fptkGePNz,,XRP.XRP,869.47826086,,0685404D04ED6EA857A1FA611C3614052E8E3E24D3DDF0C56FAAC14A48284674
2026-09-26 03:50:33,Bitget,rsiNZr8amajbBCQiWxeis8PJ5fptkGePNz,,XRP.XRP,9564.26086957,=:BTC.BTC:bc1qqxxfh9utd0e8w3f5wmuep558rhcegtq8885628:18023214/1/0:naswap:30,FAC3CEAFBF46472C6535132EAB9461D8A5A1DCBE17D7E3296C39E98907933746
2026-09-26 03:50:53,Bitget,rsiNZr8amajbBCQiWxeis8PJ5fptkGePNz,,XRP.XRP,2173.69565215,,FD9D7143BB4941DD1074730B7FCD9ECDD999F1E2460B88F224741C61FA4D1A9D
2026-09-26 03:50:53,Bitget,rsiNZr8amajbBCQiWxeis8PJ5fptkGePNz,,XRP.XRP,9129.52173914,=:BTC.BTC:bc1qqxxfh9utd0e8w3f5wmuep558rhcegtq8885628:18015127/1/0:naswap:30,7B06C6AC732B4F090DFD1889F1E4F2DD983E7A1C44EF928BEEB9B9E297F65E90
2026-09-26 03:51:22,Bitget,rsiNZr8amajbBCQiWxeis8PJ5fptkGePNz,,XRP.XRP,8260.04347828,=:BTC.BTC:bc1qqxxfh9utd0e8w3f5wmuep558rhcegtq8885628:18013971/1/0:naswap:30,612AA83062F4DE5D07E953E121CAB5F0FC324FFDDA8F843B940E16E0749C1EDF
2026-09-26 03:51:49,Bitget,rsiNZr8amajbBCQiWxeis8PJ5fptkGePNz,,XRP.XRP,5651.6086957,=:BTC.BTC:bc1qqxxfh9utd0e8w3f5wmuep558rhcegtq8885628:18010051/1/0:naswap:30,FC0D210F01E58067C2894E3E68984B45AA7129774B8E0DF3699A842B74531AD0
2026-09-26 03:51:49,Bitget,rsiNZr8amajbBCQiWxeis8PJ5fptkGePNz,,XRP.XRP,7825.30434785,=:BTC.BTC:bc1qqxxfh9utd0e8w3f5wmuep558rhcegtq8885628:18010048/1/0:naswap:30,C082ABEEEBA7716F4E910EBD5CEF323D116EB26735A35FB48E680B2F553646DF
2026-09-26 03:51:49,Bitget,rsiNZr8amajbBCQiWxeis8PJ5fptkGePNz,,XRP.XRP,9129.52173914,=:ETH.ETH:0x7cF6465cDfFb584f74941E8c1FDAEd6388de45DA:562478010/1/0:naswap:30,CD2E42DA4BC20FC0B4B29CB8F558AB2AA494F2F1771E367671BD1AEF613FB3DF
2026-09-26 03:55:23,Bitget,rsiNZr8amajbBCQiWxeis8PJ5fptkGePNz,,XRP.XRP,434.73913043,,FAC3CEAFBF46472C6535132EAB9461D8A5A1DCBE17D7E3296C39E98907933746
2026-09-26 03:55:29,Bitget,rsiNZr8amajbBCQiWxeis8PJ5fptkGePNz,,XRP.XRP,9564.26086957,=:ETH.ETH:0x7cF6465cDfFb584f74941E8c1FDAEd6388de45DA:562306014/1/0:naswap:30,FBAC36DFCA2C00C3008CC8E3F6177CEAA6C12F5D575E3D3D29AB603AC8BA407C
2026-09-26 03:55:29,Bitget,rsiNZr8amajbBCQiWxeis8PJ5fptkGePNz,,XRP.XRP,9564.26086957,=:ETH.ETH:0x7cF6465cDfFb584f74941E8c1FDAEd6388de45DA:562303922/1/0:naswap:30,E77B7457467AC014E2D9373BEDA72F720B4C0E9E5F44C61E6B8B00B953BAA0AF
2026-09-26 03:55:29,Bitget,rsiNZr8amajbBCQiWxeis8PJ5fptkGePNz,,XRP.XRP,8694.78260871,=:BTC.BTC:bc1qqxxfh9utd0e8w3f5wmuep558rhcegtq8885628:18003560/1/0:naswap:30,D52C61D1625D3831380A6C5F3D23AF943B1980979FEB5F98961989787A3287E8
2026-09-26 03:55:29,Bitget,rsiNZr8amajbBCQiWxeis8PJ5fptkGePNz,,XRP.XRP,9564.26086957,=:BTC.BTC:bc1qqxxfh9utd0e8w3f5wmuep558rhcegtq8885628:18008144/1/0:naswap:30,0860C87E32717A7DBF89A663DC3F9DA66B4FE609F3953D7F36510DDDAD926041
2026-09-26 03:56:16,Bitget,rsiNZr8amajbBCQiWxeis8PJ5fptkGePNz,,XRP.XRP,869.47826086,,7B06C6AC732B4F090DFD1889F1E4F2DD983E7A1C44EF928BEEB9B9E297F65E90
2026-09-26 03:56:44,Bitget,rsiNZr8amajbBCQiWxeis8PJ5fptkGePNz,,XRP.XRP,9999.0,=:ETH.ETH:0x7cF6465cDfFb584f74941E8c1FDAEd6388de45DA:562450352/1/0:naswap:30,AF1011B28D0877C41A491403A9822D6023B0530FD192F49307F774BCFB97E74C
2026-09-26 03:57:15,Bitget,rsiNZr8amajbBCQiWxeis8PJ5fptkGePNz,,XRP.XRP,1738.95652172,,612AA83062F4DE5D07E953E121CAB5F0FC324FFDDA8F843B940E16E0749C1EDF
2026-09-26 03:57:38,Bitget,rsiNZr8amajbBCQiWxeis8PJ5fptkGePNz,,XRP.XRP,2173.69565215,,C082ABEEEBA7716F4E910EBD5CEF323D116EB26735A35FB48E680B2F553646DF
2026-09-26 03:57:44,Bitget,rsiNZr8amajbBCQiWxeis8PJ5fptkGePNz,,XRP.XRP,4347.3913043,,FC0D210F01E58067C2894E3E68984B45AA7129774B8E0DF3699A842B74531AD0
2026-09-26 03:57:44,Bitget,rsiNZr8amajbBCQiWxeis8PJ5fptkGePNz,,XRP.XRP,869.47826086,,CD2E42DA4BC20FC0B4B29CB8F558AB2AA494F2F1771E367671BD1AEF613FB3DF
2026-09-26 03:57:57,Bitget,rsiNZr8amajbBCQiWxeis8PJ5fptkGePNz,,XRP.XRP,9999.0,=:BTC.BTC:bc1qqxxfh9utd0e8w3f5wmuep558rhcegtq8885628:18014861/1/0:naswap:30,29EBC1A843732B70BA9CF223D2A6BAA708701FCBBD980A7350D54EC91028A078
2026-09-26 03:58:24,Bitget,rsiNZr8amajbBCQiWxeis8PJ5fptkGePNz,,XRP.XRP,9999.0,=:BTC.BTC:bc1qqxxfh9utd0e8w3f5wmuep558rhcegtq8885628:18011396/1/0:naswap:30,6DF29D64A8371D2C668E1876F32984734A68ECB8D44B7C04EA7626D2FA07CA1C
2026-09-26 03:58:24,Bitget,rsiNZr8amajbBCQiWxeis8PJ5fptkGePNz,,XRP.XRP,9999.0,=:ETH.ETH:0x7cF6465cDfFb584f74941E8c1FDAEd6388de45DA:562497408/1/0:naswap:30,243879CE75AB3254C84C556BF495D57AB8DA57337BDF2BE255476A0525E92018
2026-09-26 03:59:37,Bitget,rsiNZr8amajbBCQiWxeis8PJ5fptkGePNz,,XRP.XRP,9999.0,=:BTC.BTC:bc1qqxxfh9utd0e8w3f5wmuep558rhcegtq8885628:18011707/1/0:naswap:30,63857D5B02CBAB758DD4B25CCEB1A2A4212A0D684D3A32194444037ECA40A8DF
2026-09-26 03:59:37,Bitget,rsiNZr8amajbBCQiWxeis8PJ5fptkGePNz,,XRP.XRP,9999.0,=:ETH.ETH:0x7cF6465cDfFb584f74941E8c1FDAEd6388de45DA:562461325/1/0:naswap:30,776E399CAA7B1497516D97D9C5EA64CCFCBEDF78BF549EC0B338F0F8F9F938ED
2026-09-26 03:59:52,Bitget,rsiNZr8amajbBCQiWxeis8PJ5fptkGePNz,,XRP.XRP,434.73913043,,FBAC36DFCA2C00C3008CC8E3F6177CEAA6C12F5D575E3D3D29AB603AC8BA407C
2026-09-26 03:59:52,Bitget,rsiNZr8amajbBCQiWxeis8PJ5fptkGePNz,,XRP.XRP,434.73913043,,E77B7457467AC014E2D9373BEDA72F720B4C0E9E5F44C61E6B8B00B953BAA0AF
2026-09-26 03:59:52,Bitget,rsiNZr8amajbBCQiWxeis8PJ5fptkGePNz,,XRP.XRP,1304.21739129,,D52C61D1625D3831380A6C5F3D23AF943B1980979FEB5F98961989787A3287E8
2026-09-26 03:59:52,Bitget,rsiNZr8amajbBCQiWxeis8PJ5fptkGePNz,,XRP.XRP,434.73913043,,0860C87E32717A7DBF89A663DC3F9DA66B4FE609F3953D7F36510DDDAD926041
2026-09-26 04:00:14,Bitget,rsiNZr8amajbBCQiWxeis8PJ5fptkGePNz,,XRP.XRP,9999.0,=:BTC.BTC:bc1qqxxfh9utd0e8w3f5wmuep558rhcegtq8885628:18008241/1/0:naswap:30,6025DBB9925C9521788F1CB8F16AA875DC155CE9254E2651A6E9F6F21E43CAA3
2026-09-26 04:00:27,Bitget,rsiNZr8amajbBCQiWxeis8PJ5fptkGePNz,,XRP.XRP,9564.26086957,=:BTC.BTC:bc1qqxxfh9utd0e8w3f5wmuep558rhcegtq8885628:18007927/1/0:naswap:30,9B957B31C303E73903C71ACADAD7F030920E5AD1F471DC50D548D6A838DAA72D
2026-09-26 04:00:39,Bitget,rsiNZr8amajbBCQiWxeis8PJ5fptkGePNz,,XRP.XRP,9564.26086957,=:BTC.BTC:bc1qqxxfh9utd0e8w3f5wmuep558rhcegtq8885628:18006772/1/0:naswap:30,9B25EFE1257B822EE5648FBD70B741F872212A21DDFC2D4D505C4EF55C81E8FB
2026-09-26 04:01:35,Bitget,rsiNZr8amajbBCQiWxeis8PJ5fptkGePNz,,XRP.XRP,7390.56521742,=:BTC.BTC:bc1qqxxfh9utd0e8w3f5wmuep558rhcegtq8885628:18012225/1/0:naswap:30,FFF62357975CD67D8CC7EE1301CBF400A9A8D859ABB1D206C96D73DBD6875719
2026-09-26 04:01:35,Bitget,rsiNZr8amajbBCQiWxeis8PJ5fptkGePNz,,XRP.XRP,9564.26086957,=:ETH.ETH:0x7cF6465cDfFb584f74941E8c1FDAEd6388de45DA:562469642/1/0:naswap:30,B8D3B7D02C44A291FC4FFB41B1E6CFF5AC2C95BF81FD86840E6C83741DAA7183
2026-09-26 04:03:25,Bitget,rsiNZr8amajbBCQiWxeis8PJ5fptkGePNz,,XRP.XRP,8694.78260871,=:BTC.BTC:bc1qqxxfh9utd0e8w3f5wmuep558rhcegtq8885628:18022357/1/0:naswap:30,D4528AB2C59B3F354EFC225BA1662285C8D45FAB47944AA7BF6BDAADED08BF57
2026-09-26 04:03:25,Bitget,rsiNZr8amajbBCQiWxeis8PJ5fptkGePNz,,XRP.XRP,8694.78260871,=:BTC.BTC:bc1qqxxfh9utd0e8w3f5wmuep558rhcegtq8885628:18022357/1/0:naswap:30,AAA7E066C2B3677AAE1204BFDB5E10D8388FB22FF3512C52A0EBEF7C03392A3D
2026-09-26 04:03:49,Bitget,rsiNZr8amajbBCQiWxeis8PJ5fptkGePNz,,XRP.XRP,9129.52173914,=:BTC.BTC:bc1qqxxfh9utd0e8w3f5wmuep558rhcegtq8885628:18026974/1/0:naswap:30,1F4DE4F7ECECBDD2FDC81833888A0A1F5BC2BDD4C1CD9305B122182A3BA8D22F
2026-09-26 04:04:56,Bitget,rsiNZr8amajbBCQiWxeis8PJ5fptkGePNz,,XRP.XRP,434.73913043,,9B957B31C303E73903C71ACADAD7F030920E5AD1F471DC50D548D6A838DAA72D
2026-09-26 04:05:13,Bitget,rsiNZr8amajbBCQiWxeis8PJ5fptkGePNz,,XRP.XRP,434.73913043,,9B25EFE1257B822EE5648FBD70B741F872212A21DDFC2D4D505C4EF55C81E8FB
2026-09-26 04:05:55,Bitget,rsiNZr8amajbBCQiWxeis8PJ5fptkGePNz,,XRP.XRP,2608.43478258,,FFF62357975CD67D8CC7EE1301CBF400A9A8D859ABB1D206C96D73DBD6875719
2026-09-26 04:05:55,Bitget,rsiNZr8amajbBCQiWxeis8PJ5fptkGePNz,,XRP.XRP,9999.0,=:BTC.BTC:bc1qqxxfh9utd0e8w3f5wmuep558rhcegtq8885628:18014708/1/0:naswap:30,7E6AD3D02AF9B66C9E706649A2A7886E948FEFF1EC35D59E717E4D04D3F356EB
2026-09-26 04:05:55,Bitget,rsiNZr8amajbBCQiWxeis8PJ5fptkGePNz,,XRP.XRP,9999.0,=:ETH.ETH:0x7cF6465cDfFb584f74941E8c1FDAEd6388de45DA:562485248/1/0:naswap:30,275564B7BD8E13B2C21A66D82D452685F5A474D8FA08A38ABD384F9D8704ADBC
2026-09-26 04:06:06,Bitget,rsiNZr8amajbBCQiWxeis8PJ5fptkGePNz,,XRP.XRP,434.73913043,,B8D3B7D02C44A291FC4FFB41B1E6CFF5AC2C95BF81FD86840E6C83741DAA7183
2026-09-26 04:06:37,Bitget,rsiNZr8amajbBCQiWxeis8PJ5fptkGePNz,,XRP.XRP,9999.0,=:BTC.BTC:bc1qqxxfh9utd0e8w3f5wmuep558rhcegtq8885628:18011245/1/0:naswap:30,0AF49EC20EE580EED2177AB102F496B0C69B1139F89E73202D2B6A8B9820FBBC
2026-09-26 04:06:44,Bitget,rsiNZr8amajbBCQiWxeis8PJ5fptkGePNz,,XRP.XRP,1304.21739129,,D4528AB2C59B3F354EFC225BA1662285C8D45FAB47944AA7BF6BDAADED08BF57
2026-09-26 04:06:44,Bitget,rsiNZr8amajbBCQiWxeis8PJ5fptkGePNz,,XRP.XRP,1304.21739129,,AAA7E066C2B3677AAE1204BFDB5E10D8388FB22FF3512C52A0EBEF7C03392A3D
2026-09-26 04:06:44,Bitget,rsiNZr8amajbBCQiWxeis8PJ5fptkGePNz,,XRP.XRP,9999.0,=:ETH.ETH:0x7cF6465cDfFb584f74941E8c1FDAEd6388de45DA:562411034/1/0:naswap:30,A401DF8E355EFFA2604D255D1188C71071BC6901ADB662B883D5276BB82A2F6C
2026-09-26 04:06:53,Bitget,rsiNZr8amajbBCQiWxeis8PJ5fptkGePNz,,XRP.XRP,869.47826086,,1F4DE4F7ECECBDD2FDC81833888A0A1F5BC2BDD4C1CD9305B122182A3BA8D22F
2026-09-26 04:07:18,Bitget,rsiNZr8amajbBCQiWxeis8PJ5fptkGePNz,,XRP.XRP,9999.0,=:BTC.BTC:bc1qqxxfh9utd0e8w3f5wmuep558rhcegtq8885628:18015864/1/0:naswap:30,39E980E93FD328D4BACE2B21D4A2AE1CD7ED1D97074666F923559F2913314FF6
2026-09-26 04:07:42,Bitget,rsiNZr8amajbBCQiWxeis8PJ5fptkGePNz,,XRP.XRP,9129.52173914,=:BTC.BTC:bc1qqxxfh9utd0e8w3f5wmuep558rhcegtq8885628:18019327/1/0:naswap:30,8907810957B8EC85323EE473D3627020A9AB6444690120B9410FEB0446C9027F
2026-09-26 04:07:55,Bitget,rsiNZr8amajbBCQiWxeis8PJ5fptkGePNz,,XRP.XRP,9999.0,=:ETH.ETH:0x7cF6465cDfFb584f74941E8c1FDAEd6388de45DA:562853595/1/0:naswap:30,F80192A17E793B30F6385325F10D8DC6BE47B302C5E36DD1769ED2E09AA40BF4
2026-09-26 04:08:53,Bitget,rsiNZr8amajbBCQiWxeis8PJ5fptkGePNz,,XRP.XRP,9564.26086957,=:BTC.BTC:bc1qqxxfh9utd0e8w3f5wmuep558rhcegtq8885628:18024087/1/0:naswap:30,25E84272A50DB1EFF1F979D9C4AC1C14D8CA5AE78EE1EDA8175B976B2030DC60
2026-09-26 04:09:10,Bitget,rsiNZr8amajbBCQiWxeis8PJ5fptkGePNz,,XRP.XRP,9129.52173914,=:BTC.BTC:bc1qqxxfh9utd0e8w3f5wmuep558rhcegtq8885628:18027354/1/0:naswap:30,65B5CDF7CA920EAD9885C9B276F286715097104A230F008BC09D846391A730F6
2026-09-26 04:09:10,Bitget,rsiNZr8amajbBCQiWxeis8PJ5fptkGePNz,,XRP.XRP,9564.26086957,=:ETH.ETH:0x7cF6465cDfFb584f74941E8c1FDAEd6388de45DA:562944364/1/0:naswap:30,0F554AA138E3A99A4B0A5093EAD0F5A401B2F9209B2F450C3A6B1CFFBD3741FC
2026-09-26 04:11:06,Bitget,rsiNZr8amajbBCQiWxeis8PJ5fptkGePNz,,XRP.XRP,869.47826086,,8907810957B8EC85323EE473D3627020A9AB6444690120B9410FEB0446C9027F
2026-09-26 04:12:09,Bitget,rsiNZr8amajbBCQiWxeis8PJ5fptkGePNz,,XRP.XRP,434.73913043,,25E84272A50DB1EFF1F979D9C4AC1C14D8CA5AE78EE1EDA8175B976B2030DC60
2026-09-26 04:12:25,Bitget,rsiNZr8amajbBCQiWxeis8PJ5fptkGePNz,,XRP.XRP,869.47826086,,65B5CDF7CA920EAD9885C9B276F286715097104A230F008BC09D846391A730F6
2026-09-26 04:12:25,Bitget,rsiNZr8amajbBCQiWxeis8PJ5fptkGePNz,,XRP.XRP,434.73913043,,0F554AA138E3A99A4B0A5093EAD0F5A401B2F9209B2F450C3A6B1CFFBD3741FC
2026-09-26 04:12:53,Bitget,rsiNZr8amajbBCQiWxeis8PJ5fptkGePNz,,XRP.XRP,10000.0,=:BTC.BTC:bc1qd285j70lssc8k9wwuna458p7lt0gun76f6n999:18017920/1/0:naswap:30,231C33EE5CBA29FD10BFD6240CF9675B7F60F3C50D890F20316BDD44F7CFEB3C
2026-09-26 04:13:45,Bitget,rsiNZr8amajbBCQiWxeis8PJ5fptkGePNz,,XRP.XRP,9564.26086957,=:BTC.BTC:bc1qd285j70lssc8k9wwuna458p7lt0gun76f6n999:18016082/1/0:naswap:30,696579106057FDDFF11EC210CDC2C3C6A920ABB1346E1D7634CA16BB94BB5CFE
2026-09-26 04:13:51,Bitget,rsiNZr8amajbBCQiWxeis8PJ5fptkGePNz,,XRP.XRP,9999.0,=:ETH.ETH:0x7cF6465cDfFb584f74941E8c1FDAEd6388de45DA:562415215/1/0:naswap:30,4CCAAFE27FE3369227E16BBE3B571ABD12B9D8D018E84B151F32F3AB8371D326
2026-09-26 04:14:04,Bitget,rsiNZr8amajbBCQiWxeis8PJ5fptkGePNz,,XRP.XRP,8694.78260871,=:BTC.BTC:bc1qd285j70lssc8k9wwuna458p7lt0gun76f6n999:18008628/1/0:naswap:30,CA5C2B7BF88A3F7C91CBB5C1777C0251669F070E6661E06AF638C1BF025CC676
2026-09-26 04:14:36,Bitget,rsiNZr8amajbBCQiWxeis8PJ5fptkGePNz,,XRP.XRP,9129.52173914,=:BTC.BTC:bc1qd285j70lssc8k9wwuna458p7lt0gun76f6n999:18012092/1/0:naswap:30,3B1735364BCC83FF294E2C683E58CD5658740F981EFF9B64F1CC133E0CAF0A35
2026-09-26 04:16:26,Bitget,rsiNZr8amajbBCQiWxeis8PJ5fptkGePNz,,XRP.XRP,9564.26086957,=:BTC.BTC:bc1qd285j70lssc8k9wwuna458p7lt0gun76f6n999:18019413/1/0:naswap:30,AB302469290ACDCEF6568799990E61946A9EC86AC1E25C5536B4A8FF7C0F7D10
2026-09-26 04:16:26,Bitget,rsiNZr8amajbBCQiWxeis8PJ5fptkGePNz,,XRP.XRP,9999.0,=:ETH.ETH:0x7cF6465cDfFb584f74941E8c1FDAEd6388de45DA:562558882/1/0:naswap:30,574C03E7DA8AA32540BC107B2220733C4B09759471CE3618B72785ADCAD51E88
2026-09-26 04:16:49,Bitget,rsiNZr8amajbBCQiWxeis8PJ5fptkGePNz,,XRP.XRP,434.73913043,,696579106057FDDFF11EC210CDC2C3C6A920ABB1346E1D7634CA16BB94BB5CFE
2026-09-26 04:17:12,Bitget,rsiNZr8amajbBCQiWxeis8PJ5fptkGePNz,,XRP.XRP,1304.21739129,,CA5C2B7BF88A3F7C91CBB5C1777C0251669F070E6661E06AF638C1BF025CC676
2026-09-26 04:17:38,Bitget,rsiNZr8amajbBCQiWxeis8PJ5fptkGePNz,,XRP.XRP,869.47826086,,3B1735364BCC83FF294E2C683E58CD5658740F981EFF9B64F1CC133E0CAF0A35
2026-09-26 04:17:55,Bitget,rsiNZr8amajbBCQiWxeis8PJ5fptkGePNz,,XRP.XRP,9999.0,=:BTC.BTC:bc1qd285j70lssc8k9wwuna458p7lt0gun76f6n999:18005852/1/0:naswap:30,385B49FAE900809E53E9673D93EAFE1B9CEA3183CDC41A5F2CC8050D08230913
2026-09-26 04:17:55,Bitget,rsiNZr8amajbBCQiWxeis8PJ5fptkGePNz,,XRP.XRP,9999.0,=:ETH.ETH:0x7cF6465cDfFb584f74941E8c1FDAEd6388de45DA:562336302/1/0:naswap:30,1595596D4945D8BD82B23ED13917FDFC56A8AA32FCD8AD1CD5F9EC4AFA8198F9
2026-09-26 04:18:12,Bitget,rsiNZr8amajbBCQiWxeis8PJ5fptkGePNz,,XRP.XRP,9564.26086957,=:BTC.BTC:bc1qd285j70lssc8k9wwuna458p7lt0gun76f6n999:18000077/1/0:naswap:30,B46CB920E672F392E0DAC2D7FAF83B6A6A491CEC71BADDE5E0771DCCE256735B
2026-09-26 04:18:33,Bitget,rsiNZr8amajbBCQiWxeis8PJ5fptkGePNz,,XRP.XRP,9999.0,=:BTC.BTC:bc1qd285j70lssc8k9wwuna458p7lt0gun76f6n999:18001937/1/0:naswap:30,4ABC041E0087FA6AC28A834F205477A069652862DD6E342AD0F5A042EF8E7DB8
2026-09-26 04:18:56,Bitget,rsiNZr8amajbBCQiWxeis8PJ5fptkGePNz,,XRP.XRP,9999.0,=:BTC.BTC:bc1qd285j70lssc8k9wwuna458p7lt0gun76f6n999:18003091/1/0:naswap:30,29678D14F1A2FAFAFDB1536D8F693F3D980397437FE95C5E7B860EC0399DD196
2026-09-26 04:19:24,Bitget,rsiNZr8amajbBCQiWxeis8PJ5fptkGePNz,,XRP.XRP,434.73913043,,AB302469290ACDCEF6568799990E61946A9EC86AC1E25C5536B4A8FF7C0F7D10
2026-09-26 04:20:05,Bitget,rsiNZr8amajbBCQiWxeis8PJ5fptkGePNz,,XRP.XRP,8260.04347828,=:BTC.BTC:bc1qd285j70lssc8k9wwuna458p7lt0gun76f6n999:18009418/1/0:naswap:30,48D2FEE64858E863ED0936C895A3435B7C2A0AFD6EDE5AB625E6E49696EC36E0
2026-09-26 04:20:52,Bitget,rsiNZr8amajbBCQiWxeis8PJ5fptkGePNz,,XRP.XRP,434.73913043,,B46CB920E672F392E0DAC2D7FAF83B6A6A491CEC71BADDE5E0771DCCE256735B
2026-09-26 04:21:57,Bitget,rsiNZr8amajbBCQiWxeis8PJ5fptkGePNz,,XRP.XRP,9999.0,=:BTC.BTC:bc1qd285j70lssc8k9wwuna458p7lt0gun76f6n999:18007154/1/0:naswap:30,8EB8A233802D3A67ADFD4958E685DA317EB66F6B9FD8D3C0C06EDCA738753AFC
2026-09-26 04:22:57,Bitget,rsiNZr8amajbBCQiWxeis8PJ5fptkGePNz,,XRP.XRP,9999.0,=:ETH.ETH:0x7cF6465cDfFb584f74941E8c1FDAEd6388de45DA:561702754/1/0:naswap:30,1BCD918CE0BE8096B7E3346EEDF6E7B561817E3EFBEF6CF47992E3724CC9296A
2026-09-26 04:22:57,Bitget,rsiNZr8amajbBCQiWxeis8PJ5fptkGePNz,,XRP.XRP,9129.52173914,=:BTC.BTC:bc1qd285j70lssc8k9wwuna458p7lt0gun76f6n999:17985531/1/0:naswap:30,A5B80B16CD6CEFBBA713EE980A3A7DC575490BD7D0548F662FF6C017E6D8951F
2026-09-26 04:23:13,Bitget,rsiNZr8amajbBCQiWxeis8PJ5fptkGePNz,,XRP.XRP,7390.56521742,=:BTC.BTC:bc1qd285j70lssc8k9wwuna458p7lt0gun76f6n999:17979421/1/0:naswap:30,D3D0728C9BB3667D8D6A891CCEED13DE0CA8099D82F201FFB5716CB3E033DB64
2026-09-26 04:23:13,Bitget,rsiNZr8amajbBCQiWxeis8PJ5fptkGePNz,,XRP.XRP,9564.26086957,=:BTC.BTC:bc1qd285j70lssc8k9wwuna458p7lt0gun76f6n999:17980710/1/0:naswap:30,1AF7D312680E75B823EF04E240CE18CF71F0E9A886D4DCB775CC07C635FB6DDC
2026-09-26 04:23:13,Bitget,rsiNZr8amajbBCQiWxeis8PJ5fptkGePNz,,XRP.XRP,9564.26086957,=:ETH.ETH:0x7cF6465cDfFb584f74941E8c1FDAEd6388de45DA:561581842/1/0:naswap:30,5B36A8053F8860F932A15C080BB954E76BB4CED34191AFCB527D0B74CB926EF6
2026-09-26 04:24:30,Bitget,rsiNZr8amajbBCQiWxeis8PJ5fptkGePNz,,XRP.XRP,1738.95652172,,48D2FEE64858E863ED0936C895A3435B7C2A0AFD6EDE5AB625E6E49696EC36E0
2026-09-26 04:26:07,Bitget,rsiNZr8amajbBCQiWxeis8PJ5fptkGePNz,,XRP.XRP,9564.26086957,=:BTC.BTC:bc1qd285j70lssc8k9wwuna458p7lt0gun76f6n999:17975188/1/0:naswap:30,2336619D87CB7137C44161122B33737280C351379B90B4ED275ED52402AAB916
2026-09-26 04:26:42,Bitget,rsiNZr8amajbBCQiWxeis8PJ5fptkGePNz,,XRP.XRP,9129.52173914,=:BTC.BTC:bc1qd285j70lssc8k9wwuna458p7lt0gun76f6n999:17975203/1/0:naswap:30,BC6445A4258FDC781EFAB2E7CD4504405E358127EFED44C362F5F998E538BA8B
2026-09-26 04:27:16,Bitget,rsiNZr8amajbBCQiWxeis8PJ5fptkGePNz,,XRP.XRP,9999.0,=:ETH.ETH:0x7cF6465cDfFb584f74941E8c1FDAEd6388de45DA:561072864/1/0:naswap:30,F981E022766027BE9D606FAE6FF398DA6BA1C2417C84088353AAD111EEE95881
2026-09-26 04:27:27,Bitget,rsiNZr8amajbBCQiWxeis8PJ5fptkGePNz,,XRP.XRP,8260.04347828,=:BTC.BTC:bc1qd285j70lssc8k9wwuna458p7lt0gun76f6n999:17966901/1/0:naswap:30,E51F1FC61C053AECE4D734B2B81EE69B8B0707493A3AAB6364D0AB614DD98110
2026-09-26 04:27:33,Bitget,rsiNZr8amajbBCQiWxeis8PJ5fptkGePNz,,XRP.XRP,7825.30434785,=:BTC.BTC:bc1qd285j70lssc8k9wwuna458p7lt0gun76f6n999:17964591/1/0:naswap:30,FFB21120DF80D34C4F3390C8C7C19CC3D7AE0512D83AB322FCED095666266F99
2026-09-26 04:28:02,Bitget,rsiNZr8amajbBCQiWxeis8PJ5fptkGePNz,,XRP.XRP,869.47826086,,A5B80B16CD6CEFBBA713EE980A3A7DC575490BD7D0548F662FF6C017E6D8951F
2026-09-26 04:28:16,Bitget,rsiNZr8amajbBCQiWxeis8PJ5fptkGePNz,,XRP.XRP,2608.43478258,,D3D0728C9BB3667D8D6A891CCEED13DE0CA8099D82F201FFB5716CB3E033DB64
2026-09-26 04:28:16,Bitget,rsiNZr8amajbBCQiWxeis8PJ5fptkGePNz,,XRP.XRP,434.73913043,,1AF7D312680E75B823EF04E240CE18CF71F0E9A886D4DCB775CC07C635FB6DDC
2026-09-26 04:28:16,Bitget,rsiNZr8amajbBCQiWxeis8PJ5fptkGePNz,,XRP.XRP,434.73913043,,5B36A8053F8860F932A15C080BB954E76BB4CED34191AFCB527D0B74CB926EF6
2026-09-26 04:30:04,Bitget,rsiNZr8amajbBCQiWxeis8PJ5fptkGePNz,,XRP.XRP,434.73913043,,2336619D87CB7137C44161122B33737280C351379B90B4ED275ED52402AAB916
2026-09-26 04:30:35,Bitget,rsiNZr8amajbBCQiWxeis8PJ5fptkGePNz,,XRP.XRP,869.47826086,,BC6445A4258FDC781EFAB2E7CD4504405E358127EFED44C362F5F998E538BA8B
2026-09-26 04:30:48,Bitget,rsiNZr8amajbBCQiWxeis8PJ5fptkGePNz,,XRP.XRP,1738.95652172,,E51F1FC61C053AECE4D734B2B81EE69B8B0707493A3AAB6364D0AB614DD98110
2026-09-26 04:31:01,Bitget,rsiNZr8amajbBCQiWxeis8PJ5fptkGePNz,,XRP.XRP,2173.69565215,,FFB21120DF80D34C4F3390C8C7C19CC3D7AE0512D83AB322FCED095666266F99
2026-09-26 04:33:24,Bitget,rsiNZr8amajbBCQiWxeis8PJ5fptkGePNz,,XRP.XRP,9999.0,=:BTC.BTC:bc1qd285j70lssc8k9wwuna458p7lt0gun76f6n999:17964231/1/0:naswap:30,FA1FCF50792D179B5100CB592BFF72541C7A2AA5B88905ABCE1D0B4F275E58FA
2026-09-26 04:34:10,Bitget,rsiNZr8amajbBCQiWxeis8PJ5fptkGePNz,,XRP.XRP,8694.78260871,=:BTC.BTC:bc1qd285j70lssc8k9wwuna458p7lt0gun76f6n999:17972321/1/0:naswap:30,9224068F40AD86811D61A71DAE4DD7A7FB4C75EB6F152E862B0BDCE132F7A370
2026-09-26 04:34:10,Bitget,rsiNZr8amajbBCQiWxeis8PJ5fptkGePNz,,XRP.XRP,9129.52173914,=:ETH.ETH:0x7cF6465cDfFb584f74941E8c1FDAEd6388de45DA:561344606/1/0:naswap:30,D4F27DB5D794676506B625AD452A570D07CBB8A96E15786FAB285739A77C349D
2026-09-26 04:34:47,Bitget,rsiNZr8amajbBCQiWxeis8PJ5fptkGePNz,,XRP.XRP,7390.56521742,=:BTC.BTC:bc1qd285j70lssc8k9wwuna458p7lt0gun76f6n999:17989660/1/0:naswap:30,B5D30F138F9FE720D34A5D3EB5C634E9EBC9EE2F64171DE40DE41EE7AD30FBFE
2026-09-26 04:34:58,Bitget,rsiNZr8amajbBCQiWxeis8PJ5fptkGePNz,,XRP.XRP,7825.30434785,=:BTC.BTC:bc1qd285j70lssc8k9wwuna458p7lt0gun76f6n999:17989660/1/0:naswap:30,B057D4C76240424CFCD4C003AACBA3B339AABD81A4ECD702F77B2CBB8ABE53C7
2026-09-26 04:36:47,Bitget,rsiNZr8amajbBCQiWxeis8PJ5fptkGePNz,,XRP.XRP,1304.21739129,,9224068F40AD86811D61A71DAE4DD7A7FB4C75EB6F152E862B0BDCE132F7A370
2026-09-26 04:36:47,Bitget,rsiNZr8amajbBCQiWxeis8PJ5fptkGePNz,,XRP.XRP,869.47826086,,D4F27DB5D794676506B625AD452A570D07CBB8A96E15786FAB285739A77C349D
2026-09-26 04:37:19,Bitget,rsiNZr8amajbBCQiWxeis8PJ5fptkGePNz,,XRP.XRP,2608.43478258,,B5D30F138F9FE720D34A5D3EB5C634E9EBC9EE2F64171DE40DE41EE7AD30FBFE
2026-09-26 04:37:25,Bitget,rsiNZr8amajbBCQiWxeis8PJ5fptkGePNz,,XRP.XRP,2173.69565215,,B057D4C76240424CFCD4C003AACBA3B339AABD81A4ECD702F77B2CBB8ABE53C7
2026-09-26 04:49:35,Bitget,rsiNZr8amajbBCQiWxeis8PJ5fptkGePNz,,XRP.XRP,9999.0,=:BTC.BTC:bc1qflhdlyr3c54j0k587hl5ts25c3mqj86m7f88se:17483742/0/39:naswap:10,DA38F27B365A0D7DD2ABBDAFF65D4856EB9D1AD5B4565120D3F9B8A3393709CC
2026-09-26 04:51:53,Bitget,rsiNZr8amajbBCQiWxeis8PJ5fptkGePNz,,XRP.XRP,9999.0,=:BTC.BTC:bc1qflhdlyr3c54j0k587hl5ts25c3mqj86m7f88se:17534536/0/39:naswap:10,E0F5E3EF61A9ACE3FD502049EF3B2BDAE8C0A83C6C869C502534A63761A9D452
2026-09-26 04:51:53,Bitget,rsiNZr8amajbBCQiWxeis8PJ5fptkGePNz,,XRP.XRP,9999.0,=:ETH.ETH:0x7cF6465cDfFb584f74941E8c1FDAEd6388de45DA:550150702/0/39:naswap:10,5BE699B7E7B34546BD4E9FF7B558E9E4A23B8F55F70E1AF3DB76A0856BD4E1C3
2026-09-26 04:52:33,Bitget,rsiNZr8amajbBCQiWxeis8PJ5fptkGePNz,,XRP.XRP,9999.0,=:BTC.BTC:bc1qflhdlyr3c54j0k587hl5ts25c3mqj86m7f88se:17454055/0/39:naswap:10,8D9ABBA43B9C71CE5B89EC486BDC8354B91B24B6E4C31B84395B1E2E4D3D30EC
2026-09-26 04:54:21,Bitget,rsiNZr8amajbBCQiWxeis8PJ5fptkGePNz,,XRP.XRP,9999.0,=:BTC.BTC:bc1qflhdlyr3c54j0k587hl5ts25c3mqj86m7f88se:17558517/0/39:naswap:10,54D6918C9FDD76E8CA0E9DB577B24B6022D8EECF1DCC6DA94FCC364ED3646A54
2026-09-26 04:54:34,Bitget,rsiNZr8amajbBCQiWxeis8PJ5fptkGePNz,,XRP.XRP,9999.0,=:BTC.BTC:bc1qflhdlyr3c54j0k587hl5ts25c3mqj86m7f88se:17617178/0/39:naswap:10,38C8D9AB10E6FFF132CE1D5BAB94548623222B98C957577618183516FC82F7AF
2026-09-26 04:54:34,Bitget,rsiNZr8amajbBCQiWxeis8PJ5fptkGePNz,,XRP.XRP,9999.0,=:ETH.ETH:0x7cF6465cDfFb584f74941E8c1FDAEd6388de45DA:544288181/0/39:naswap:10,6FAF52A9FC74193EBEF2300C9A1D2EFCDA9BE5BF7BEFF946374F8C3F47206A96
2026-09-26 04:54:45,Bitget,rsiNZr8amajbBCQiWxeis8PJ5fptkGePNz,,XRP.XRP,9999.0,=:BTC.BTC:bc1qflhdlyr3c54j0k587hl5ts25c3mqj86m7f88se:17590321/0/39:naswap:10,4D703B4D55B1E4B5C84D3DD32F360DE1DCF6BFAF530C6A8897EA16C5ECC12696
2026-09-26 04:56:45,Bitget,rsiNZr8amajbBCQiWxeis8PJ5fptkGePNz,,XRP.XRP,9999.0,=:BTC.BTC:bc1qflhdlyr3c54j0k587hl5ts25c3mqj86m7f88se:17516151/0/39:naswap:10,BC48417C8E163A78CD6DAAA848DF36DD181F89C2D45C99F2B60F00D8178139B1
2026-09-26 04:57:18,Bitget,rsiNZr8amajbBCQiWxeis8PJ5fptkGePNz,,XRP.XRP,9999.0,=:BTC.BTC:bc1qflhdlyr3c54j0k587hl5ts25c3mqj86m7f88se:17540892/0/39:naswap:10,10AA0B74D93A5150487F3C5486161D3B3813E587CDB601C6069F9F0879C842B1
2026-09-26 04:57:27,Bitget,rsiNZr8amajbBCQiWxeis8PJ5fptkGePNz,,XRP.XRP,9999.0,=:BTC.BTC:bc1qflhdlyr3c54j0k587hl5ts25c3mqj86m7f88se:17505342/0/39:naswap:10,4B8CED7635A1F0F943C5CF03413CB8E830B3A8AA5FF7F2A4071F007D855A0347
2026-09-26 04:57:48,Bitget,rsiNZr8amajbBCQiWxeis8PJ5fptkGePNz,,XRP.XRP,9999.0,=:BTC.BTC:bc1qflhdlyr3c54j0k587hl5ts25c3mqj86m7f88se:17447282/0/39:naswap:10,BBF08205A34868E516D2A6F101D9519F9B3C8F3E33C7B6DEF52BF8C53F011BF7
2026-09-26 04:59:01,Bitget,rsiNZr8amajbBCQiWxeis8PJ5fptkGePNz,,XRP.XRP,9999.0,=:BTC.BTC:bc1qflhdlyr3c54j0k587hl5ts25c3mqj86m7f88se:17508814/0/39:naswap:10,170BA30D9B93AD2D68A905AA65C7E9655C13601895917568FDF92BF7A7539974
2026-09-26 04:59:27,Bitget,rsiNZr8amajbBCQiWxeis8PJ5fptkGePNz,,XRP.XRP,9999.0,=:ETH.ETH:0x7cF6465cDfFb584f74941E8c1FDAEd6388de45DA:549352538/0/39:naswap:10,524CE15960C35B9F831B5491942A808C0FF3148088C107A27FA45F1D12F52CF0
2026-09-26 05:00:13,Bitget,rsiNZr8amajbBCQiWxeis8PJ5fptkGePNz,,XRP.XRP,9999.0,=:BTC.BTC:bc1qflhdlyr3c54j0k587hl5ts25c3mqj86m7f88se:17535957/0/39:naswap:10,35E1F5BAD165522EF4266BB8EE5A0B65ACCC8DAC0AC9DFD7E250D6B807589191
2026-09-26 05:00:13,Bitget,rsiNZr8amajbBCQiWxeis8PJ5fptkGePNz,,XRP.XRP,9999.0,=:ETH.ETH:0x7cF6465cDfFb584f74941E8c1FDAEd6388de45DA:549440124/0/39:naswap:10,437B89E54E0F68AB386C234A4C78C6251F8BAD450F7ECBACA1539537E82D19FE
2026-09-26 05:00:33,Bitget,rsiNZr8amajbBCQiWxeis8PJ5fptkGePNz,,XRP.XRP,9999.0,=:BTC.BTC:bc1qflhdlyr3c54j0k587hl5ts25c3mqj86m7f88se:17442438/0/39:naswap:10,AFD94D417A3D5660D7E03DC3EDA0DE85C819CDC3348BB7559C613BDFB1B4ED98
2026-09-26 05:00:39,Bitget,rsiNZr8amajbBCQiWxeis8PJ5fptkGePNz,,XRP.XRP,9999.0,=:ETH.ETH:0x7cF6465cDfFb584f74941E8c1FDAEd6388de45DA:547120315/0/39:naswap:10,B5EA42D41397D03BBF3DCF4A6ED058CFF4DDCD77332EBA534D1EEDBB61141B38
2026-09-26 05:00:56,Bitget,rsiNZr8amajbBCQiWxeis8PJ5fptkGePNz,,XRP.XRP,9999.0,=:ETH.ETH:0x7cF6465cDfFb584f74941E8c1FDAEd6388de45DA:548217862/0/39:naswap:10,C4B56282D5E8D8C376282F881441D9F72D05F65542FD87A39D8CF2EFC4DCDD07
2026-09-26 05:01:03,Bitget,rsiNZr8amajbBCQiWxeis8PJ5fptkGePNz,,XRP.XRP,9999.0,=:BTC.BTC:bc1qflhdlyr3c54j0k587hl5ts25c3mqj86m7f88se:17484517/0/39:naswap:10,F6A7D08698B30D1B79D8EE755BA02B0B64962D38F9FD54889EA52E129CF90014
2026-09-26 05:01:30,Bitget,rsiNZr8amajbBCQiWxeis8PJ5fptkGePNz,,XRP.XRP,9999.0,=:BTC.BTC:bc1qflhdlyr3c54j0k587hl5ts25c3mqj86m7f88se:17495928/0/39:naswap:10,5C05D6E6D99CFDC5A69AB01669C52107F0A808F5E5F7FAACB5AB2541C7C41274
2026-09-26 05:02:54,Bitget,rsiNZr8amajbBCQiWxeis8PJ5fptkGePNz,,XRP.XRP,9999.0,=:BTC.BTC:bc1qflhdlyr3c54j0k587hl5ts25c3mqj86m7f88se:17461025/0/39:naswap:10,E06EC7C9FEC8D6D44AE0F4D7D074C1E8D7AA9F1B7733E5BBC5FDCD51895DBA12
2026-09-26 05:03:10,Bitget,rsiNZr8amajbBCQiWxeis8PJ5fptkGePNz,,XRP.XRP,9999.0,=:BTC.BTC:bc1qflhdlyr3c54j0k587hl5ts25c3mqj86m7f88se:17461560/0/39:naswap:10,97A838C6B6CD171E2E89C34DF5CAA2E2D483A4DFE4D4FB87ED0C7D09CD3F89B5
2026-09-26 05:03:37,Bitget,rsiNZr8amajbBCQiWxeis8PJ5fptkGePNz,,XRP.XRP,9999.0,=:BTC.BTC:bc1qflhdlyr3c54j0k587hl5ts25c3mqj86m7f88se:17484517/0/39:naswap:10,86E3442C5CE23973D8FA7B93CF78F82FB62458D76873E09BFB718CE75BEDCD4D
2026-09-26 05:03:56,Bitget,rsiNZr8amajbBCQiWxeis8PJ5fptkGePNz,,XRP.XRP,9999.0,=:BTC.BTC:bc1qflhdlyr3c54j0k587hl5ts25c3mqj86m7f88se:17449948/0/39:naswap:10,57344212711A9D357E64F6D76F7C54826BD9078945FDF92AB8F6D349EACA8E6E
2026-09-26 05:04:45,Bitget,rsiNZr8amajbBCQiWxeis8PJ5fptkGePNz,,XRP.XRP,9999.0,=:BTC.BTC:bc1qflhdlyr3c54j0k587hl5ts25c3mqj86m7f88se:17585902/0/39:naswap:10,8FB59508E3B2B7130B5471DB805C16B20FDA997560E184BA12DD0196EC0EDD0C
2026-09-26 05:04:51,Bitget,rsiNZr8amajbBCQiWxeis8PJ5fptkGePNz,,XRP.XRP,9999.0,=:ETH.ETH:0x7cF6465cDfFb584f74941E8c1FDAEd6388de45DA:550068348/0/39:naswap:10,BE23DA097CABDB4FA1B222F13641F1BB4BAEC2CCA05D3B21D13D15CAC76403A6
2026-09-26 05:05:07,Bitget,rsiNZr8amajbBCQiWxeis8PJ5fptkGePNz,,XRP.XRP,9999.0,=:BTC.BTC:bc1qflhdlyr3c54j0k587hl5ts25c3mqj86m7f88se:17577900/0/39:naswap:10,3165CF3F81A76F4BD422A949B5D41C9A10B9359197239210BC704FAEB1422084
2026-09-26 05:05:07,Bitget,rsiNZr8amajbBCQiWxeis8PJ5fptkGePNz,,XRP.XRP,9999.0,=:ETH.ETH:0x7cF6465cDfFb584f74941E8c1FDAEd6388de45DA:550496578/0/39:naswap:10,3AA306056DEB11151935D57DF0477C873912835163EEDDDC277123559EBCDDD2
2026-09-26 05:05:18,Bitget,rsiNZr8amajbBCQiWxeis8PJ5fptkGePNz,,XRP.XRP,9999.0,=:ETH.ETH:0x7cF6465cDfFb584f74941E8c1FDAEd6388de45DA:550496578/0/39:naswap:10,59F5F0A359C33A2622AC7315BA701808A50B3B194432C5AD11B5D1DEEBDFF211
2026-09-26 05:05:31,Bitget,rsiNZr8amajbBCQiWxeis8PJ5fptkGePNz,,XRP.XRP,9999.0,=:BTC.BTC:bc1qflhdlyr3c54j0k587hl5ts25c3mqj86m7f88se:17594595/0/39:naswap:10,70DD57F786C3E95DBB3DE7CD8595D26B43F62440907734254BAAA09CF9C9946E
2026-09-26 05:05:41,Bitget,rsiNZr8amajbBCQiWxeis8PJ5fptkGePNz,,XRP.XRP,9999.0,=:BTC.BTC:bc1qflhdlyr3c54j0k587hl5ts25c3mqj86m7f88se:17427814/0/39:naswap:10,39C8FF349817941EB220D4DDFC3E3AC627DA9D395FFA43AE2069AF96CD7D472A
2026-09-26 05:07:15,Bitget,rsiNZr8amajbBCQiWxeis8PJ5fptkGePNz,,XRP.XRP,9999.0,=:BTC.BTC:bc1qflhdlyr3c54j0k587hl5ts25c3mqj86m7f88se:17580865/0/39:naswap:10,436D8104D9DF2AF6BB7E12FFF09631151825358E56DE843507C1989FCDB74683
2026-09-26 05:08:33,Bitget,rsiNZr8amajbBCQiWxeis8PJ5fptkGePNz,,XRP.XRP,9999.0,=:BTC.BTC:bc1qflhdlyr3c54j0k587hl5ts25c3mqj86m7f88se:17597826/0/39:naswap:10,D9ADE7BBB2082D4B708D675E70E9315C11C3E2EF06C9D907F6FCD643DBE197AC
2026-09-26 05:08:33,Bitget,rsiNZr8amajbBCQiWxeis8PJ5fptkGePNz,,XRP.XRP,9999.0,=:ETH.ETH:0x7cF6465cDfFb584f74941E8c1FDAEd6388de45DA:549750792/0/39:naswap:10,0828CB327BC788BB373D62DBB6D809562D4D208B7F69AB65BF428037A3063B5D
2026-09-26 05:08:53,Bitget,rsiNZr8amajbBCQiWxeis8PJ5fptkGePNz,,XRP.XRP,9999.0,=:BTC.BTC:bc1qflhdlyr3c54j0k587hl5ts25c3mqj86m7f88se:17523183/0/39:naswap:10,BDBA3873800DB35E98CD5CAD0975BD69F4E4879A9E137F87F35D9B568D26C0C7
2026-09-26 05:08:53,Bitget,rsiNZr8amajbBCQiWxeis8PJ5fptkGePNz,,XRP.XRP,9999.0,=:ETH.ETH:0x7cF6465cDfFb584f74941E8c1FDAEd6388de45DA:547456230/0/39:naswap:10,F1CA6AD9C79BAB3D549CDEA56D897EBC55572D248AE89964522F7C855AAD26D1
2026-09-26 05:09:14,Bitget,rsiNZr8amajbBCQiWxeis8PJ5fptkGePNz,,XRP.XRP,9999.0,=:BTC.BTC:bc1qflhdlyr3c54j0k587hl5ts25c3mqj86m7f88se:17565709/0/39:naswap:10,EF9B25A9318821A00EF4EE85C5AD5860B8D9681D30455BD1BA836EDFF4A61FAC
2026-09-26 05:09:14,Bitget,rsiNZr8amajbBCQiWxeis8PJ5fptkGePNz,,XRP.XRP,9999.0,=:ETH.ETH:0x7cF6465cDfFb584f74941E8c1FDAEd6388de45DA:549240656/0/39:naswap:10,C63023EE525A72C6B6F45F5FA2D220766178E7B858C633388DD0F4A99464A192
2026-09-26 05:09:29,Bitget,rsiNZr8amajbBCQiWxeis8PJ5fptkGePNz,,XRP.XRP,9999.0,=:BTC.BTC:bc1qflhdlyr3c54j0k587hl5ts25c3mqj86m7f88se:17503994/0/39:naswap:10,7A52213A18A1D69719D15FE14D44B28FD4A26C94A4674FC51F4EB3087A0765D8
2026-09-26 05:09:37,Bitget,rsiNZr8amajbBCQiWxeis8PJ5fptkGePNz,,XRP.XRP,9999.0,=:ETH.ETH:0x7cF6465cDfFb584f74941E8c1FDAEd6388de45DA:548667025/0/39:naswap:10,D4423CCC71702E48258A96139099EF47A95586FF27F2E705927706DCD82E6CFA
2026-09-26 05:11:15,Bitget,rsiNZr8amajbBCQiWxeis8PJ5fptkGePNz,,XRP.XRP,9999.0,=:BTC.BTC:bc1qflhdlyr3c54j0k587hl5ts25c3mqj86m7f88se:17408403/0/39:naswap:10,B29501C22A935E4AB9B998564539A22B3FD8C2C76916C7064F6BB4A0EFE6E44F
2026-09-26 05:12:17,Bitget,rsiNZr8amajbBCQiWxeis8PJ5fptkGePNz,,XRP.XRP,9999.0,=:BTC.BTC:bc1q9rlx3cfy0lntffuhxq7znknccxz0vnsgpqcj0c:17483070/0/39:naswap:10,5D16FB75BE0A72766542A5D3CD0C52D3465E1980ED91968671EDD399FAEA3E73
2026-09-26 05:12:34,Bitget,rsiNZr8amajbBCQiWxeis8PJ5fptkGePNz,,XRP.XRP,9999.0,=:BTC.BTC:bc1q9rlx3cfy0lntffuhxq7znknccxz0vnsgpqcj0c:17488664/0/39:naswap:10,A251CE2AB859027FD9637B3C96EF69DC9B719B25FC1BCCDBB60D39E7211CD10B
2026-09-26 05:13:26,Bitget,rsiNZr8amajbBCQiWxeis8PJ5fptkGePNz,,XRP.XRP,9999.0,=:BTC.BTC:bc1q9rlx3cfy0lntffuhxq7znknccxz0vnsgpqcj0c:17457084/0/39:naswap:10,2A8CF9ADD5EEEBC326C63F4AFD49DDD98DB2E940CE7C8E2E3C1416FA5EAF43B7
2026-09-26 05:13:33,Bitget,rsiNZr8amajbBCQiWxeis8PJ5fptkGePNz,,XRP.XRP,9999.0,=:ETH.ETH:0x7cF6465cDfFb584f74941E8c1FDAEd6388de45DA:546454623/0/39:naswap:10,862F27DBE83754FF3686EA7FE199F7A4D0F6FAE90A5875D14B718F8FB9141454
2026-09-26 05:13:47,Bitget,rsiNZr8amajbBCQiWxeis8PJ5fptkGePNz,,XRP.XRP,9999.0,=:BTC.BTC:bc1q9rlx3cfy0lntffuhxq7znknccxz0vnsgpqcj0c:17448793/0/39:naswap:10,2ABEDFF6252552FA5DA62D1B8A41CA61C927583161B8CB3DE5B593AC774A12E6
2026-09-26 05:14:34,Bitget,rsiNZr8amajbBCQiWxeis8PJ5fptkGePNz,,XRP.XRP,1783.929303,=:BTC.BTC:bc1q9rlx3cfy0lntffuhxq7znknccxz0vnsgpqcj0c:3108199/0/7:naswap:10,885B25575DC8F72406788689C90AA8C067C2DDDC07FA8E8945C062643BF79209
2026-09-26 05:36:57,Bitget,rsiNZr8amajbBCQiWxeis8PJ5fptkGePNz,,XRP.XRP,9999.0,=:BTC.BTC:bc1q9rlx3cfy0lntffuhxq7znknccxz0vnsgpqcj0c:17469590/0/39:naswap:10,66D3667FB458A9CFD805B4CCE7FBA9F5EAD23A0B37726ED2B5F3962DB6816181
2026-09-26 05:37:03,Bitget,rsiNZr8amajbBCQiWxeis8PJ5fptkGePNz,,XRP.XRP,9999.0,=:ETH.ETH:0x7cF6465cDfFb584f74941E8c1FDAEd6388de45DA:546770718/0/39:naswap:10,AA100C6CCEF871FC0946632AD86273077C139D65AAEEFC454AA45841C1D3FDEE
2026-09-26 05:37:16,Bitget,rsiNZr8amajbBCQiWxeis8PJ5fptkGePNz,,XRP.XRP,9999.0,=:BTC.BTC:bc1q9rlx3cfy0lntffuhxq7znknccxz0vnsgpqcj0c:17640826/0/39:naswap:10,CC0FE5E984844A32349BC3E8C514B1794A33B4E6E45A454E13F54B75A951BD81
2026-09-26 05:37:27,Bitget,rsiNZr8amajbBCQiWxeis8PJ5fptkGePNz,,XRP.XRP,9999.0,=:BTC.BTC:bc1q9rlx3cfy0lntffuhxq7znknccxz0vnsgpqcj0c:17377965/0/39:naswap:10,8CD9B5898C55558A76916431ED3C5EFBD88014CE873ED79656E23075F72BB5E9
2026-09-26 05:39:09,Bitget,rsiNZr8amajbBCQiWxeis8PJ5fptkGePNz,,XRP.XRP,9999.0,=:BTC.BTC:bc1q9rlx3cfy0lntffuhxq7znknccxz0vnsgpqcj0c:17566983/0/39:naswap:10,A44B5471A6E4EAAEA728DE913CF408B7B667EEF3BB373486DAF99BF6D0A7BA5B
2026-09-26 05:39:35,Bitget,rsiNZr8amajbBCQiWxeis8PJ5fptkGePNz,,XRP.XRP,9999.0,=:ETH.ETH:0x7cF6465cDfFb584f74941E8c1FDAEd6388de45DA:554469263/0/39:naswap:10,D29E2C1D043372C59DDE99F667C84E968E6FD962E2B4B0275839B7D36A134853
2026-09-26 05:39:35,Bitget,rsiNZr8amajbBCQiWxeis8PJ5fptkGePNz,,XRP.XRP,9999.0,=:BTC.BTC:bc1q9rlx3cfy0lntffuhxq7znknccxz0vnsgpqcj0c:17741718/0/39:naswap:10,AE64944C948EECA31B677329DE84F429280460B5D2A18CBC428F050DA558D29D
2026-09-26 05:40:00,Bitget,rsiNZr8amajbBCQiWxeis8PJ5fptkGePNz,,XRP.XRP,9999.0,=:BTC.BTC:bc1q9rlx3cfy0lntffuhxq7znknccxz0vnsgpqcj0c:17433970/0/39:naswap:10,3F9F505A2479FA3F7DE75E9462EE328D52C52DC17F08865024042DA1A9448321
2026-09-26 05:40:39,Bitget,rsiNZr8amajbBCQiWxeis8PJ5fptkGePNz,,XRP.XRP,9999.0,=:ETH.ETH:0x7cF6465cDfFb584f74941E8c1FDAEd6388de45DA:547298797/0/39:naswap:10,B569E0866ECA06D3841CCF27480B89AF453D5DFF26D203A54E1A3D08CE965DA1
2026-09-26 05:40:51,Bitget,rsiNZr8amajbBCQiWxeis8PJ5fptkGePNz,,XRP.XRP,9999.0,=:BTC.BTC:bc1q9rlx3cfy0lntffuhxq7znknccxz0vnsgpqcj0c:17607904/0/39:naswap:10,0598CAD6E62D1E9255A4BCF18761719565E13F34CF2C212B897BDE76FAD8DA10
2026-09-26 05:41:06,Bitget,rsiNZr8amajbBCQiWxeis8PJ5fptkGePNz,,XRP.XRP,9999.0,=:ETH.ETH:0x7cF6465cDfFb584f74941E8c1FDAEd6388de45DA:554737514/0/39:naswap:10,694821C45C3254E7CAF3143A0A87F7F28E249A5AC21089A96B5CDA619BE286A7
2026-09-26 05:41:12,Bitget,rsiNZr8amajbBCQiWxeis8PJ5fptkGePNz,,XRP.XRP,9999.0,=:BTC.BTC:bc1q9rlx3cfy0lntffuhxq7znknccxz0vnsgpqcj0c:17470924/0/39:naswap:10,1364699E48DD761799851509662A20C8CA7AA761F9D7FD49A74BFECB33BE5AEA
2026-09-26 05:42:25,Bitget,rsiNZr8amajbBCQiWxeis8PJ5fptkGePNz,,XRP.XRP,9999.0,=:BTC.BTC:bc1q9rlx3cfy0lntffuhxq7znknccxz0vnsgpqcj0c:17514407/0/39:naswap:10,FFAD56F1676365DAEC0ED2776F3EC0FCDDFBA460BBB7F1B36879634015CE9D5E
2026-09-26 05:43:11,Bitget,rsiNZr8amajbBCQiWxeis8PJ5fptkGePNz,,XRP.XRP,9999.0,=:BTC.BTC:bc1q9rlx3cfy0lntffuhxq7znknccxz0vnsgpqcj0c:17583256/0/39:naswap:10,FE1ED5B79F3827D86FDF3A6795DC3140A6FE41D8460111D15C45FFCAACAB130E
2026-09-26 05:43:34,Bitget,rsiNZr8amajbBCQiWxeis8PJ5fptkGePNz,,XRP.XRP,9999.0,=:BTC.BTC:bc1q9rlx3cfy0lntffuhxq7znknccxz0vnsgpqcj0c:17513496/0/39:naswap:10,6C39AB8E506785B806DD1420462F252EAB9423E02F24A0CA3BCA64DAB6CF7A24
2026-09-26 05:43:54,Bitget,rsiNZr8amajbBCQiWxeis8PJ5fptkGePNz,,XRP.XRP,9999.0,=:ETH.ETH:0x7cF6465cDfFb584f74941E8c1FDAEd6388de45DA:549205450/0/39:naswap:10,3A3A4A69ED6D26BAC8923DEAB27609F986CC26E4CFB61DDE972AB2B03AA0CE0D
2026-09-26 05:44:00,Bitget,rsiNZr8amajbBCQiWxeis8PJ5fptkGePNz,,XRP.XRP,9999.0,=:BTC.BTC:bc1q9rlx3cfy0lntffuhxq7znknccxz0vnsgpqcj0c:17705059/0/39:naswap:10,1A2AD32E1861B8DC860FA398153040466D242CC72B8E4D5F02292A02A7E661E0
2026-09-26 05:44:22,Bitget,rsiNZr8amajbBCQiWxeis8PJ5fptkGePNz,,XRP.XRP,9999.0,=:BTC.BTC:bc1q9rlx3cfy0lntffuhxq7znknccxz0vnsgpqcj0c:17541401/0/39:naswap:10,AC8FDD1105B921E79611EB58F8C6090C36CFF6F484C4E5623CC27AD64D391317
2026-09-26 05:45:29,Bitget,rsiNZr8amajbBCQiWxeis8PJ5fptkGePNz,,XRP.XRP,9999.0,=:ETH.ETH:0x7cF6465cDfFb584f74941E8c1FDAEd6388de45DA:551802713/0/39:naswap:10,92694B285432D9883D3E746A0B688D45494C95F3D37258D5CAE2823E7BF7D9D9
2026-09-26 05:45:42,Bitget,rsiNZr8amajbBCQiWxeis8PJ5fptkGePNz,,XRP.XRP,9999.0,=:BTC.BTC:bc1q9rlx3cfy0lntffuhxq7znknccxz0vnsgpqcj0c:17629326/0/39:naswap:10,D27200C2A61D427EA34FFFDEBC923FB9B9190CC9D357BF4A5EB0E869E1F176B2
2026-09-26 05:47:04,Bitget,rsiNZr8amajbBCQiWxeis8PJ5fptkGePNz,,XRP.XRP,9999.0,=:BTC.BTC:bc1q9rlx3cfy0lntffuhxq7znknccxz0vnsgpqcj0c:17603008/0/39:naswap:10,110F737339690306845921C220C85778341041383E70BE6AB8738551ADBB1430
2026-09-26 05:48:46,Bitget,rsiNZr8amajbBCQiWxeis8PJ5fptkGePNz,,XRP.XRP,6038.591433,,C719B7C49FF97440EA52FFBF7314E9A5E18A4D9743DC735DAC2B62E5B5A2B886
2026-09-26 05:50:24,Bitget,rsiNZr8amajbBCQiWxeis8PJ5fptkGePNz,,XRP.XRP,9999.0,=:ETH.ETH:0x7cF6465cDfFb584f74941E8c1FDAEd6388de45DA:553109926/0/39:naswap:10,A8326AC7010179DB150090653AB0BE96DE6BB879120537D2CD5DAE86DE828DE4
2026-09-26 05:50:30,Bitget,rsiNZr8amajbBCQiWxeis8PJ5fptkGePNz,,XRP.XRP,9999.0,=:BTC.BTC:bc1q9rlx3cfy0lntffuhxq7znknccxz0vnsgpqcj0c:17515104/0/39:naswap:10,D9CF8CF218AED149E0743E2EE57D36E57B17FE926D865AC3EC68606B6945B07D
2026-09-26 05:50:30,Bitget,rsiNZr8amajbBCQiWxeis8PJ5fptkGePNz,,XRP.XRP,9999.0,=:ETH.ETH:0x7cF6465cDfFb584f74941E8c1FDAEd6388de45DA:548745187/0/39:naswap:10,239BC85CC5DF01EC9E38C100C4BB2895F745D7DF3893F2DF58663DC454FE129F
2026-09-26 05:50:47,Bitget,rsiNZr8amajbBCQiWxeis8PJ5fptkGePNz,,XRP.XRP,9999.0,=:ETH.ETH:0x7cF6465cDfFb584f74941E8c1FDAEd6388de45DA:546828114/0/39:naswap:10,1EB3DC9B559AD5AA2DB61E4586E55D2F5C71F6AF4017BB45424554D0FDBE19E2
2026-09-26 05:50:47,Bitget,rsiNZr8amajbBCQiWxeis8PJ5fptkGePNz,,XRP.XRP,9999.0,=:BTC.BTC:bc1q9rlx3cfy0lntffuhxq7znknccxz0vnsgpqcj0c:17469682/0/39:naswap:10,4E256C3B73C98CBACE6B34EAB3BE48659253A6FB54BC6F1363D22A0A75C90D8B
2026-09-26 05:51:07,Bitget,rsiNZr8amajbBCQiWxeis8PJ5fptkGePNz,,XRP.XRP,9999.0,=:BTC.BTC:bc1q9rlx3cfy0lntffuhxq7znknccxz0vnsgpqcj0c:17504450/0/39:naswap:10,054D57E398EFFD8DC6040D0F16BBEFD5CC16CF2EBE79BED17071BC74E05E5697
2026-09-26 05:51:07,Bitget,rsiNZr8amajbBCQiWxeis8PJ5fptkGePNz,,XRP.XRP,9999.0,=:ETH.ETH:0x7cF6465cDfFb584f74941E8c1FDAEd6388de45DA:547656597/0/39:naswap:10,BE586C082BA5F5B3383D34431368691D337023746FC67C54D3B43F38A95A849D
2026-09-26 05:51:13,Bitget,rsiNZr8amajbBCQiWxeis8PJ5fptkGePNz,,XRP.XRP,9999.0,=:BTC.BTC:bc1q9rlx3cfy0lntffuhxq7znknccxz0vnsgpqcj0c:17516173/0/39:naswap:10,73C80E6112DE72C6C71933A4D530088D69D0C0364E9E9B20291B79F6A39058D8
2026-09-26 05:51:27,Bitget,rsiNZr8amajbBCQiWxeis8PJ5fptkGePNz,,XRP.XRP,9999.0,=:ETH.ETH:0x7cF6465cDfFb584f74941E8c1FDAEd6388de45DA:550089012/0/39:naswap:10,113083DCE06C09E7E1454C315861F2605065875304DB6209ED7F0EB23FF4583E
2026-09-26 05:51:27,Bitget,rsiNZr8amajbBCQiWxeis8PJ5fptkGePNz,,XRP.XRP,9999.0,=:BTC.BTC:bc1q9rlx3cfy0lntffuhxq7znknccxz0vnsgpqcj0c:17539174/0/39:naswap:10,C8B3F07BC1D44CE179250ECCF7F5793F6898A6649F0AB9B7154B8173A078512C
2026-09-26 05:51:38,Bitget,rsiNZr8amajbBCQiWxeis8PJ5fptkGePNz,,XRP.XRP,9999.0,=:ETH.ETH:0x7cF6465cDfFb584f74941E8c1FDAEd6388de45DA:548152482/0/39:naswap:10,695A946C53025B50934A1B9FD023E0B813BA4216990DDBCB7A67EF0873FD8193
2026-09-26 05:51:44,Bitget,rsiNZr8amajbBCQiWxeis8PJ5fptkGePNz,,XRP.XRP,9999.0,=:BTC.BTC:bc1q9rlx3cfy0lntffuhxq7znknccxz0vnsgpqcj0c:17512072/0/39:naswap:10,6FE3D42C440EE1F44C23AABB0109340FCCDC4EFED29B13EC02A89E7CBD29AE56
2026-09-26 05:52:00,Bitget,rsiNZr8amajbBCQiWxeis8PJ5fptkGePNz,,XRP.XRP,9999.0,=:BTC.BTC:bc1q9rlx3cfy0lntffuhxq7znknccxz0vnsgpqcj0c:17499057/0/39:naswap:10,8925835EFD6D0FE8755DC158F59C926B5924D0EB3095D44B73248FEAEE583015
2026-09-26 05:52:13,Bitget,rsiNZr8amajbBCQiWxeis8PJ5fptkGePNz,,XRP.XRP,9999.0,=:BTC.BTC:bc1q9rlx3cfy0lntffuhxq7znknccxz0vnsgpqcj0c:17402327/0/39:naswap:10,DDE42763815C4E07D8B436AED7244377E028396861C27F16C4304ED1CE09D76F
2026-09-26 05:54:24,Bitget,rsiNZr8amajbBCQiWxeis8PJ5fptkGePNz,,XRP.XRP,9999.0,=:BTC.BTC:bc1qqv607h9qxmvpdwf0u32ffm98l5d7fjyk772wz2:17531553/0/39:naswap:10,B7C76EAE2B78912F746304E01B5E5A5F1DA8D89EA64E67E2245A638D7A164A66
2026-09-26 05:54:24,Bitget,rsiNZr8amajbBCQiWxeis8PJ5fptkGePNz,,XRP.XRP,9999.0,=:ETH.ETH:0x7cF6465cDfFb584f74941E8c1FDAEd6388de45DA:548439474/0/39:naswap:10,8A227B124BBD79B210F610E1BA69A4D1D603FF849DE663E39D1E9C42C4BBE80A
2026-09-26 05:54:38,Bitget,rsiNZr8amajbBCQiWxeis8PJ5fptkGePNz,,XRP.XRP,9999.0,=:BTC.BTC:bc1qqv607h9qxmvpdwf0u32ffm98l5d7fjyk772wz2:17478331/0/39:naswap:10,5CBCABE8733E2E4789C05A125008A4C5BC67F96F04ACA0ADE2A28442DAC88725
2026-09-26 05:54:44,Bitget,rsiNZr8amajbBCQiWxeis8PJ5fptkGePNz,,XRP.XRP,9999.0,=:ETH.ETH:0x7cF6465cDfFb584f74941E8c1FDAEd6388de45DA:548901482/0/39:naswap:10,BA0EB96AC90960514FE164E8CF067CD32279E35EE37D165F9D6B2251826FC7A0
2026-09-26 05:54:53,Bitget,rsiNZr8amajbBCQiWxeis8PJ5fptkGePNz,,XRP.XRP,9999.0,=:ETH.ETH:0x7cF6465cDfFb584f74941E8c1FDAEd6388de45DA:548099634/0/39:naswap:10,A22663FF044E3E1D39987AEA699C6CA05CF65353AFB31DA2C59C89F3CB8DCEC2
2026-09-26 05:55:06,Bitget,rsiNZr8amajbBCQiWxeis8PJ5fptkGePNz,,XRP.XRP,9999.0,=:BTC.BTC:bc1qqv607h9qxmvpdwf0u32ffm98l5d7fjyk772wz2:17530309/0/39:naswap:10,3DC826BE9D060C9791160623ACEEAF3EA537B1CB42F2C923D2EA3833E7F849FC
2026-09-26 05:55:26,Bitget,rsiNZr8amajbBCQiWxeis8PJ5fptkGePNz,,XRP.XRP,9999.0,=:BTC.BTC:bc1qqv607h9qxmvpdwf0u32ffm98l5d7fjyk772wz2:17506484/0/39:naswap:10,B09B3E981A5B530981193F895EF2362620C3D9B20046D77810FF5635811085B3
2026-09-26 05:55:48,Bitget,rsiNZr8amajbBCQiWxeis8PJ5fptkGePNz,,XRP.XRP,9999.0,=:BTC.BTC:bc1qqv607h9qxmvpdwf0u32ffm98l5d7fjyk772wz2:17433893/0/39:naswap:10,34D83D901F8F18B171A40EA4D8E53FFBC2D4A093D4ED17EBCA5395B38225B2B9
2026-09-26 05:59:09,Bitget,rsiNZr8amajbBCQiWxeis8PJ5fptkGePNz,,XRP.XRP,11209.518826,=:BTC.BTC:bc1qqv607h9qxmvpdwf0u32ffm98l5d7fjyk772wz2:19682614/0/44:naswap:10,894ADB948C0773DB460B1DC89B22E96FD2F23B0E8DB4C79A942636F81C5B45AE
2026-09-26 06:12:17,Bitget,rsiNZr8amajbBCQiWxeis8PJ5fptkGePNz,,XRP.XRP,9999.0,=:BTC.BTC:bc1qqv607h9qxmvpdwf0u32ffm98l5d7fjyk772wz2:17562917/0/39:naswap:10,3A4C0AA258B7FE50B9C6CB7C6089EBB35E57605FBED039C86A4641FA8AB7BC8D
2026-09-26 06:12:39,Bitget,rsiNZr8amajbBCQiWxeis8PJ5fptkGePNz,,XRP.XRP,9999.0,=:BTC.BTC:bc1qqv607h9qxmvpdwf0u32ffm98l5d7fjyk772wz2:17646250/0/39:naswap:10,25EDF4BA8DA572B6C9B274D031998FAC9A3F94BE937DE48E94B8DBB9545B93B7
2026-09-26 06:14:19,Bitget,rsiNZr8amajbBCQiWxeis8PJ5fptkGePNz,,XRP.XRP,9999.0,=:ETH.ETH:0x7cF6465cDfFb584f74941E8c1FDAEd6388de45DA:548195370/0/39:naswap:10,C7039DE26D965DCC6C1D9DDA215512E8DC385D037E098F65E56C6974FFEE95FA
2026-09-26 06:14:32,Bitget,rsiNZr8amajbBCQiWxeis8PJ5fptkGePNz,,XRP.XRP,9999.0,=:BTC.BTC:bc1qqv607h9qxmvpdwf0u32ffm98l5d7fjyk772wz2:17510228/0/39:naswap:10,EF6B8558FBEAD106FEF02F56EFA492CA3B5A35B753C4F93A33AFE21890D1EC40
2026-09-26 06:14:40,Bitget,rsiNZr8amajbBCQiWxeis8PJ5fptkGePNz,,XRP.XRP,9999.0,=:ETH.ETH:0x7cF6465cDfFb584f74941E8c1FDAEd6388de45DA:547249347/0/39:naswap:10,7FB9E09EC0A71728F6F17BD2434E9DABF28EE9A25A412DCE1D3F216EBED214EA
2026-09-26 06:14:52,Bitget,rsiNZr8amajbBCQiWxeis8PJ5fptkGePNz,,XRP.XRP,9999.0,=:BTC.BTC:bc1qqv607h9qxmvpdwf0u32ffm98l5d7fjyk772wz2:17510741/0/39:naswap:10,0E2023081E7924BA1F0DB0315796ECB13D42F2DA1C233796F3663FE6A160E6FB
2026-09-26 06:14:58,Bitget,rsiNZr8amajbBCQiWxeis8PJ5fptkGePNz,,XRP.XRP,9999.0,=:ETH.ETH:0x7cF6465cDfFb584f74941E8c1FDAEd6388de45DA:547628984/0/39:naswap:10,4DFF8DA248359D4B2A9B1D5A8E4B7E7183EB0B8214BC07BAE192FD9CB19D01F2
2026-09-26 06:15:10,Bitget,rsiNZr8amajbBCQiWxeis8PJ5fptkGePNz,,XRP.XRP,9999.0,=:BTC.BTC:bc1qqv607h9qxmvpdwf0u32ffm98l5d7fjyk772wz2:17458609/0/39:naswap:10,313375434ADA5ED67D0326342E1A5342625F5B16D007E81869BAB36C2F9316E0
2026-09-26 06:15:29,Bitget,rsiNZr8amajbBCQiWxeis8PJ5fptkGePNz,,XRP.XRP,9999.0,=:BTC.BTC:bc1qqv607h9qxmvpdwf0u32ffm98l5d7fjyk772wz2:17531959/0/39:naswap:10,781D1DAE55BCC39E5AFC75BDAF9AEDB1714D233616CCE51F53F2EDA91731B935
2026-09-26 06:15:35,Bitget,rsiNZr8amajbBCQiWxeis8PJ5fptkGePNz,,XRP.XRP,9999.0,=:BTC.BTC:bc1qqv607h9qxmvpdwf0u32ffm98l5d7fjyk772wz2:17527189/0/39:naswap:10,9FBBB78B089D010C0ACCC5CF111EA756C1BA9E1E158C8DB2C802103AD374B344
2026-09-26 06:16:02,Bitget,rsiNZr8amajbBCQiWxeis8PJ5fptkGePNz,,XRP.XRP,9999.0,=:BTC.BTC:bc1qqv607h9qxmvpdwf0u32ffm98l5d7fjyk772wz2:17498126/0/39:naswap:10,2F6449A44787230633956BD6179654FBBAB0E0CD49E3921FBA1582BCC25EF6D7
2026-09-26 06:16:53,Bitget,rsiNZr8amajbBCQiWxeis8PJ5fptkGePNz,,XRP.XRP,9999.0,=:BTC.BTC:bc1qqv607h9qxmvpdwf0u32ffm98l5d7fjyk772wz2:17555896/0/39:naswap:10,5F075A5F7DFF861A96778B3C6424E02AF6B2A0093FF12E6EE7285D692E528862
2026-09-26 06:17:13,Bitget,rsiNZr8amajbBCQiWxeis8PJ5fptkGePNz,,XRP.XRP,9999.0,=:BTC.BTC:bc1qqv607h9qxmvpdwf0u32ffm98l5d7fjyk772wz2:17517093/0/39:naswap:10,3A512EB88DF655FA22317D01EA683E9D4A1B47890A2012DBA388BF94E9A8A366
2026-09-26 06:17:53,Bitget,rsiNZr8amajbBCQiWxeis8PJ5fptkGePNz,,XRP.XRP,9999.0,=:BTC.BTC:bc1qqv607h9qxmvpdwf0u32ffm98l5d7fjyk772wz2:17521709/0/39:naswap:10,034E44CB2A6F6F3B076608873AB0DA5F9999BE995D5C0127E4263084C9907555
2026-09-26 06:18:17,Bitget,rsiNZr8amajbBCQiWxeis8PJ5fptkGePNz,,XRP.XRP,9999.0,=:BTC.BTC:bc1qqv607h9qxmvpdwf0u32ffm98l5d7fjyk772wz2:17591158/0/39:naswap:10,B2272D8D25374994722A077314CE843ABFD1B9E3CCA5E47D88CE556F9E44121C
2026-09-26 06:19:01,Bitget,rsiNZr8amajbBCQiWxeis8PJ5fptkGePNz,,XRP.XRP,9999.0,=:BTC.BTC:bc1qqv607h9qxmvpdwf0u32ffm98l5d7fjyk772wz2:17520576/0/39:naswap:10,1AC4BBD8A1BEF2F1582E745A224A8FE8B690B78E56D2B82D0C5824C0EC45F306
2026-09-26 06:24:52,Bitget,rsiNZr8amajbBCQiWxeis8PJ5fptkGePNz,,XRP.XRP,9258.062641,=:BTC.BTC:bc1qqv607h9qxmvpdwf0u32ffm98l5d7fjyk772wz2:16199916/0/36:naswap:10,A5FF55F45A7419D9290B01EB345958D14D70668D7A084516E31BEFA0F6443557
2026-09-26 06:56:25,Bitget,rsiNZr8amajbBCQiWxeis8PJ5fptkGePNz,,XRP.XRP,9999.0,=:BTC.BTC:bc1qqv607h9qxmvpdwf0u32ffm98l5d7fjyk772wz2:17597582/0/39:naswap:10,2C0D7AB868068872B6DF833F26B1EF2AF856E2A17E579EEA0F0879771CDE450A
2026-09-26 06:56:25,Bitget,rsiNZr8amajbBCQiWxeis8PJ5fptkGePNz,,XRP.XRP,9999.0,=:ETH.ETH:0x7cF6465cDfFb584f74941E8c1FDAEd6388de45DA:549400614/0/39:naswap:10,5F1B909AE9D6B67E60EA1262DAC00E0666B73D355C533313B84A03BA632FFA5B
2026-09-26 06:56:40,Bitget,rsiNZr8amajbBCQiWxeis8PJ5fptkGePNz,,XRP.XRP,9999.0,=:BTC.BTC:bc1qqv607h9qxmvpdwf0u32ffm98l5d7fjyk772wz2:17578171/0/39:naswap:10,FE4700D31B80F0253F70D8BEDFDAC26FA2A15555BAB0FC5EE7B64E320D34A27B
2026-09-26 06:56:40,Bitget,rsiNZr8amajbBCQiWxeis8PJ5fptkGePNz,,XRP.XRP,9999.0,=:ETH.ETH:0x7cF6465cDfFb584f74941E8c1FDAEd6388de45DA:549414946/0/39:naswap:10,FA2CA4B281221F9A04EA0B8E04C0E3EAE20774FADC3310582BF4F770B1D7FA5E
2026-09-26 06:56:47,Bitget,rsiNZr8amajbBCQiWxeis8PJ5fptkGePNz,,XRP.XRP,9999.0,=:ETH.ETH:0x7cF6465cDfFb584f74941E8c1FDAEd6388de45DA:545716620/0/39:naswap:10,00C69EA493348C489F9632B487819A4BA50F96976BE9C948E7F781BABC6C5AE6
2026-09-26 06:57:28,Bitget,rsiNZr8amajbBCQiWxeis8PJ5fptkGePNz,,XRP.XRP,9999.0,=:ETH.ETH:0x7cF6465cDfFb584f74941E8c1FDAEd6388de45DA:551690048/0/39:naswap:10,F924F911D746553B11EC863923E2FC4E8534B7E31ED80E22667DEF2ADB0D4BF5
2026-09-26 06:57:36,Bitget,rsiNZr8amajbBCQiWxeis8PJ5fptkGePNz,,XRP.XRP,9999.0,=:BTC.BTC:bc1qqv607h9qxmvpdwf0u32ffm98l5d7fjyk772wz2:17612205/0/39:naswap:10,BEE2EDF999C51F211701DB7E33BBE4FD0D5855E671AD2A9FA4D1848B3A9A8066
2026-09-26 06:57:36,Bitget,rsiNZr8amajbBCQiWxeis8PJ5fptkGePNz,,XRP.XRP,9999.0,=:ETH.ETH:0x7cF6465cDfFb584f74941E8c1FDAEd6388de45DA:549506374/0/39:naswap:10,9C09FA845F2FC8B4EBE044E76A674C189B4D05C570DDB7492BC99DA7BC8D234E
2026-09-26 06:57:47,Bitget,rsiNZr8amajbBCQiWxeis8PJ5fptkGePNz,,XRP.XRP,9999.0,=:BTC.BTC:bc1qqv607h9qxmvpdwf0u32ffm98l5d7fjyk772wz2:17449435/0/39:naswap:10,A2D06CB52A5F6C2AFD478ECC80E3D29DCA066D95CADA54DE5F911525D867C23A
2026-09-26 06:57:59,Bitget,rsiNZr8amajbBCQiWxeis8PJ5fptkGePNz,,XRP.XRP,9999.0,=:ETH.ETH:0x7cF6465cDfFb584f74941E8c1FDAEd6388de45DA:545708126/0/39:naswap:10,84DE3C999A42648E5A48B57534AE5E73B1E4C2BE4DB4B03876C7DA5471CF1BB9
2026-09-26 06:58:08,Bitget,rsiNZr8amajbBCQiWxeis8PJ5fptkGePNz,,XRP.XRP,9999.0,=:BTC.BTC:bc1qqv607h9qxmvpdwf0u32ffm98l5d7fjyk772wz2:17380406/0/39:naswap:10,54E70B709CB6E0090915242765E59412243058AE9AA434A654E7DBA89AFCE809
2026-09-26 06:58:28,Bitget,rsiNZr8amajbBCQiWxeis8PJ5fptkGePNz,,XRP.XRP,9999.0,=:BTC.BTC:bc1qqv607h9qxmvpdwf0u32ffm98l5d7fjyk772wz2:17380406/0/39:naswap:10,B7811663F744A0B01CF7BAD753E54FDF416DD09D2046C4A3500F18A1DFDF2553
2026-09-26 06:59:39,Bitget,rsiNZr8amajbBCQiWxeis8PJ5fptkGePNz,,XRP.XRP,9999.0,=:BTC.BTC:bc1qqv607h9qxmvpdwf0u32ffm98l5d7fjyk772wz2:17466452/0/39:naswap:10,4AC16A0356F6E27527E6F6DD2B06A564E8DB0E56B99C8F6EBB67F77F53228324
2026-09-26 06:59:45,Bitget,rsiNZr8amajbBCQiWxeis8PJ5fptkGePNz,,XRP.XRP,9999.0,=:BTC.BTC:bc1qqv607h9qxmvpdwf0u32ffm98l5d7fjyk772wz2:17459759/0/39:naswap:10,268BBA956854E44F1239043044EFE5ACED93D5E5424978CDBDE638B3B901E844
2026-09-26 07:00:05,Bitget,rsiNZr8amajbBCQiWxeis8PJ5fptkGePNz,,XRP.XRP,9999.0,=:ETH.ETH:0x7cF6465cDfFb584f74941E8c1FDAEd6388de45DA:545450095/0/39:naswap:10,A540C5B082E6D40A060AB62D2A0F82F13066C26A599CD0792F947A3E49F65023
2026-09-26 07:00:47,Bitget,rsiNZr8amajbBCQiWxeis8PJ5fptkGePNz,,XRP.XRP,9999.0,=:BTC.BTC:bc1qqv607h9qxmvpdwf0u32ffm98l5d7fjyk772wz2:17388109/0/39:naswap:10,FD068E8019C88EAC82DAF52159921BFEF2E6AF22A99860F1BD904C5F68681289
2026-09-26 07:01:01,Bitget,rsiNZr8amajbBCQiWxeis8PJ5fptkGePNz,,XRP.XRP,9999.0,=:BTC.BTC:bc1qqv607h9qxmvpdwf0u32ffm98l5d7fjyk772wz2:17665905/0/39:naswap:10,63F9F3DABF1FAF8B3398588E303513D62D6496F9FCA3FE1C90EBEEC8E677E838
2026-09-26 07:01:07,Bitget,rsiNZr8amajbBCQiWxeis8PJ5fptkGePNz,,XRP.XRP,9999.0,=:ETH.ETH:0x7cF6465cDfFb584f74941E8c1FDAEd6388de45DA:552783731/0/39:naswap:10,A128580E00B3F23EEDED6D6AE06621A93855415464DB39FBCDA5D982A631B56C
2026-09-26 07:01:13,Bitget,rsiNZr8amajbBCQiWxeis8PJ5fptkGePNz,,XRP.XRP,9999.0,=:BTC.BTC:bc1qqv607h9qxmvpdwf0u32ffm98l5d7fjyk772wz2:17602123/0/39:naswap:10,35F1692D89EB89D69EBE30733E3EAEE4405E4765FE731DEF30EE944F9B0F2592
2026-09-26 07:01:19,Bitget,rsiNZr8amajbBCQiWxeis8PJ5fptkGePNz,,XRP.XRP,9999.0,=:ETH.ETH:0x7cF6465cDfFb584f74941E8c1FDAEd6388de45DA:551456773/0/39:naswap:10,170BFA031801D8F650B9ACD81C250DEF4771F44627C9A2C61C8BD564B4C148E2
2026-09-26 07:01:32,Bitget,rsiNZr8amajbBCQiWxeis8PJ5fptkGePNz,,XRP.XRP,9999.0,=:BTC.BTC:bc1qqv607h9qxmvpdwf0u32ffm98l5d7fjyk772wz2:17603216/0/39:naswap:10,8B2D79630529F006771AD2BEC2C15B9890B274DC50385F6EB0C819E05444B969
2026-09-26 07:01:45,Bitget,rsiNZr8amajbBCQiWxeis8PJ5fptkGePNz,,XRP.XRP,9999.0,=:BTC.BTC:bc1qqv607h9qxmvpdwf0u32ffm98l5d7fjyk772wz2:17424871/0/39:naswap:10,7E4631135570CE853BBB4732B51531B238D8EC7020614D3F3BD71D7C2AA8AFF1
2026-09-26 07:01:58,Bitget,rsiNZr8amajbBCQiWxeis8PJ5fptkGePNz,,XRP.XRP,9999.0,=:BTC.BTC:bc1qqv607h9qxmvpdwf0u32ffm98l5d7fjyk772wz2:17385986/0/39:naswap:10,D22356EC684B2C26912D0A7D3662CFB0F44A7E7AAE6A7D47F1AB3504EE6EC3A4
2026-09-26 07:02:17,Bitget,rsiNZr8amajbBCQiWxeis8PJ5fptkGePNz,,XRP.XRP,9999.0,=:BTC.BTC:bc1qqv607h9qxmvpdwf0u32ffm98l5d7fjyk772wz2:17500296/0/39:naswap:10,06C4AFC4862FCBFD43D27EC9800780668470AFD998FEE4D59A0618991A51920F
2026-09-26 07:02:33,Bitget,rsiNZr8amajbBCQiWxeis8PJ5fptkGePNz,,XRP.XRP,9999.0,=:BTC.BTC:bc1qqv607h9qxmvpdwf0u32ffm98l5d7fjyk772wz2:17610996/0/39:naswap:10,39D2495513CC5591F9AA5ED30E9B9EAD21685B1D43147CDE8CDC36D6276A7CA3
2026-09-26 07:02:33,Bitget,rsiNZr8amajbBCQiWxeis8PJ5fptkGePNz,,XRP.XRP,9999.0,=:ETH.ETH:0x7cF6465cDfFb584f74941E8c1FDAEd6388de45DA:550913246/0/39:naswap:10,A076FF59FDC7E139231FD4F9FD94E9006B942CAFA06EED16FCC9E8342246D4C4
2026-09-26 07:02:46,Bitget,rsiNZr8amajbBCQiWxeis8PJ5fptkGePNz,,XRP.XRP,9999.0,=:BTC.BTC:bc1qqv607h9qxmvpdwf0u32ffm98l5d7fjyk772wz2:17443482/0/39:naswap:10,3C1D151908D90A919344CD1118D0320A9D3603C409A0D641B2FBA1083B739965
2026-09-26 07:04:02,Bitget,rsiNZr8amajbBCQiWxeis8PJ5fptkGePNz,,XRP.XRP,9999.0,=:BTC.BTC:bc1qqv607h9qxmvpdwf0u32ffm98l5d7fjyk772wz2:17503920/0/39:naswap:10,AA0023CA263DD8025FE7485D7304AF3773C7159C8DC98990DCAFF99C093827C9
2026-09-26 07:04:02,Bitget,rsiNZr8amajbBCQiWxeis8PJ5fptkGePNz,,XRP.XRP,9999.0,=:BTC.BTC:bc1qqv607h9qxmvpdwf0u32ffm98l5d7fjyk772wz2:17454759/0/39:naswap:10,537229FC028AEA51DD187A42F594E37E11D2F7ED674101109E22734D99E8973B
2026-09-26 07:04:02,Bitget,rsiNZr8amajbBCQiWxeis8PJ5fptkGePNz,,XRP.XRP,9999.0,=:ETH.ETH:0x7cF6465cDfFb584f74941E8c1FDAEd6388de45DA:549364751/0/39:naswap:10,E00FC01FE2D4AC5239FA3A60D90C4BEB6692CECF0D9D059BD14654DD322A5130
2026-09-26 07:04:27,Bitget,rsiNZr8amajbBCQiWxeis8PJ5fptkGePNz,,XRP.XRP,9999.0,=:ETH.ETH:0x7cF6465cDfFb584f74941E8c1FDAEd6388de45DA:546556038/0/39:naswap:10,F67C26DA5DD4D0A8E1176C0B098B5416D5A375E2751434CF592BCB695A6822BC
2026-09-26 07:04:33,Bitget,rsiNZr8amajbBCQiWxeis8PJ5fptkGePNz,,XRP.XRP,9999.0,=:BTC.BTC:bc1qqv607h9qxmvpdwf0u32ffm98l5d7fjyk772wz2:17452094/0/39:naswap:10,18955043941D9B74D996D63D308B49ABB746CA3E0F4FCE6B9EF9658CD6312D03
2026-09-26 07:04:40,Bitget,rsiNZr8amajbBCQiWxeis8PJ5fptkGePNz,,XRP.XRP,9999.0,=:ETH.ETH:0x7cF6465cDfFb584f74941E8c1FDAEd6388de45DA:549870797/0/39:naswap:10,7B78B662AEC0AA823F4B4360B7A5244A7A7F6A0B394734298AF90F81DC188CD9
2026-09-26 07:04:46,Bitget,rsiNZr8amajbBCQiWxeis8PJ5fptkGePNz,,XRP.XRP,9999.0,=:ETH.ETH:0x7cF6465cDfFb584f74941E8c1FDAEd6388de45DA:547483787/0/39:naswap:10,02E88A907066D28689F78B32734B9E593F5E727BEEB539663F757D6BA00ECC0D
2026-09-26 07:04:46,Bitget,rsiNZr8amajbBCQiWxeis8PJ5fptkGePNz,,XRP.XRP,9999.0,=:BTC.BTC:bc1qqv607h9qxmvpdwf0u32ffm98l5d7fjyk772wz2:17499508/0/39:naswap:10,350A246DC737C16C0C9F975B52F1C5FC6EF663842DCD9243CC572234A2B11653
2026-09-26 07:05:03,Bitget,rsiNZr8amajbBCQiWxeis8PJ5fptkGePNz,,XRP.XRP,9999.0,=:ETH.ETH:0x7cF6465cDfFb584f74941E8c1FDAEd6388de45DA:548609173/0/39:naswap:10,7EEEA92B2ABFC880B468865A1A4D8F86E051D235625ABA67D1DC077F0E3DC00F
2026-09-26 07:05:20,Bitget,rsiNZr8amajbBCQiWxeis8PJ5fptkGePNz,,XRP.XRP,9999.0,=:BTC.BTC:bc1qqv607h9qxmvpdwf0u32ffm98l5d7fjyk772wz2:17527478/0/39:naswap:10,E5DE54862DC60FDD7FE32749DD889E8C8DC75706C127754463C494EB1D9786F3
2026-09-26 07:05:33,Bitget,rsiNZr8amajbBCQiWxeis8PJ5fptkGePNz,,XRP.XRP,9999.0,=:BTC.BTC:bc1qqv607h9qxmvpdwf0u32ffm98l5d7fjyk772wz2:17472092/0/39:naswap:10,A018538876EC7FE1B7BA757AB104CADA136DF21198B38539FF9395C00D2E9F91
2026-09-26 07:05:57,Bitget,rsiNZr8amajbBCQiWxeis8PJ5fptkGePNz,,XRP.XRP,9999.0,=:BTC.BTC:bc1qqv607h9qxmvpdwf0u32ffm98l5d7fjyk772wz2:17418667/0/39:naswap:10,EB904C4F4EFC7513196386A5600971F5339B68AAC48890E1F354E8B47C9D981E
2026-09-26 07:07:11,Bitget,rsiNZr8amajbBCQiWxeis8PJ5fptkGePNz,,XRP.XRP,9999.0,=:BTC.BTC:bc1qqv607h9qxmvpdwf0u32ffm98l5d7fjyk772wz2:17434378/0/39:naswap:10,18DC3461393FC555E2AEBCD782070E11050A6734EBCE9B52A7D2A4EFF7F43313
2026-09-26 07:07:30,Bitget,rsiNZr8amajbBCQiWxeis8PJ5fptkGePNz,,XRP.XRP,9999.0,=:BTC.BTC:bc1qqv607h9qxmvpdwf0u32ffm98l5d7fjyk772wz2:17452651/0/39:naswap:10,B99045CB8330C74AA51064C778069F15DBC6565234FC2FED655CB93801187029
2026-09-26 07:07:43,Bitget,rsiNZr8amajbBCQiWxeis8PJ5fptkGePNz,,XRP.XRP,9999.0,=:BTC.BTC:bc1qqv607h9qxmvpdwf0u32ffm98l5d7fjyk772wz2:17608278/0/39:naswap:10,40A8A4F4FBA911B29315B65AC2FC9C7DEC7D9A06298615A03DA2CF0232A19607
2026-09-26 07:07:43,Bitget,rsiNZr8amajbBCQiWxeis8PJ5fptkGePNz,,XRP.XRP,9999.0,=:ETH.ETH:0x7cF6465cDfFb584f74941E8c1FDAEd6388de45DA:550485118/0/39:naswap:10,626E0EFE4CFAF5F2CA7D72A4BA86181E497A3DF682593D5889144F810D64F7F9
2026-09-26 07:08:02,Bitget,rsiNZr8amajbBCQiWxeis8PJ5fptkGePNz,,XRP.XRP,9999.0,=:BTC.BTC:bc1qqv607h9qxmvpdwf0u32ffm98l5d7fjyk772wz2:17453248/0/39:naswap:10,B02099B659C305F683062566EF5D7B8A9063251CC90CAF4D3BB26E300B6B11A3
2026-09-26 07:08:08,Bitget,rsiNZr8amajbBCQiWxeis8PJ5fptkGePNz,,XRP.XRP,9999.0,=:ETH.ETH:0x7cF6465cDfFb584f74941E8c1FDAEd6388de45DA:546334284/0/39:naswap:10,9607C9E4D8C000732E3B97C1B102F8002FC9ABF72F00EC9C1C0301102FEF3B09
2026-09-26 07:08:14,Bitget,rsiNZr8amajbBCQiWxeis8PJ5fptkGePNz,,XRP.XRP,9999.0,=:BTC.BTC:bc1qqv607h9qxmvpdwf0u32ffm98l5d7fjyk772wz2:17510148/0/39:naswap:10,070AB2E135FE3E41A153DA7C99DBD90355383F53A57E7AE4015DB0102DB28135
2026-09-26 07:08:27,Bitget,rsiNZr8amajbBCQiWxeis8PJ5fptkGePNz,,XRP.XRP,9999.0,=:BTC.BTC:bc1qqv607h9qxmvpdwf0u32ffm98l5d7fjyk772wz2:17443358/0/39:naswap:10,7C74E198CA4CDBEC1C051A240DA3CBE563C1582D8A9A31C123776601CAED552D
2026-09-26 07:08:46,Bitget,rsiNZr8amajbBCQiWxeis8PJ5fptkGePNz,,XRP.XRP,9999.0,=:BTC.BTC:bc1qqv607h9qxmvpdwf0u32ffm98l5d7fjyk772wz2:17432826/0/39:naswap:10,92753DAD279DF9B35D21147FF692912C3DF2A5D9EA23A311EFEC5A1608A9C32E
2026-09-26 07:09:15,Bitget,rsiNZr8amajbBCQiWxeis8PJ5fptkGePNz,,XRP.XRP,9999.0,=:BTC.BTC:bc1qqv607h9qxmvpdwf0u32ffm98l5d7fjyk772wz2:17479323/0/39:naswap:10,AB10A5E299D8D91815C1DF04DD319DD74D8C0FADCB75FA77F2062DC2B044BC1E
2026-09-26 07:09:45,Bitget,rsiNZr8amajbBCQiWxeis8PJ5fptkGePNz,,XRP.XRP,9999.0,=:BTC.BTC:bc1qqv607h9qxmvpdwf0u32ffm98l5d7fjyk772wz2:17549800/0/39:naswap:10,CE8CA19F164C2CA0CCF96A7BDDDD9748A7BB873D1CAB2BB3F7C82D4F5085E8C5
2026-09-26 07:10:35,Bitget,rsiNZr8amajbBCQiWxeis8PJ5fptkGePNz,,XRP.XRP,9999.0,=:BTC.BTC:bc1qp585ualr559qpqx7axadr7jsj243vm7tkyauyz:17604077/0/39:naswap:10,DA4E39659369B45AE80C2651E1F9B46A65878BD6DCA30B743ABAA90C0A49A425
2026-09-26 07:10:41,Bitget,rsiNZr8amajbBCQiWxeis8PJ5fptkGePNz,,XRP.XRP,9999.0,=:ETH.ETH:0x7cF6465cDfFb584f74941E8c1FDAEd6388de45DA:548159125/0/39:naswap:10,4AD50E7E9E41ECA53F607A77B9540D30F95D9919017FE29612E50958F2762657
2026-09-26 07:10:48,Bitget,rsiNZr8amajbBCQiWxeis8PJ5fptkGePNz,,XRP.XRP,9999.0,=:BTC.BTC:bc1qp585ualr559qpqx7axadr7jsj243vm7tkyauyz:17426638/0/39:naswap:10,2B59D3DD573822EB5FCC88F7EBD06A6C2FBBD72C4EA237E14BB3D7F2054091D5
2026-09-26 07:11:01,Bitget,rsiNZr8amajbBCQiWxeis8PJ5fptkGePNz,,XRP.XRP,9999.0,=:ETH.ETH:0x7cF6465cDfFb584f74941E8c1FDAEd6388de45DA:549421511/0/39:naswap:10,103BE1B5498C073F70B9D339A2FF920CB80BE7B07341F4EBFA37341BB5D8CFC3
2026-09-26 07:11:13,Bitget,rsiNZr8amajbBCQiWxeis8PJ5fptkGePNz,,XRP.XRP,9999.0,=:BTC.BTC:bc1qp585ualr559qpqx7axadr7jsj243vm7tkyauyz:17491065/0/39:naswap:10,A8405FBF4D6D18095FD23BD2DD4E25F4D6A118C48C5392BBE7BB04B1998BC5FC
2026-09-26 07:11:32,Bitget,rsiNZr8amajbBCQiWxeis8PJ5fptkGePNz,,XRP.XRP,9999.0,=:BTC.BTC:bc1qp585ualr559qpqx7axadr7jsj243vm7tkyauyz:17542144/0/39:naswap:10,30E66922616A7A8AB0160C54B0D4DE24B591E3919D424DE4E4EA29FF3FD24595
2026-09-26 07:11:49,Bitget,rsiNZr8amajbBCQiWxeis8PJ5fptkGePNz,,XRP.XRP,9999.0,=:BTC.BTC:bc1qp585ualr559qpqx7axadr7jsj243vm7tkyauyz:17537155/0/39:naswap:10,0DB418512560A2CBEB49588E4E712351868EC5DE7C6C42DF304D7DCC3E61052F
2026-09-26 07:13:01,Bitget,rsiNZr8amajbBCQiWxeis8PJ5fptkGePNz,,XRP.XRP,9999.0,=:BTC.BTC:bc1qp585ualr559qpqx7axadr7jsj243vm7tkyauyz:17522660/0/39:naswap:10,9DBBF296D8DFA62063D4C74C4139ED545723F3191AD6FC3BFB8C8A0A8DD0C7B3
2026-09-26 07:13:27,Bitget,rsiNZr8amajbBCQiWxeis8PJ5fptkGePNz,,XRP.XRP,9999.0,=:BTC.BTC:bc1qp585ualr559qpqx7axadr7jsj243vm7tkyauyz:17504621/0/39:naswap:10,9FC152B1F3B699AB0FE6BFB801FF09BFFF71C9B5F5433F01559F74F639F68A84
2026-09-26 07:13:47,Bitget,rsiNZr8amajbBCQiWxeis8PJ5fptkGePNz,,XRP.XRP,9999.0,=:BTC.BTC:bc1qp585ualr559qpqx7axadr7jsj243vm7tkyauyz:17485839/0/39:naswap:10,DD7B4A765313286B053AEA76950E298B4ED83866BE5F266A0586C46CC124CCBC
2026-09-26 07:14:01,Bitget,rsiNZr8amajbBCQiWxeis8PJ5fptkGePNz,,XRP.XRP,9999.0,=:BTC.BTC:bc1qp585ualr559qpqx7axadr7jsj243vm7tkyauyz:17518864/0/39:naswap:10,0904C4524E60EE8D35F1F452DEC1F3027F46E891D4AADB93D145FB9ED634B986
2026-09-26 07:14:21,Bitget,rsiNZr8amajbBCQiWxeis8PJ5fptkGePNz,,XRP.XRP,3087.460478,=:BTC.BTC:bc1qp585ualr559qpqx7axadr7jsj243vm7tkyauyz:5410178/0/12:naswap:10,99210C2C270FAF2E745E9E59F9D9364D9D52C2821DB2FB2BF5B430AEC8431CDA
2026-09-26 08:12:53,Bitget,rsiNZr8amajbBCQiWxeis8PJ5fptkGePNz,,XRP.XRP,9999.0,=:BTC.BTC:bc1q4sfh92veesa8gcvahzeaf86dja72zfrqjgc9hm:17565003/0/39:naswap:10,279A9D8A22623D66215D245230CC6AC7740ED330E479064357DD77690AAA0F04
2026-09-26 08:12:53,Bitget,rsiNZr8amajbBCQiWxeis8PJ5fptkGePNz,,XRP.XRP,60000.0,=:ETH.ETH:0x7cF6465cDfFb584f74941E8c1FDAEd6388de45DA:3284575154/0/233:naswap:10,9FADB25C169FC93D94AA1D57C312E8E4FA3A4C2D2C5451524F28261AE30B1B2F
2026-09-26 08:13:10,Bitget,rsiNZr8amajbBCQiWxeis8PJ5fptkGePNz,,XRP.XRP,60000.0,=:ETH.ETH:0x7cF6465cDfFb584f74941E8c1FDAEd6388de45DA:3296286327/0/233:naswap:10,291AB98F2A3967E5D682E44823264BEE893F741D5A41C1ED6E5788CC0DF683E5
2026-09-26 08:13:33,Bitget,rsiNZr8amajbBCQiWxeis8PJ5fptkGePNz,,XRP.XRP,60000.0,=:ETH.ETH:0x7cF6465cDfFb584f74941E8c1FDAEd6388de45DA:3286288354/0/233:naswap:10,C8FCAC3ED965FC3346438B83845BF99F62EB37A962454161F2CAACAB5D5A57CC
2026-09-26 08:13:41,Bitget,rsiNZr8amajbBCQiWxeis8PJ5fptkGePNz,,XRP.XRP,9999.0,=:BTC.BTC:bc1q4sfh92veesa8gcvahzeaf86dja72zfrqjgc9hm:17480282/0/39:naswap:10,09056BCD35C6012702F28CBB80540DB37D52257D1A277187596303F18D8E8797
2026-09-26 08:14:00,Bitget,rsiNZr8amajbBCQiWxeis8PJ5fptkGePNz,,XRP.XRP,60000.0,=:ETH.ETH:0x7cF6465cDfFb584f74941E8c1FDAEd6388de45DA:3290575695/0/233:naswap:10,F0933034971E33DE5C9079D07F458C80184D60B1A6099B557F3E60CE68B4143D
2026-09-26 08:14:07,Bitget,rsiNZr8amajbBCQiWxeis8PJ5fptkGePNz,,XRP.XRP,9999.0,=:BTC.BTC:bc1q4sfh92veesa8gcvahzeaf86dja72zfrqjgc9hm:17480282/0/39:naswap:10,955D3997B947BE68A180E761445DC66FFBD4E017E63E572016359BA289A09D1D
2026-09-26 08:14:23,Bitget,rsiNZr8amajbBCQiWxeis8PJ5fptkGePNz,,XRP.XRP,9999.0,=:BTC.BTC:bc1q4sfh92veesa8gcvahzeaf86dja72zfrqjgc9hm:17501090/0/39:naswap:10,0E81C125082FD7CC460573D744777689652791F5CBFC7AD2F72CDBB03D2B75D4
2026-09-26 08:14:47,Bitget,rsiNZr8amajbBCQiWxeis8PJ5fptkGePNz,,XRP.XRP,2113.931377,=:BTC.BTC:bc1q4sfh92veesa8gcvahzeaf86dja72zfrqjgc9hm:3680192/0/9:naswap:10,8CE5318EAD898B39F7E2BC4280D6E7BEF926A8A89D15CD906104E5127C299E94
2026-09-26 08:41:33,Bitget,rsiNZr8amajbBCQiWxeis8PJ5fptkGePNz,,XRP.XRP,40000.0,=:ETH.ETH:0x7cF6465cDfFb584f74941E8c1FDAEd6388de45DA:2208910531/0/156:naswap:10,33BFC0489FBA1942E145E8EF25562A3A13F03131E3B31BEE83067E5AB107EF7E
2026-09-26 08:41:49,Bitget,rsiNZr8amajbBCQiWxeis8PJ5fptkGePNz,,XRP.XRP,99999.0,=:BTC.BTC:bc1qeacq0pcneekuq6fl23mtvq8vxnphl2fr9hm6qj:176398672/0/255:naswap:10,4FF20A09679075C2B00783693E8B183FCF7CDFAC5AC463E62DB15669A7CB4463
2026-09-26 08:41:55,Bitget,rsiNZr8amajbBCQiWxeis8PJ5fptkGePNz,,XRP.XRP,40000.0,=:ETH.ETH:0x7cF6465cDfFb584f74941E8c1FDAEd6388de45DA:2191768843/0/156:naswap:10,740D65F7F60B64F847E1646A95EDEAA047B935657F33A39C76718AA4B2DD17AC
2026-09-26 08:42:20,Bitget,rsiNZr8amajbBCQiWxeis8PJ5fptkGePNz,,XRP.XRP,9999.0,=:BTC.BTC:bc1qeacq0pcneekuq6fl23mtvq8vxnphl2fr9hm6qj:17441187/0/39:naswap:10,7B1A54B310C29532795CB12A28239F0B35E51D1A2C031973969C7349D6BAA287
2026-09-26 08:44:35,Bitget,rsiNZr8amajbBCQiWxeis8PJ5fptkGePNz,,XRP.XRP,9999.0,=:BTC.BTC:bc1qeacq0pcneekuq6fl23mtvq8vxnphl2fr9hm6qj:17511158/0/39:naswap:10,BFF04933B29DC06DE419DB4B91C02A5E500F8FBA7D1E1A76F3CF74C713137B4D
2026-09-26 08:45:18,Bitget,rsiNZr8amajbBCQiWxeis8PJ5fptkGePNz,,XRP.XRP,9999.0,=:BTC.BTC:bc1qeacq0pcneekuq6fl23mtvq8vxnphl2fr9hm6qj:17489797/0/39:naswap:10,13BBF79D97E8FE06F54BA711F965757575908412E755A883B999E9AAA65CC497
2026-09-26 08:45:50,Bitget,rsiNZr8amajbBCQiWxeis8PJ5fptkGePNz,,XRP.XRP,9999.0,=:BTC.BTC:bc1qeacq0pcneekuq6fl23mtvq8vxnphl2fr9hm6qj:17489797/0/39:naswap:10,B1166EDCE20D5C6D51DBAC514F695FB91F27D749C18CEBAD926DEAA74FE3029D
2026-09-26 08:47:54,Bitget,rsiNZr8amajbBCQiWxeis8PJ5fptkGePNz,,XRP.XRP,6164.724455,,3D9014730F3CCFE7E18EB621A9ED43F472810795841A19BA7D97F121A3CA1105
2026-09-26 08:49:47,Bitget,rsiNZr8amajbBCQiWxeis8PJ5fptkGePNz,,XRP.XRP,9999.0,=:BTC.BTC:bc1qeacq0pcneekuq6fl23mtvq8vxnphl2fr9hm6qj:17478108/0/39:naswap:10,2B641215AE8AC579B82970AC193C4111697D34A5A778C8648E9D85C3DEE3E932
2026-09-26 08:50:46,Bitget,rsiNZr8amajbBCQiWxeis8PJ5fptkGePNz,,XRP.XRP,40000.0,=:ETH.ETH:0x7cF6465cDfFb584f74941E8c1FDAEd6388de45DA:2210035475/0/156:naswap:10,C100D73008F0E33CE03C6430A19A0F9CB1763E48BFC6CACC2407668CB9154F09
2026-09-26 08:50:46,Bitget,rsiNZr8amajbBCQiWxeis8PJ5fptkGePNz,,XRP.XRP,9999.0,=:BTC.BTC:bc1qeacq0pcneekuq6fl23mtvq8vxnphl2fr9hm6qj:17610965/0/39:naswap:10,F3F547D906343F5257DCAC77EA838369E0B1622676503F1970EEC7C701D6DE22
2026-09-26 08:51:39,Bitget,rsiNZr8amajbBCQiWxeis8PJ5fptkGePNz,,XRP.XRP,40000.0,=:ETH.ETH:0x7cF6465cDfFb584f74941E8c1FDAEd6388de45DA:2198931637/0/156:naswap:10,5F207D1A5F821F7E8A133A3CA1E8B504671BA4EA5B9542115E82586BE088749C
2026-09-26 08:55:16,Bitget,rsiNZr8amajbBCQiWxeis8PJ5fptkGePNz,,XRP.XRP,9999.0,=:BTC.BTC:bc1qeacq0pcneekuq6fl23mtvq8vxnphl2fr9hm6qj:17380289/0/39:naswap:10,223B8EC7ED7FAA7CD33429F8A177C72FD95FF37B0687856A1DF72830179AEB19
2026-09-26 08:56:00,Bitget,rsiNZr8amajbBCQiWxeis8PJ5fptkGePNz,,XRP.XRP,9999.0,=:BTC.BTC:bc1qeacq0pcneekuq6fl23mtvq8vxnphl2fr9hm6qj:17515259/0/39:naswap:10,F0521101FAA523B3661AA60CA340B9B1BE16295DDB675CA5B97787FCCF634C6A
2026-09-26 08:56:24,Bitget,rsiNZr8amajbBCQiWxeis8PJ5fptkGePNz,,XRP.XRP,6528.562156,=:BTC.BTC:bc1qeacq0pcneekuq6fl23mtvq8vxnphl2fr9hm6qj:11415189/0/26:naswap:10,C19149AE2050297E12F95BD17DCA4EA4FBF55622B002A310BACA0DEB41F81516
2026-09-26 09:05:58,Bitget,rsiNZr8amajbBCQiWxeis8PJ5fptkGePNz,,XRP.XRP,9999.0,=:BTC.BTC:bc1qeacq0pcneekuq6fl23mtvq8vxnphl2fr9hm6qj:17415501/0/39:naswap:10,7F0BA679B8C937386ACD481BFAA53DD9E7EC63FE07E393949EE5973629B40407
2026-09-26 09:06:17,Bitget,rsiNZr8amajbBCQiWxeis8PJ5fptkGePNz,,XRP.XRP,9999.0,=:BTC.BTC:bc1qeacq0pcneekuq6fl23mtvq8vxnphl2fr9hm6qj:17385975/0/39:naswap:10,9DEF1F631CFEB99812B639D230D180FAC38B67A62F66F2CE68CC497BED0BE3F1
2026-09-26 09:11:58,Bitget,rsiNZr8amajbBCQiWxeis8PJ5fptkGePNz,,XRP.XRP,9999.0,=:BTC.BTC:bc1qeacq0pcneekuq6fl23mtvq8vxnphl2fr9hm6qj:17363111/0/39:naswap:10,EF8E398C88C23586D8AFA766C1350C659E6176977B1E75905D648377CCBC91E1
2026-09-26 09:12:09,Bitget,rsiNZr8amajbBCQiWxeis8PJ5fptkGePNz,,XRP.XRP,40000.0,=:ETH.ETH:0x7cF6465cDfFb584f74941E8c1FDAEd6388de45DA:2183395132/0/155:naswap:10,46275EBE0014F97564F4DE0486241BE332D2850CEF2AD45E5E5F39BB13487D10
2026-09-26 09:12:28,Bitget,rsiNZr8amajbBCQiWxeis8PJ5fptkGePNz,,XRP.XRP,40000.0,=:ETH.ETH:0x7cF6465cDfFb584f74941E8c1FDAEd6388de45DA:2191904236/0/155:naswap:10,F3CD303C790FDED28E5EFF38999E45CFB8A2A60D4D7098DE1C2AB61C835937D4
2026-09-26 09:12:45,Bitget,rsiNZr8amajbBCQiWxeis8PJ5fptkGePNz,,XRP.XRP,9999.0,=:BTC.BTC:bc1qeacq0pcneekuq6fl23mtvq8vxnphl2fr9hm6qj:17328787/0/39:naswap:10,4E4DF37D152EBA7D6655FF9F08BCC39B0AE0BB5E7971EF245945AD2DA5C778D6
2026-09-26 09:13:01,Bitget,rsiNZr8amajbBCQiWxeis8PJ5fptkGePNz,,XRP.XRP,40000.0,=:ETH.ETH:0x7cF6465cDfFb584f74941E8c1FDAEd6388de45DA:2183865594/0/155:naswap:10,64B8FE552F669990473C669B2F0EA0AA115C637BC326D594DDE1092A8EF50DB1
2026-09-26 09:15:24,Bitget,rsiNZr8amajbBCQiWxeis8PJ5fptkGePNz,,XRP.XRP,40000.0,=:ETH.ETH:0x7cF6465cDfFb584f74941E8c1FDAEd6388de45DA:2185620336/0/155:naswap:10,41372AA890645C47F80978114FC0823BC0DEE63A31AF90B85AFB7CCED778ECB2
2026-09-26 09:15:24,Bitget,rsiNZr8amajbBCQiWxeis8PJ5fptkGePNz,,XRP.XRP,9999.0,=:BTC.BTC:bc1qeacq0pcneekuq6fl23mtvq8vxnphl2fr9hm6qj:17339080/0/39:naswap:10,8A7AF8506A2AD45661A4677F77EF6B90B292F80D56DB1352946530906579CBE0
2026-09-26 09:15:41,Bitget,rsiNZr8amajbBCQiWxeis8PJ5fptkGePNz,,XRP.XRP,40000.0,=:ETH.ETH:0x7cF6465cDfFb584f74941E8c1FDAEd6388de45DA:2206464382/0/154:naswap:10,77BD5047A51F16D49CE712C33B49D64E78AA69076EDBA2993FD52C395E077F29
2026-09-26 09:17:27,Bitget,rsiNZr8amajbBCQiWxeis8PJ5fptkGePNz,,XRP.XRP,39720.258604,=:ETH.ETH:0x7cF6465cDfFb584f74941E8c1FDAEd6388de45DA:2180340580/0/153:naswap:10,ADB3FE0D646934B184A1856870693E1871DE86AFBB63926363BCADF5BBC3F7FC
2026-09-26 09:17:33,Bitget,rhaV2Kn4qEGSEB6YBFooucjnFakrzCYWou,,XRP.XRP,1000.0,=:BTC.BTC:bc1qcucpas769r9rfpah0fv89wtqnsjgl63keycaj7:1776311/0/4:naswap:30,7D8D679C382F082FB24CF83AA15E77BD78704200E5974268182A098A6BACD51C
2026-09-26 09:17:50,Bitget,rhaV2Kn4qEGSEB6YBFooucjnFakrzCYWou,,XRP.XRP,1000.0,=:BTC.BTC:bc1qcucpas769r9rfpah0fv89wtqnsjgl63keycaj7:1776311/0/4:naswap:30,172083E4218C6824313F693A02E375B60087D2A19BC9E62EBFBBB1B02189E020
2026-09-26 09:18:08,Bitget,rhaV2Kn4qEGSEB6YBFooucjnFakrzCYWou,,XRP.XRP,1000.0,=:BTC.BTC:bc1qcucpas769r9rfpah0fv89wtqnsjgl63keycaj7:1776311/0/4:naswap:30,EC865803051A7C8DF3DED1C5FE5F02836E4F94E4720CD6E14E9E835A32D089DD
2026-09-26 09:18:32,Bitget,rhaV2Kn4qEGSEB6YBFooucjnFakrzCYWou,,XRP.XRP,1000.0,=:BTC.BTC:bc1qcucpas769r9rfpah0fv89wtqnsjgl63keycaj7:1776311/0/4:naswap:30,7600848D70138A1ACC8A84E4F6F3E4C9DC7277EB82C95EE5650104B157691006
2026-09-26 09:19:16,Bitget,rhaV2Kn4qEGSEB6YBFooucjnFakrzCYWou,,XRP.XRP,1000.0,=:BTC.BTC:bc1qcucpas769r9rfpah0fv89wtqnsjgl63keycaj7:1776311/0/4:naswap:30,BF05E68031CA1791BA1A4681B37B942AEE164668207C82396690555846DBEFCD
2026-09-26 09:28:48,Bitget,rsiNZr8amajbBCQiWxeis8PJ5fptkGePNz,,XRP.XRP,9999.0,=:BTC.BTC:bc1qeacq0pcneekuq6fl23mtvq8vxnphl2fr9hm6qj:17440464/0/39:naswap:10,0357E1D621B65505B379A0AB9534873C3159925C770CC7EA5829D4E240B1DE66
2026-09-26 09:29:27,Bitget,rsiNZr8amajbBCQiWxeis8PJ5fptkGePNz,,XRP.XRP,16363.6363638,=:ETH.ETH:0x7cF6465cDfFb584f74941E8c1FDAEd6388de45DA:2187841646/0/154:naswap:10,063EF692AF72AF0F34FC2769608B88693BBB37BE906A9C96B61A5BBDC45E7EC8
2026-09-26 09:29:44,Bitget,rsiNZr8amajbBCQiWxeis8PJ5fptkGePNz,,XRP.XRP,9544.5,=:BTC.BTC:bc1qeacq0pcneekuq6fl23mtvq8vxnphl2fr9hm6qj:17395484/0/39:naswap:10,3AC909E833C88E7EF1B1A7BDD6D21AA2563750664ED635F26B62270177830A71
2026-09-26 09:31:51,Bitget,rsiNZr8amajbBCQiWxeis8PJ5fptkGePNz,,XRP.XRP,454.5,,3AC909E833C88E7EF1B1A7BDD6D21AA2563750664ED635F26B62270177830A71
2026-09-26 09:40:29,Bitget,rsiNZr8amajbBCQiWxeis8PJ5fptkGePNz,,XRP.XRP,23636.3636362,,063EF692AF72AF0F34FC2769608B88693BBB37BE906A9C96B61A5BBDC45E7EC8
2026-09-26 09:52:22,Bitget,rsiNZr8amajbBCQiWxeis8PJ5fptkGePNz,,XRP.XRP,9999.0,=:BTC.BTC:bc1qeacq0pcneekuq6fl23mtvq8vxnphl2fr9hm6qj:17323508/0/39:naswap:10,33167E711A859375BC6872FC0FA180BBB3307D8CE7A0952D3026A45185FD6054
2026-09-26 09:52:35,Bitget,rsiNZr8amajbBCQiWxeis8PJ5fptkGePNz,,XRP.XRP,9522.85714286,=:BTC.BTC:bc1qeacq0pcneekuq6fl23mtvq8vxnphl2fr9hm6qj:17553091/0/39:naswap:10,BB2141FBB3D05CEEEB380AA779709E3867579123E0FFCB7B26E1C09A8BC03551
2026-09-26 09:52:44,Bitget,rsiNZr8amajbBCQiWxeis8PJ5fptkGePNz,,XRP.XRP,9999.0,=:ETH.ETH:0x7cF6465cDfFb584f74941E8c1FDAEd6388de45DA:548869802/0/39:naswap:10,3E624E35FE8A06B2D362C5A4AD4CC6E9AE331C3778C75682ECFFF0C626B24241
2026-09-26 09:52:50,Bitget,rsiNZr8amajbBCQiWxeis8PJ5fptkGePNz,,XRP.XRP,9999.0,=:BTC.BTC:bc1qeacq0pcneekuq6fl23mtvq8vxnphl2fr9hm6qj:17418645/0/39:naswap:10,A6B983CDA1A93757EDEE67D2603EBC20B44EAB7856B177B1A0A9434A70983077
2026-09-26 09:54:01,Bitget,rsiNZr8amajbBCQiWxeis8PJ5fptkGePNz,,XRP.XRP,9999.0,=:BTC.BTC:bc1q4hqx5mu5cqvylwn4vt2sahv57ya4f8qe29e70q:17361975/0/39:naswap:10,C30BEEADC6D3FE15A1C13576014B39A12D3578F76F87676640180EA3D0E85390
2026-09-26 09:54:56,Bitget,rsiNZr8amajbBCQiWxeis8PJ5fptkGePNz,,XRP.XRP,9999.0,=:BTC.BTC:bc1q4hqx5mu5cqvylwn4vt2sahv57ya4f8qe29e70q:17331818/0/39:naswap:10,90AAE093B71FFEAFC6FD157BC7030C978AD7E22FE9A9DD04057F00606C22BC47
2026-09-26 09:54:56,Bitget,rsiNZr8amajbBCQiWxeis8PJ5fptkGePNz,,XRP.XRP,476.14285714,,BB2141FBB3D05CEEEB380AA779709E3867579123E0FFCB7B26E1C09A8BC03551
2026-09-26 09:56:20,Bitget,rsiNZr8amajbBCQiWxeis8PJ5fptkGePNz,,XRP.XRP,9999.0,=:ETH.ETH:0x7cF6465cDfFb584f74941E8c1FDAEd6388de45DA:544519211/0/39:naswap:10,58BB88D1298CEB13CC46B048D5E003A6A0AEE93A8CF4C76DDC99F0A77EEC90CF
2026-09-26 09:59:00,Bitget,rsiNZr8amajbBCQiWxeis8PJ5fptkGePNz,,XRP.XRP,5695.608049,=:BTC.BTC:bc1q4hqx5mu5cqvylwn4vt2sahv57ya4f8qe29e70q:9910482/0/22:naswap:10,0ED5460400C82ACA4A3A184D3CEC0279AE4FB58C4B8AF080207C1E578F4EB812
2026-09-26 11:07:46,Bitget,rsiNZr8amajbBCQiWxeis8PJ5fptkGePNz,,XRP.XRP,9999.0,=:BTC.BTC:bc1qtgzpq7lqj45qxypajklmpgpv5w9fpyt7kpalnt:17859356/0/39:naswap:30,4B3D94869CD42C26F273499AD2628E70B7A27AF30DE3D536B12E77E4E54CDF52
2026-09-26 11:07:58,Bitget,rsiNZr8amajbBCQiWxeis8PJ5fptkGePNz,,XRP.XRP,9999.0,=:ETH.ETH:0x7cF6465cDfFb584f74941E8c1FDAEd6388de45DA:559471933/0/39:naswap:30,1109144808B82A927DA7098C878F0F2779B7DAA06EF7A6D1964677602A6277CE
2026-09-26 11:26:38,Bitget,rhaV2Kn4qEGSEB6YBFooucjnFakrzCYWou,,XRP.XRP,10000.0,=:BTC.BTC:bc1qcucpas769r9rfpah0fv89wtqnsjgl63keycaj7:17848850/0/39:naswap:30,A4021472495B89BB422827562838B15D97FF90EF6C0A164D2C10C0B02A874E17
2026-09-26 11:33:12,Bitget,rhaV2Kn4qEGSEB6YBFooucjnFakrzCYWou,,XRP.XRP,10000.0,=:BTC.BTC:bc1qcucpas769r9rfpah0fv89wtqnsjgl63keycaj7:17845629/0/39:naswap:30,BB7F5B1A9B73C96BA7DD9092972A89B71EA619D899D8A4AE1A6CED90C8D0F175
2026-09-26 11:33:29,Bitget,rhaV2Kn4qEGSEB6YBFooucjnFakrzCYWou,,XRP.XRP,10000.0,=:BTC.BTC:bc1qcucpas769r9rfpah0fv89wtqnsjgl63keycaj7:17845629/0/39:naswap:30,02B98B5E47068E1D474318AFBF87703AB82A60C82439449A510D79F25263599B
2026-09-26 11:33:44,Bitget,rsiNZr8amajbBCQiWxeis8PJ5fptkGePNz,,XRP.XRP,9999.0,=:ETH.ETH:0x7cF6465cDfFb584f74941E8c1FDAEd6388de45DA:554163632/0/39:naswap:10,51B6A02D03332A31587602D5994FC87AAB88AD1EE0AAB790DD32AC672D63AF8B
2026-09-26 11:34:11,Bitget,rsiNZr8amajbBCQiWxeis8PJ5fptkGePNz,,XRP.XRP,9999.0,=:BTC.BTC:bc1quj86cckj054g9k6h6gwyuu2pygr3992kj5q4yc:17537778/0/39:naswap:10,74DAB996C8403728546FA2B51578A22C2567EEC3E917C8ED9B476A0C518DA7F7
2026-09-26 11:34:22,Bitget,rsiNZr8amajbBCQiWxeis8PJ5fptkGePNz,,XRP.XRP,9999.0,=:BTC.BTC:bc1quj86cckj054g9k6h6gwyuu2pygr3992kj5q4yc:17565453/0/39:naswap:10,64EFDE0DD03DF33C3235229F3B040E178D3EE1E65FD894F19A8CDA560BC3EE0F
2026-09-26 11:34:35,Bitget,rsiNZr8amajbBCQiWxeis8PJ5fptkGePNz,,XRP.XRP,9999.0,=:ETH.ETH:0x7cF6465cDfFb584f74941E8c1FDAEd6388de45DA:550287190/0/39:naswap:10,52F7C970A5CE8AA7596DF4A1AE79DD5216337843202D5E9DE832642F7639778C
2026-09-26 11:34:54,Bitget,rsiNZr8amajbBCQiWxeis8PJ5fptkGePNz,,XRP.XRP,9999.0,=:BTC.BTC:bc1quj86cckj054g9k6h6gwyuu2pygr3992kj5q4yc:17489365/0/39:naswap:10,79CA5E0052C728BE0D54611543D209726D7634327270369B737A177F695CF58E
2026-09-26 11:35:00,Bitget,rhaV2Kn4qEGSEB6YBFooucjnFakrzCYWou,,XRP.XRP,9975.0,=:BTC.BTC:bc1qcucpas769r9rfpah0fv89wtqnsjgl63keycaj7:33898250/0/74:naswap:30,E1E9F32193A988C84D79923118864A7082FF0461E77DC8C106D504FD15E9993E
2026-09-26 11:36:04,Bitget,rsiNZr8amajbBCQiWxeis8PJ5fptkGePNz,,XRP.XRP,9999.0,=:BTC.BTC:bc1quj86cckj054g9k6h6gwyuu2pygr3992kj5q4yc:17430230/0/39:naswap:10,48D280ECE8C06ED4C75B10889D281C42126A2ADCA548DDDA11C3036FD361E4D2
2026-09-26 11:36:04,Bitget,rsiNZr8amajbBCQiWxeis8PJ5fptkGePNz,,XRP.XRP,9999.0,=:ETH.ETH:0x7cF6465cDfFb584f74941E8c1FDAEd6388de45DA:546425029/0/39:naswap:10,DE2470EFC284E19561D2614C1267A4460306439799BA752C20EF54EAF00CB5A2
2026-09-26 11:37:00,Bitget,rsiNZr8amajbBCQiWxeis8PJ5fptkGePNz,,XRP.XRP,9999.0,=:BTC.BTC:bc1quj86cckj054g9k6h6gwyuu2pygr3992kj5q4yc:17430230/0/39:naswap:10,384F747108AA49421B535E22AAC8BB8D5F047C06AF7A40E68321E424207522A9
2026-09-26 11:37:00,Bitget,rsiNZr8amajbBCQiWxeis8PJ5fptkGePNz,,XRP.XRP,9999.0,=:BTC.BTC:bc1quj86cckj054g9k6h6gwyuu2pygr3992kj5q4yc:17430230/0/39:naswap:10,78F1E5705C065340CA7CB46187131F74C14BDB5DBED7DADA7A1FF66311ED6284
2026-09-26 11:37:00,Bitget,rsiNZr8amajbBCQiWxeis8PJ5fptkGePNz,,XRP.XRP,9999.0,=:ETH.ETH:0x7cF6465cDfFb584f74941E8c1FDAEd6388de45DA:546293715/0/39:naswap:10,E3FD3BB2CB88A6DE07F7D2A15F40E12EB711FFB2C9194C457185C52BA2D97FB3
2026-09-26 11:37:00,Bitget,rsiNZr8amajbBCQiWxeis8PJ5fptkGePNz,,XRP.XRP,9999.0,=:ETH.ETH:0x7cF6465cDfFb584f74941E8c1FDAEd6388de45DA:546425029/0/39:naswap:10,4E68E579A09945289B5D3ABA1C818DF95A669FD50D3C7DB0F7FB3D5A64670376
2026-09-26 11:37:29,Bitget,rsiNZr8amajbBCQiWxeis8PJ5fptkGePNz,,XRP.XRP,9999.0,=:BTC.BTC:bc1quj86cckj054g9k6h6gwyuu2pygr3992kj5q4yc:17423838/0/39:naswap:10,1390891DDD003D84F58DBF326B0E470D0FDE1EC079DCDBC61944938052472EFA
2026-09-26 11:37:29,Bitget,rsiNZr8amajbBCQiWxeis8PJ5fptkGePNz,,XRP.XRP,9999.0,=:ETH.ETH:0x7cF6465cDfFb584f74941E8c1FDAEd6388de45DA:546293715/0/39:naswap:10,C929B923A47F8C0B215FD9289ED6818F877280BEADD7674CF3D34AFFD74B6C6A
2026-09-26 11:37:42,Bitget,rsiNZr8amajbBCQiWxeis8PJ5fptkGePNz,,XRP.XRP,9999.0,=:BTC.BTC:bc1quj86cckj054g9k6h6gwyuu2pygr3992kj5q4yc:17423838/0/39:naswap:10,F67E21F898A966A7969619CB26C3984020DA0ADF1138316E1ED2CC9841D94DAA
2026-09-26 11:40:46,Bitget,rhaV2Kn4qEGSEB6YBFooucjnFakrzCYWou,,XRP.XRP,9025.0,,E1E9F32193A988C84D79923118864A7082FF0461E77DC8C106D504FD15E9993E
2026-09-26 11:41:01,Bitget,rsiNZr8amajbBCQiWxeis8PJ5fptkGePNz,,XRP.XRP,9999.0,=:ETH.ETH:0x7cF6465cDfFb584f74941E8c1FDAEd6388de45DA:551331816/0/39:naswap:10,3C8AB83F1E49A44DF49D708B29B3856F31C7C508A5FE6E22ED58FF2078DCA434
2026-09-26 11:41:01,Bitget,rsiNZr8amajbBCQiWxeis8PJ5fptkGePNz,,XRP.XRP,9999.0,=:BTC.BTC:bc1quj86cckj054g9k6h6gwyuu2pygr3992kj5q4yc:17588706/0/39:naswap:10,392A84556B71464C05B0358B949A632A7D412563528F4925E660AD5A76150994
2026-09-26 11:41:15,Bitget,rsiNZr8amajbBCQiWxeis8PJ5fptkGePNz,,XRP.XRP,9999.0,=:BTC.BTC:bc1quj86cckj054g9k6h6gwyuu2pygr3992kj5q4yc:17620471/0/39:naswap:10,2114732815CF5270ED0EA26DD19C8213E03EEE5F7D6AB53C568D8437B0C210EB
2026-09-26 11:41:45,Bitget,rsiNZr8amajbBCQiWxeis8PJ5fptkGePNz,,XRP.XRP,9999.0,=:ETH.ETH:0x7cF6465cDfFb584f74941E8c1FDAEd6388de45DA:551331816/0/39:naswap:10,BD0F1827D1AC74BA35BAE47388395C9AB27FDC3CC588874124310BF6FEADAB06
2026-09-26 11:45:32,Bitget,rsiNZr8amajbBCQiWxeis8PJ5fptkGePNz,,XRP.XRP,9999.0,=:BTC.BTC:bc1quj86cckj054g9k6h6gwyuu2pygr3992kj5q4yc:17506747/0/39:naswap:10,9B61C7C231500B69784BC43F1408E7B1D57D5025109777337C5414A3A8A2F25D
2026-09-26 11:45:32,Bitget,rsiNZr8amajbBCQiWxeis8PJ5fptkGePNz,,XRP.XRP,9999.0,=:ETH.ETH:0x7cF6465cDfFb584f74941E8c1FDAEd6388de45DA:552845677/0/39:naswap:10,ACD50088550CD89C0A7F2708BE34EAF786D1B69832A6B5F2201D89C50BEF6E40
2026-09-26 11:45:41,Bitget,rsiNZr8amajbBCQiWxeis8PJ5fptkGePNz,,XRP.XRP,9999.0,=:BTC.BTC:bc1quj86cckj054g9k6h6gwyuu2pygr3992kj5q4yc:17427688/0/39:naswap:10,0CC2155E7CE17A2F0BA95E57FB482782B2F16618F49D2BEEC4513390BC4E9E78
2026-09-26 11:46:43,Bitget,rsiNZr8amajbBCQiWxeis8PJ5fptkGePNz,,XRP.XRP,9999.0,=:BTC.BTC:bc1quj86cckj054g9k6h6gwyuu2pygr3992kj5q4yc:17484527/0/39:naswap:10,CBA602EC32D0B8F10EE5DB8F720D29E7D1CCA15428FE49330BEA8FDB1EFE994C
2026-09-26 11:46:55,Bitget,rsiNZr8amajbBCQiWxeis8PJ5fptkGePNz,,XRP.XRP,9999.0,=:ETH.ETH:0x7cF6465cDfFb584f74941E8c1FDAEd6388de45DA:548671831/0/39:naswap:10,7EA706352F76C551E1F79636CEF213AFBE53ECEEC607F98D4CA73E27C7ACC972
2026-09-26 12:07:38,Bitget,rsiNZr8amajbBCQiWxeis8PJ5fptkGePNz,,XRP.XRP,99060.04225354,=:ETH.ETH:0x7cF6465cDfFb584f74941E8c1FDAEd6388de45DA:5527752127/0/255:naswap:10,5CA958B325805E3FE93143ED395CD4A3C3647ECE9FDC490341F3AB64EA14D9FD
2026-09-26 12:08:49,Bitget,rsiNZr8amajbBCQiWxeis8PJ5fptkGePNz,,XRP.XRP,9999.0,=:ETH.ETH:0x7cF6465cDfFb584f74941E8c1FDAEd6388de45DA:551687191/0/39:naswap:10,6E9F7E32E172C6AF3CD76BA96422296863022BA0FB5AAD153434ED22B221A260
2026-09-26 12:09:38,Bitget,rsiNZr8amajbBCQiWxeis8PJ5fptkGePNz,,XRP.XRP,9999.0,=:ETH.ETH:0x7cF6465cDfFb584f74941E8c1FDAEd6388de45DA:544736217/0/39:naswap:10,42456F27646F13876598492B19137C1CC7A1696268D2DECD94F283FAD54AFB2E
2026-09-26 12:10:10,Bitget,rsiNZr8amajbBCQiWxeis8PJ5fptkGePNz,,XRP.XRP,9999.0,=:ETH.ETH:0x7cF6465cDfFb584f74941E8c1FDAEd6388de45DA:549577287/0/39:naswap:10,F34C6A1B547CE759F5E829EA7226B9CCEDEE9DD59B551ABEFE69262360AE259B
2026-09-26 12:10:16,Bitget,rsiNZr8amajbBCQiWxeis8PJ5fptkGePNz,,XRP.XRP,9999.0,=:ETH.ETH:0x7cF6465cDfFb584f74941E8c1FDAEd6388de45DA:549577287/0/39:naswap:10,985260A05D887FCE7A6467B9393CFC1128056D0597FD9977685076847C57BE08
2026-09-26 12:10:56,Bitget,rsiNZr8amajbBCQiWxeis8PJ5fptkGePNz,,XRP.XRP,9999.0,=:BTC.BTC:bc1quj86cckj054g9k6h6gwyuu2pygr3992kj5q4yc:17484278/0/39:naswap:10,B72B05680B4EE7928E9DEF30F80710E1AF995192BB00F0E415FABCA600617BD2
2026-09-26 12:10:56,Bitget,rsiNZr8amajbBCQiWxeis8PJ5fptkGePNz,,XRP.XRP,9999.0,=:BTC.BTC:bc1quj86cckj054g9k6h6gwyuu2pygr3992kj5q4yc:17429396/0/39:naswap:10,AE8CD180A4D632DA8312A8503A4B0BB13942AAA5764FFDD2723B72A17ED37C23
2026-09-26 12:10:56,Bitget,rsiNZr8amajbBCQiWxeis8PJ5fptkGePNz,,XRP.XRP,9999.0,=:BTC.BTC:bc1quj86cckj054g9k6h6gwyuu2pygr3992kj5q4yc:17429396/0/39:naswap:10,A7D192206ADEDECC7127C185934862F97FB46E74D25E9957F9C0629397B59EC8
2026-09-26 12:10:56,Bitget,rsiNZr8amajbBCQiWxeis8PJ5fptkGePNz,,XRP.XRP,9999.0,=:ETH.ETH:0x7cF6465cDfFb584f74941E8c1FDAEd6388de45DA:549577287/0/39:naswap:10,60843FEC7DA1A91A92CD17928C922BD909C06C387F8CD3F1BAF72CD0D306A84C
2026-09-26 12:12:16,Bitget,rsiNZr8amajbBCQiWxeis8PJ5fptkGePNz,,XRP.XRP,9999.0,=:BTC.BTC:bc1quj86cckj054g9k6h6gwyuu2pygr3992kj5q4yc:17484278/0/39:naswap:10,1554DECA78368010168008D034BDEAFF84E1E056010C1F5E4C9EBC19EB91C3D9
2026-09-26 12:12:16,Bitget,rsiNZr8amajbBCQiWxeis8PJ5fptkGePNz,,XRP.XRP,9999.0,=:BTC.BTC:bc1quj86cckj054g9k6h6gwyuu2pygr3992kj5q4yc:17484278/0/39:naswap:10,2CE0833F336CEB5D85EC2295D16C6A624BD7103ABA56F8DCD7630840DAB12321
2026-09-26 12:12:16,Bitget,rsiNZr8amajbBCQiWxeis8PJ5fptkGePNz,,XRP.XRP,9999.0,=:ETH.ETH:0x7cF6465cDfFb584f74941E8c1FDAEd6388de45DA:547053833/0/39:naswap:10,7B3FC3480073DBE6D2636D8CA08DE252FD7B91330BBB9E3C598D2ECCEA946C87
2026-09-26 12:12:16,Bitget,rsiNZr8amajbBCQiWxeis8PJ5fptkGePNz,,XRP.XRP,9999.0,=:ETH.ETH:0x7cF6465cDfFb584f74941E8c1FDAEd6388de45DA:547053833/0/39:naswap:10,32ADF2D61D3967E830E57F9C6D5381C25F8D65D99258EA225C91A4B92E52F819
2026-09-26 12:12:42,Bitget,rsiNZr8amajbBCQiWxeis8PJ5fptkGePNz,,XRP.XRP,9999.0,=:BTC.BTC:bc1quj86cckj054g9k6h6gwyuu2pygr3992kj5q4yc:17344027/0/39:naswap:10,01CBC23CF190E4D39642FC27A7438614DF88E08DDC74E8DE00988D5FDE61BD19
2026-09-26 12:17:11,Bitget,rsiNZr8amajbBCQiWxeis8PJ5fptkGePNz,,XRP.XRP,9999.0,=:ETH.ETH:0x7cF6465cDfFb584f74941E8c1FDAEd6388de45DA:550022277/0/39:naswap:10,3E21AB879D8C062FE2352339FE05B25769A908D737F76144E9B89A0AB137479B
2026-09-26 12:17:29,Bitget,rsiNZr8amajbBCQiWxeis8PJ5fptkGePNz,,XRP.XRP,9999.0,=:ETH.ETH:0x7cF6465cDfFb584f74941E8c1FDAEd6388de45DA:547973455/0/39:naswap:10,F699E19647F085423F9D65979CC429D9FB3BE1B090320B5A24123D7FC03927F4
2026-09-26 12:17:49,Bitget,rsiNZr8amajbBCQiWxeis8PJ5fptkGePNz,,XRP.XRP,9999.0,=:BTC.BTC:bc1quj86cckj054g9k6h6gwyuu2pygr3992kj5q4yc:17410188/0/39:naswap:10,E25E3FEAB77F5B1C7EC8822127BEF23C510D05F9013AE228A80582A8FFA41601
2026-09-26 12:20:05,Bitget,rsiNZr8amajbBCQiWxeis8PJ5fptkGePNz,,XRP.XRP,9999.0,=:ETH.ETH:0x7cF6465cDfFb584f74941E8c1FDAEd6388de45DA:548227112/0/39:naswap:10,189C9483EC715520C6CCCC25BA53083226995A99970B340E86F9F49F60B33889
2026-09-26 12:22:03,Bitget,rsiNZr8amajbBCQiWxeis8PJ5fptkGePNz,,XRP.XRP,9999.0,=:ETH.ETH:0x7cF6465cDfFb584f74941E8c1FDAEd6388de45DA:545786162/0/39:naswap:10,41B23D13ABD0983B695A93D622EA46BB2C35782713ACD2AC428D8319CFA3C413
2026-09-26 12:22:26,Bitget,rsiNZr8amajbBCQiWxeis8PJ5fptkGePNz,,XRP.XRP,4237.345683,=:BTC.BTC:bc1quj86cckj054g9k6h6gwyuu2pygr3992kj5q4yc:7337658/0/17:naswap:10,DB5FF7752E7A7849F1C45497EC26BB658B68EDA78674D5D2D237D6F66A688A2F
2026-09-26 12:32:25,Bitget,rsiNZr8amajbBCQiWxeis8PJ5fptkGePNz,,XRP.XRP,938.95774646,,5CA958B325805E3FE93143ED395CD4A3C3647ECE9FDC490341F3AB64EA14D9FD
2026-09-26 12:32:44,Bitget,rhaV2Kn4qEGSEB6YBFooucjnFakrzCYWou,,XRP.XRP,9290.0,=:BTC.BTC:bc1qcucpas769r9rfpah0fv89wtqnsjgl63keycaj7:16520711/0/36:naswap:30,F604EE1A65407AD065F71D2A5A0DEEE9EFF2C57D52A98AD88FEC010C71562116
2026-09-26 12:38:28,Bitget,rsiNZr8amajbBCQiWxeis8PJ5fptkGePNz,,XRP.XRP,19999.0,=:BTC.BTC:bc1qdmv5n3j5jf57n7jv2rejhcv6p8zcpxp9s2ztzm:35136526/0/78:naswap:10,B7A088DB8B97B8FD4B928C91EA2BDFAED7CD3BCB12B18AD09FC0DBE55B29ABB6
2026-09-26 12:38:28,Bitget,rsiNZr8amajbBCQiWxeis8PJ5fptkGePNz,,XRP.XRP,19999.0,=:ETH.ETH:0x7cF6465cDfFb584f74941E8c1FDAEd6388de45DA:1102713033/0/78:naswap:10,2C313975DFFD72DDCA5876E05100DDF9CEA51E5F1B895FAAB1D8D97F781BF35A
2026-09-26 12:38:41,Bitget,rsiNZr8amajbBCQiWxeis8PJ5fptkGePNz,,XRP.XRP,22222.0,=:BTC.BTC:bc1qdmv5n3j5jf57n7jv2rejhcv6p8zcpxp9s2ztzm:39171670/0/86:naswap:10,C0625E83C7F973C52CCCEFB6DCB4D33EC800E9C7E5E75EC2765E31A750EDDFAC
2026-09-26 12:38:54,Bitget,rsiNZr8amajbBCQiWxeis8PJ5fptkGePNz,,XRP.XRP,22222.0,=:ETH.ETH:0x7cF6465cDfFb584f74941E8c1FDAEd6388de45DA:1227235815/0/86:naswap:10,09A6F8851A92AADF29D5335F08137C2D30E942D3F36140ED8D35815C94E1F71C
2026-09-26 12:39:01,Bitget,rsiNZr8amajbBCQiWxeis8PJ5fptkGePNz,,XRP.XRP,22222.0,=:BTC.BTC:bc1qdmv5n3j5jf57n7jv2rejhcv6p8zcpxp9s2ztzm:39176858/0/86:naswap:10,AE563BF9BBAF6D025334989101A3388089A754F834C7E8C15ABE6D0E753D1843
2026-09-26 12:39:18,Bitget,rsiNZr8amajbBCQiWxeis8PJ5fptkGePNz,,XRP.XRP,22222.0,=:ETH.ETH:0x7cF6465cDfFb584f74941E8c1FDAEd6388de45DA:1225409500/0/86:naswap:10,B1E5FAA52352979E013157CDF0CD90F3FD1ED26033E852C40CD9EC948562ADE6
2026-09-26 12:39:24,Bitget,rsiNZr8amajbBCQiWxeis8PJ5fptkGePNz,,XRP.XRP,22222.0,=:BTC.BTC:bc1qdmv5n3j5jf57n7jv2rejhcv6p8zcpxp9s2ztzm:39124069/0/86:naswap:10,1C64C7ECDFBA0272BD1E8877B9A05A2DF902B845B3EB2B7995C87FB3EC1B6F0D
2026-09-26 12:39:37,Bitget,rsiNZr8amajbBCQiWxeis8PJ5fptkGePNz,,XRP.XRP,22222.0,=:ETH.ETH:0x7cF6465cDfFb584f74941E8c1FDAEd6388de45DA:1228747529/0/86:naswap:10,DD15E348E86E51B4ADD498F12339D616C2D860656827E46A656ADE1F3ADEA6A5
2026-09-26 12:39:43,Bitget,rsiNZr8amajbBCQiWxeis8PJ5fptkGePNz,,XRP.XRP,22222.0,=:BTC.BTC:bc1qdmv5n3j5jf57n7jv2rejhcv6p8zcpxp9s2ztzm:39212788/0/86:naswap:10,E0EA94E835F4DAA3403AA6144F99544A5063BA30DA56CE1DDF74DDE7F4EDFDB0
2026-09-26 12:39:50,Bitget,rsiNZr8amajbBCQiWxeis8PJ5fptkGePNz,,XRP.XRP,22222.0,=:ETH.ETH:0x7cF6465cDfFb584f74941E8c1FDAEd6388de45DA:1225802462/0/86:naswap:10,ADBC4B1F2685DF6F5DB3541DF6CFC3EBA0377BCF9C8EA3BA5B054896FCE030AB
2026-09-26 12:40:11,Bitget,rsiNZr8amajbBCQiWxeis8PJ5fptkGePNz,,XRP.XRP,22222.0,=:BTC.BTC:bc1qdmv5n3j5jf57n7jv2rejhcv6p8zcpxp9s2ztzm:38894519/0/86:naswap:10,6A1B3B0435A1704F0A25C6FCCC55B4AED640DFD2A2FCCBD73AE9B3F4B564F255
2026-09-26 12:40:23,Bitget,rsiNZr8amajbBCQiWxeis8PJ5fptkGePNz,,XRP.XRP,22222.0,=:ETH.ETH:0x7cF6465cDfFb584f74941E8c1FDAEd6388de45DA:1217554139/0/86:naswap:10,CCE5ACD52DE762EFAA0F6426BE0BBC83B142BDFE7AE5762DF83716484B7D64C2
2026-09-26 12:40:42,Bitget,rsiNZr8amajbBCQiWxeis8PJ5fptkGePNz,,XRP.XRP,22875.006529,=:BTC.BTC:bc1qdmv5n3j5jf57n7jv2rejhcv6p8zcpxp9s2ztzm:40397284/0/89:naswap:10,68CCA789C58C658EC3A9641D078E3E939BCAEC721B2A3303D098F4ECB7772A4A
2026-09-26 13:48:46,Bitget,rsiNZr8amajbBCQiWxeis8PJ5fptkGePNz,,XRP.XRP,22222.0,=:BTC.BTC:bc1qtyayu5sul9ajkytj6rhrsxsxe4zkc52ffquvnm:39137860/0/86:naswap:10,752138576BFFA6B25F97E182693AAE7E22111734180FFA646F8602A5A228C63A
2026-09-26 13:48:52,Bitget,rsiNZr8amajbBCQiWxeis8PJ5fptkGePNz,,XRP.XRP,22222.0,=:ETH.ETH:0x7cF6465cDfFb584f74941E8c1FDAEd6388de45DA:1231121154/0/86:naswap:10,92E45AD7F94FDA2DB17388D58EEB24F0CD089C7F8B5C98C517445D394183B13B
2026-09-26 13:49:05,Bitget,rsiNZr8amajbBCQiWxeis8PJ5fptkGePNz,,XRP.XRP,22222.0,=:BTC.BTC:bc1qtyayu5sul9ajkytj6rhrsxsxe4zkc52ffquvnm:39047455/0/86:naswap:10,D370161ABE1076C4BB081DF56B12C593254CF62D76F080090CCCAFFC1B30F24D
2026-09-26 13:49:15,Bitget,rsiNZr8amajbBCQiWxeis8PJ5fptkGePNz,,XRP.XRP,22222.0,=:ETH.ETH:0x7cF6465cDfFb584f74941E8c1FDAEd6388de45DA:1223940403/0/86:naswap:10,29DD2736016F7574D4A48BFB205B7655C6653C1C0A7C1A13D192607D2E231F36
2026-09-26 13:49:34,Bitget,rsiNZr8amajbBCQiWxeis8PJ5fptkGePNz,,XRP.XRP,22222.0,=:BTC.BTC:bc1qtyayu5sul9ajkytj6rhrsxsxe4zkc52ffquvnm:39232321/0/86:naswap:10,321AAAB21CF2175579F56942CFBD3410F9E102D207C97808AFD6FA373222192A
2026-09-26 13:49:40,Bitget,rsiNZr8amajbBCQiWxeis8PJ5fptkGePNz,,XRP.XRP,22222.0,=:ETH.ETH:0x7cF6465cDfFb584f74941E8c1FDAEd6388de45DA:1212282946/0/86:naswap:10,4C6CF25E95DD50327B84B7AA6AF29D8CB746BCD7EBAA1FAA90ADFE63F0027C11
2026-09-26 13:49:57,Bitget,rsiNZr8amajbBCQiWxeis8PJ5fptkGePNz,,XRP.XRP,22222.0,=:BTC.BTC:bc1qtyayu5sul9ajkytj6rhrsxsxe4zkc52ffquvnm:38970213/0/86:naswap:10,CF621899662AA576B832F434881D0C8BA412572858822CC771AC1AC87691D97C
2026-09-26 13:50:09,Bitget,rsiNZr8amajbBCQiWxeis8PJ5fptkGePNz,,XRP.XRP,21749.19148937,=:ETH.ETH:0x7cF6465cDfFb584f74941E8c1FDAEd6388de45DA:1223974612/0/86:naswap:10,AC3F4C8196D10B477E1FFD4E597E141FB41DBBFCCEEF78DBD3794F8B792531DF
2026-09-26 13:50:15,Bitget,rsiNZr8amajbBCQiWxeis8PJ5fptkGePNz,,XRP.XRP,22222.0,=:BTC.BTC:bc1qtyayu5sul9ajkytj6rhrsxsxe4zkc52ffquvnm:38908091/0/86:naswap:10,EA02EB3FAC6D51B0D70EFF63B53FBD0A106926A079069A2311D892FBEF92D846
2026-09-26 13:50:28,Bitget,rsiNZr8amajbBCQiWxeis8PJ5fptkGePNz,,XRP.XRP,22222.0,=:ETH.ETH:0x7cF6465cDfFb584f74941E8c1FDAEd6388de45DA:1223638166/0/86:naswap:10,F43AC61C99E13D0617FAEB92557E42F219EBC9375E9CBE6156A30ECD6D878EDC
2026-09-26 13:50:40,Bitget,rsiNZr8amajbBCQiWxeis8PJ5fptkGePNz,,XRP.XRP,22222.0,=:BTC.BTC:bc1qtyayu5sul9ajkytj6rhrsxsxe4zkc52ffquvnm:38956778/0/86:naswap:10,4C396BD4FA6BC4CDC5F8D3E7773E5DDD29ABD6596622732190FCA5EAE44F9716
2026-09-26 13:53:31,Bitget,rsiNZr8amajbBCQiWxeis8PJ5fptkGePNz,,XRP.XRP,22222.0,=:BTC.BTC:bc1qtyayu5sul9ajkytj6rhrsxsxe4zkc52ffquvnm:38574180/0/86:naswap:10,4F489F38141E9DB1AF562EE17CBDEC8E4C7ACD61091005EC49F6516D35001BB2
2026-09-26 13:53:57,Bitget,rsiNZr8amajbBCQiWxeis8PJ5fptkGePNz,,XRP.XRP,17317.962943,=:BTC.BTC:bc1qtyayu5sul9ajkytj6rhrsxsxe4zkc52ffquvnm:30214291/0/67:naswap:10,1FFE04348F5C4AAFFE2753F9B6CE3EFEF3C043687CF591B401724EFD106A8DB4
2026-09-26 13:54:48,Bitget,rsiNZr8amajbBCQiWxeis8PJ5fptkGePNz,,XRP.XRP,472.80851063,,AC3F4C8196D10B477E1FFD4E597E141FB41DBBFCCEEF78DBD3794F8B792531DF
2026-09-26 14:08:50,Bitget,rsiNZr8amajbBCQiWxeis8PJ5fptkGePNz,,XRP.XRP,22222.0,=:BTC.BTC:bc1q4y0ns4xfankffx59u6pm2fm0fmp638aflhz4fc:39055723/0/86:naswap:10,0F08F927B4736066B65DE7CA29413955D991C30662A8DD1FB5073F2084846F7E
2026-09-26 14:09:02,Bitget,rsiNZr8amajbBCQiWxeis8PJ5fptkGePNz,,XRP.XRP,22222.0,=:ETH.ETH:0x7cF6465cDfFb584f74941E8c1FDAEd6388de45DA:1221628937/0/86:naswap:10,54CA2296298A4CDC75B43B02FFA2C85E09746C9D6735EA42A04757E805CC4B44
2026-09-26 14:09:15,Bitget,rsiNZr8amajbBCQiWxeis8PJ5fptkGePNz,,XRP.XRP,22222.0,=:BTC.BTC:bc1q4y0ns4xfankffx59u6pm2fm0fmp638aflhz4fc:39281854/0/86:naswap:10,4847A2F563E00F7EF6F09308F18A47A9A35BF8913B3B40A0927802AD60512077
2026-09-26 14:14:39,Bitget,rsiNZr8amajbBCQiWxeis8PJ5fptkGePNz,,XRP.XRP,22222.0,=:ETH.ETH:0x7cF6465cDfFb584f74941E8c1FDAEd6388de45DA:1225470500/0/86:naswap:10,3097D2CAF268E97DC4FE9FA29079033D18D1E97DA09C083705D92EE5A8B25AE2
2026-09-26 14:14:39,Bitget,rsiNZr8amajbBCQiWxeis8PJ5fptkGePNz,,XRP.XRP,22222.0,=:BTC.BTC:bc1q4y0ns4xfankffx59u6pm2fm0fmp638aflhz4fc:38920931/0/86:naswap:10,A758D621CA2E550D038D2A6514A32F781DEDED401FEAE0D2392840F73A0BE98E
2026-09-26 14:14:57,Bitget,rsiNZr8amajbBCQiWxeis8PJ5fptkGePNz,,XRP.XRP,22222.0,=:ETH.ETH:0x7cF6465cDfFb584f74941E8c1FDAEd6388de45DA:1220865934/0/86:naswap:10,26018E3ED8B1D7869B8FEDABC5F220687F29B3EB8E3680AA61A90FC7A02798CD
2026-09-26 14:15:12,Bitget,rsiNZr8amajbBCQiWxeis8PJ5fptkGePNz,,XRP.XRP,22222.0,=:BTC.BTC:bc1q4y0ns4xfankffx59u6pm2fm0fmp638aflhz4fc:38912773/0/86:naswap:10,8B9C5D422ADD5D45751EE618F21C4CD10CDF0EE0483876A77EB538415206CFFD
2026-09-26 14:18:40,Bitget,rsiNZr8amajbBCQiWxeis8PJ5fptkGePNz,,XRP.XRP,22222.0,=:BTC.BTC:bc1q4y0ns4xfankffx59u6pm2fm0fmp638aflhz4fc:38987474/0/86:naswap:10,115E51FFB3C99195BB0A5ADBDC57516357A6668648A23F56F803576F05B129A8
2026-09-26 14:19:31,Bitget,rsiNZr8amajbBCQiWxeis8PJ5fptkGePNz,,XRP.XRP,22222.0,=:BTC.BTC:bc1q4y0ns4xfankffx59u6pm2fm0fmp638aflhz4fc:39124190/0/86:naswap:10,D725715CD458596181F46E6F847AD57F265A67D097F43B79067A857229660203
2026-09-26 14:20:19,Bitget,rsiNZr8amajbBCQiWxeis8PJ5fptkGePNz,,XRP.XRP,22222.0,=:ETH.ETH:0x7cF6465cDfFb584f74941E8c1FDAEd6388de45DA:1225067620/0/86:naswap:10,A8A97BB290C83509613D5A995E109DA20649D51DB9CFBF6E8F4DCF57009BE05E
2026-09-26 14:20:37,Bitget,rsiNZr8amajbBCQiWxeis8PJ5fptkGePNz,,XRP.XRP,22222.0,=:BTC.BTC:bc1q4y0ns4xfankffx59u6pm2fm0fmp638aflhz4fc:39202551/0/86:naswap:10,29492C0C6A4F159C81E8BBA273121881D4C72FC091DA36787D970E8A0EB561CA
2026-09-26 14:21:48,Bitget,rsiNZr8amajbBCQiWxeis8PJ5fptkGePNz,,XRP.XRP,22222.0,=:ETH.ETH:0x7cF6465cDfFb584f74941E8c1FDAEd6388de45DA:1225067620/0/86:naswap:10,EF2E61FB96607CC74D439F492E3F9B15ED01576E1A3DE7A0EF8D6D83C2179AF6
2026-09-26 14:23:33,Bitget,rsiNZr8amajbBCQiWxeis8PJ5fptkGePNz,,XRP.XRP,17729.791387,=:BTC.BTC:bc1q4y0ns4xfankffx59u6pm2fm0fmp638aflhz4fc:31228487/0/69:naswap:10,68CAC988271211D9A9B709BC55F9E4FC27B26D2E2B7CDF59F7E28E1FB499747C
2026-09-26 14:25:14,Bitget,rsiNZr8amajbBCQiWxeis8PJ5fptkGePNz,,XRP.XRP,22222.0,=:ETH.ETH:0x7cF6465cDfFb584f74941E8c1FDAEd6388de45DA:1220151382/0/86:naswap:10,C4C5AB047DF769BEBA9C042A40C596BF09AB38210970590B7339EE466C7B97E9
2026-09-26 14:25:38,Bitget,rsiNZr8amajbBCQiWxeis8PJ5fptkGePNz,,XRP.XRP,22222.0,=:BTC.BTC:bc1q4y0ns4xfankffx59u6pm2fm0fmp638aflhz4fc:39061247/0/86:naswap:10,4E425C8719065B504C01552754CDA0852F733F0B2611F8ACE7D38677C2A928EA
2026-09-26 14:25:50,Bitget,rsiNZr8amajbBCQiWxeis8PJ5fptkGePNz,,XRP.XRP,22222.0,=:ETH.ETH:0x7cF6465cDfFb584f74941E8c1FDAEd6388de45DA:1225666119/0/86:naswap:10,0C1C8D73EF8F4224488E8E89B98E42CCF6708D3D68B9A05E3F9D48E2C8AA7069
2026-09-26 14:26:27,Bitget,rsiNZr8amajbBCQiWxeis8PJ5fptkGePNz,,XRP.XRP,22222.0,=:ETH.ETH:0x7cF6465cDfFb584f74941E8c1FDAEd6388de45DA:1225666119/0/86:naswap:10,0DBF916050CB628578DED8111353D50E226C0DDECC362161806A2A298A2B3DFD
2026-09-26 14:31:20,Bitget,rsiNZr8amajbBCQiWxeis8PJ5fptkGePNz,,XRP.XRP,22222.0,=:BTC.BTC:bc1q4y0ns4xfankffx59u6pm2fm0fmp638aflhz4fc:39175809/0/86:naswap:10,76AFA73B3BA671F6F15EEE6D3723A658457F77386B687BCFECCBD3B2CD90B519
2026-09-26 14:31:39,Bitget,rsiNZr8amajbBCQiWxeis8PJ5fptkGePNz,,XRP.XRP,22222.0,=:BTC.BTC:bc1q4y0ns4xfankffx59u6pm2fm0fmp638aflhz4fc:39092230/0/86:naswap:10,D6B4B02058271C355AD91B6F5737592946BBABDA7E01D14743ABF726186369A6
2026-09-26 14:34:12,Bitget,rsiNZr8amajbBCQiWxeis8PJ5fptkGePNz,,XRP.XRP,22222.0,=:BTC.BTC:bc1q4y0ns4xfankffx59u6pm2fm0fmp638aflhz4fc:39155981/0/86:naswap:10,53CF051C6D81098E3C359E8177AFD9279A70237CA202FFCF017C0DE4C9975D79
2026-09-26 14:34:12,Bitget,rsiNZr8amajbBCQiWxeis8PJ5fptkGePNz,,XRP.XRP,22222.0,=:BTC.BTC:bc1q4y0ns4xfankffx59u6pm2fm0fmp638aflhz4fc:39153704/0/86:naswap:10,9222E9DF4A298B016331E4E4AB29BC556443D2059139DD1E3D911256D06BFBE5
2026-09-26 14:35:05,Bitget,rsiNZr8amajbBCQiWxeis8PJ5fptkGePNz,,XRP.XRP,16768.22361,=:BTC.BTC:bc1q4y0ns4xfankffx59u6pm2fm0fmp638aflhz4fc:29607433/0/65:naswap:10,A85337DC646ADDE0124C804CE6C175DDC800B441B208E6717EF52BD7A25E5357
2026-09-26 15:17:43,Bitget,rsiNZr8amajbBCQiWxeis8PJ5fptkGePNz,,XRP.XRP,9999.0,=:BTC.BTC:bc1q84asxlhlqf3s7je8fzftxv0mdrhyl0ep2suczv:17658232/0/39:naswap:10,B1B648E06A704441C7CE96489E3B820ED7294FC69F4B75E0B31AB98023BEC481
2026-09-26 15:18:08,Bitget,rsiNZr8amajbBCQiWxeis8PJ5fptkGePNz,,XRP.XRP,9999.0,=:BTC.BTC:bc1q84asxlhlqf3s7je8fzftxv0mdrhyl0ep2suczv:17486170/0/39:naswap:10,CB042EB85232FC625F41F5D0FE42FE5550AB57C50AE360689848225BBBB4F2B2
2026-09-26 15:18:22,Bitget,rsiNZr8amajbBCQiWxeis8PJ5fptkGePNz,,XRP.XRP,9999.0,=:BTC.BTC:bc1q84asxlhlqf3s7je8fzftxv0mdrhyl0ep2suczv:17597821/0/39:naswap:10,3CFE6F640B80E4B1993F457B3EEAD844D87EAA04116772CC3DDACCD08522AA73
2026-09-26 15:18:40,Bitget,rsiNZr8amajbBCQiWxeis8PJ5fptkGePNz,,XRP.XRP,9999.0,=:ETH.ETH:0x7cF6465cDfFb584f74941E8c1FDAEd6388de45DA:550560151/0/39:naswap:10,84D4A6F2ED077E14D1DCD7F14EBED38E5BC33C716C511F9DF49A6DC792E0418B
2026-09-26 15:18:59,Bitget,rsiNZr8amajbBCQiWxeis8PJ5fptkGePNz,,XRP.XRP,9999.0,=:ETH.ETH:0x7cF6465cDfFb584f74941E8c1FDAEd6388de45DA:549886297/0/39:naswap:10,C834293114E875408A457CA30E7EBF33C12A6F56FC33DF60A5FFAF397873C7E6
2026-09-26 15:19:34,Bitget,rsiNZr8amajbBCQiWxeis8PJ5fptkGePNz,,XRP.XRP,9999.0,=:BTC.BTC:bc1q84asxlhlqf3s7je8fzftxv0mdrhyl0ep2suczv:17584777/0/39:naswap:10,0E6D17323D204E8E9E8BAF0BFF8F8A76E8353A53383609C7DDA20CFAE94430AB
2026-09-26 15:20:25,Bitget,rsiNZr8amajbBCQiWxeis8PJ5fptkGePNz,,XRP.XRP,9999.0,=:BTC.BTC:bc1q84asxlhlqf3s7je8fzftxv0mdrhyl0ep2suczv:17600167/0/39:naswap:10,E6723C25F3EE1F24D6A1F89761893D0D9CA2F3EA584B5D62C6DEC163AD8B6BE7
2026-09-26 15:20:42,Bitget,rsiNZr8amajbBCQiWxeis8PJ5fptkGePNz,,XRP.XRP,9999.0,=:BTC.BTC:bc1q84asxlhlqf3s7je8fzftxv0mdrhyl0ep2suczv:17627728/0/39:naswap:10,D911A7F2250E58E6DF0B6556F383CFC8521ED00B500658BBB60695B8EC91C55B
2026-09-26 15:20:42,Bitget,rsiNZr8amajbBCQiWxeis8PJ5fptkGePNz,,XRP.XRP,9999.0,=:BTC.BTC:bc1q84asxlhlqf3s7je8fzftxv0mdrhyl0ep2suczv:17600382/0/39:naswap:10,49D526911BF3E7907C30B8606069E75EF61BA36B783E2694E41A605A9486DBF8
2026-09-26 15:21:17,Bitget,rsiNZr8amajbBCQiWxeis8PJ5fptkGePNz,,XRP.XRP,9999.0,=:BTC.BTC:bc1q84asxlhlqf3s7je8fzftxv0mdrhyl0ep2suczv:17577222/0/39:naswap:10,FF1DAD734DF757EA1B87678A61A33CD28116DCACE25CFA14BAD433DFAB7AE423
2026-09-26 15:21:36,Bitget,rsiNZr8amajbBCQiWxeis8PJ5fptkGePNz,,XRP.XRP,9999.0,=:BTC.BTC:bc1q84asxlhlqf3s7je8fzftxv0mdrhyl0ep2suczv:17581175/0/39:naswap:10,6226D54256C7F3BF0589BBD31C0A3DA5CCB0CC47974FAB68D1C96F982CB64F9D
2026-09-26 15:21:54,Bitget,rsiNZr8amajbBCQiWxeis8PJ5fptkGePNz,,XRP.XRP,9999.0,=:BTC.BTC:bc1q84asxlhlqf3s7je8fzftxv0mdrhyl0ep2suczv:17510437/0/39:naswap:10,DDDE0A0507D4765168E28AEE5B6814311A1A960F5E83B60003222FDC766CC72F
2026-09-26 15:25:03,Bitget,rsiNZr8amajbBCQiWxeis8PJ5fptkGePNz,,XRP.XRP,9999.0,=:BTC.BTC:bc1q84asxlhlqf3s7je8fzftxv0mdrhyl0ep2suczv:17513985/0/39:naswap:10,2627B3AEC8C2ECF4E93FD3575B6846FCBF4C530325D352ECE29998B924409096
2026-09-26 15:25:16,Bitget,rsiNZr8amajbBCQiWxeis8PJ5fptkGePNz,,XRP.XRP,9999.0,=:BTC.BTC:bc1q84asxlhlqf3s7je8fzftxv0mdrhyl0ep2suczv:17630906/0/39:naswap:10,560C4B45B83AF1CDA1BBDD16700493124F39EBB3696EF30E1E0A318A1EC53D00
2026-09-26 15:30:44,Bitget,0xffbde345fb684b29e5f659b70a5ef1658914311a,,ETH.ETH,10.0,=:BTC.BTC:bc1q84asxlhlqf3s7je8fzftxv0mdrhyl0ep2suczv:30696942/0/68:naswap:10,9C990D06ED4BC0FE3D62D06DC0E220A4DE22B6D6525B0D8AAA9DBE7789DC5FC2
2026-09-26 15:31:33,Bitget,0xffbde345fb684b29e5f659b70a5ef1658914311a,,ETH.ETH,10.0,=:BTC.BTC:bc1q84asxlhlqf3s7je8fzftxv0mdrhyl0ep2suczv:31488100/0/68:naswap:10,6A1092972F3A774B23A001290C8E20974DF83AC0F788D22F801042685A7C1E03
2026-09-26 15:32:49,Bitget,0xffbde345fb684b29e5f659b70a5ef1658914311a,,ETH.ETH,10.0,,85BABAA315AAB144D4DC79A1DED95D784F8156A1FF13051DBECB262D70316378
2026-09-26 15:33:14,Bitget,rsiNZr8amajbBCQiWxeis8PJ5fptkGePNz,,XRP.XRP,9999.0,=:BTC.BTC:bc1q84asxlhlqf3s7je8fzftxv0mdrhyl0ep2suczv:17877649/0/39:naswap:30,A36C51035D1299004CBD54049E4604E3D28DC890255428CF761FC69633967B37
2026-09-26 15:33:45,Bitget,rsiNZr8amajbBCQiWxeis8PJ5fptkGePNz,,XRP.XRP,9999.0,=:BTC.BTC:bc1q84asxlhlqf3s7je8fzftxv0mdrhyl0ep2suczv:17876322/0/39:naswap:30,71C1854ACE59508EE631216FA69C1F153CA947B7AC199FF00A03F84AD67CAEB6
2026-09-26 15:34:08,Bitget,rsiNZr8amajbBCQiWxeis8PJ5fptkGePNz,,XRP.XRP,9999.0,=:BTC.BTC:bc1q84asxlhlqf3s7je8fzftxv0mdrhyl0ep2suczv:17879199/0/39:naswap:30,35B1BDCBB6D660F860894C8F91504009DFFC31231CA60B8C9A47C337B3C5910F
2026-09-26 15:34:27,Bitget,0xffbde345fb684b29e5f659b70a5ef1658914311a,,ETH.ETH,10.0,,45BAEA0B4D5E664EB20DEEB04F6A81B50EF2E8D3D594C46AAE195E9CD8034FC4
2026-09-26 15:34:33,Bitget,rsiNZr8amajbBCQiWxeis8PJ5fptkGePNz,,XRP.XRP,5369.96870117,=:BTC.BTC:bc1q84asxlhlqf3s7je8fzftxv0mdrhyl0ep2suczv:10476098/0/23:naswap:30,C4FBBB73EB8BD3F2F0D912E9B14F42E92A3E572F7D0202657E1BAC02E922FFCC
2026-09-26 15:35:46,Bitget,rsiNZr8amajbBCQiWxeis8PJ5fptkGePNz,,XRP.XRP,488.17897283,,C4FBBB73EB8BD3F2F0D912E9B14F42E92A3E572F7D0202657E1BAC02E922FFCC
2026-09-26 15:44:16,Bitget,rheni8WXZSstVqKNrx8iuGanHqW2i8yq3P,,XRP.XRP,1000.0,=:BTC.BTC:bc1pzhhz6ckr0l9vyn7gz4ygjtz9zupn5qdcldxhzrsmlhtg89sh0z3sjgz4wl:1789609/0/4:naswap:30,E487A4656FBCB10583F7A365B1EA02AE47682A3F6F88F311BEF1767422A2B39F
2026-09-26 15:48:09,Bitget,rheni8WXZSstVqKNrx8iuGanHqW2i8yq3P,,XRP.XRP,10000.0,=:BTC.BTC:bc1pzhhz6ckr0l9vyn7gz4ygjtz9zupn5qdcldxhzrsmlhtg89sh0z3sjgz4wl:17889517/0/39:naswap:30,FE3E4159AA15703A8669A6B5F090DBB37C8DBEC794035C86B4B0FA2D917B0BA4
2026-09-26 15:48:16,Bitget,0xffbde345fb684b29e5f659b70a5ef1658914311a,,ETH.ETH,10.0,=:BTC.BTC:bc1q84asxlhlqf3s7je8fzftxv0mdrhyl0ep2suczv:31636154/0/68:naswap:10,911ABF3E90B380E0335DD7B8C1934EA0B0288D7481C93ED85DA436E37E39D7F2
2026-09-26 15:48:41,Bitget,0xffbde345fb684b29e5f659b70a5ef1658914311a,,ETH.ETH,10.0,=:BTC.BTC:bc1q84asxlhlqf3s7je8fzftxv0mdrhyl0ep2suczv:31636154/0/68:naswap:10,107549E3F6806DA7FD607113748C64EAE96635991346D095AC5048DB596BE0CA
2026-09-26 15:48:41,Bitget,0xffbde345fb684b29e5f659b70a5ef1658914311a,,ETH.ETH,8.0,=:BTC.BTC:bc1q84asxlhlqf3s7je8fzftxv0mdrhyl0ep2suczv:31636154/0/68:naswap:10,2424229AF16F6FA7AE9847FC2D6AF30EB40A04C935838069248ED3B8DF8E6D95
2026-09-26 15:49:00,Bitget,0xffbde345fb684b29e5f659b70a5ef1658914311a,,ETH.ETH,2.0,,2424229AF16F6FA7AE9847FC2D6AF30EB40A04C935838069248ED3B8DF8E6D95
2026-09-26 15:49:31,Bitget,0xffbde345fb684b29e5f659b70a5ef1658914311a,,ETH.ETH,10.0,=:BTC.BTC:bc1q84asxlhlqf3s7je8fzftxv0mdrhyl0ep2suczv:31636154/0/68:naswap:10,C79C359F0A94A0C33F0B485C57E4EAFCDF347B56738B295ED7CEEAB203503673
2026-09-26 15:50:45,Bitget,rheni8WXZSstVqKNrx8iuGanHqW2i8yq3P,,XRP.XRP,10000.0,=:BTC.BTC:bc1pzhhz6ckr0l9vyn7gz4ygjtz9zupn5qdcldxhzrsmlhtg89sh0z3sjgz4wl:17872729/0/39:naswap:30,9F06D94FAAF4CA8B83B145AEE22095B93F2C82A67D528D5200C5AFF099E64B26
2026-09-26 15:51:11,Bitget,rsiNZr8amajbBCQiWxeis8PJ5fptkGePNz,,XRP.XRP,9999.0,=:BTC.BTC:bc1q84asxlhlqf3s7je8fzftxv0mdrhyl0ep2suczv:17876006/0/39:naswap:30,0E30F223444BA1E5F4C61BA67DAC75149B1ED15A5812C09E5FDB9A55AEEAC971
2026-09-26 15:52:40,Bitget,rsiNZr8amajbBCQiWxeis8PJ5fptkGePNz,,XRP.XRP,9999.0,=:BTC.BTC:bc1q84asxlhlqf3s7je8fzftxv0mdrhyl0ep2suczv:17865903/0/39:naswap:30,8DFB975EBA328F86B961ACA3C111862F47BDC2FBAF4F0F45A9BF0DF0A627E2DF
2026-09-26 15:52:40,Bitget,0xffbde345fb684b29e5f659b70a5ef1658914311a,,ETH.ETH,10.0,,48C7C745568CAFC0AAA38F6955758CE9A4F3140B57E2A7CB49AC86FBD77DABEA
2026-09-26 15:53:29,Bitget,rsiNZr8amajbBCQiWxeis8PJ5fptkGePNz,,XRP.XRP,9999.0,=:BTC.BTC:bc1q84asxlhlqf3s7je8fzftxv0mdrhyl0ep2suczv:17889017/0/39:naswap:30,A26AFDD9AA4874D37DB439284F8665553E8E56C5CC84CEA113548DE8067E8372
2026-09-26 15:53:40,Bitget,0xffbde345fb684b29e5f659b70a5ef1658914311a,,ETH.ETH,10.0,=:BTC.BTC:bc1q84asxlhlqf3s7je8fzftxv0mdrhyl0ep2suczv:31492482/0/68:naswap:10,8E5796204E0D5F5D2BEE35E098EDE2464E3A98DE42607900511B81CF51017C60
2026-09-26 15:56:28,Bitget,rheni8WXZSstVqKNrx8iuGanHqW2i8yq3P,,XRP.XRP,10000.0,=:BTC.BTC:bc1pzhhz6ckr0l9vyn7gz4ygjtz9zupn5qdcldxhzrsmlhtg89sh0z3sjgz4wl:17892081/0/39:naswap:30,EB6505D7410C1F013D1858CAF864169D5E1C3BA472A3D0E581CB83AAF952BF73
2026-09-26 15:56:53,Bitget,rsiNZr8amajbBCQiWxeis8PJ5fptkGePNz,,XRP.XRP,9999.0,=:BTC.BTC:bc1q84asxlhlqf3s7je8fzftxv0mdrhyl0ep2suczv:17890478/0/39:naswap:30,29951FA5A6CE60FD1E6F1BCA7193F1F1DE78FA3053D16B14B5020014342EA231
2026-09-26 15:57:05,Bitget,rheni8WXZSstVqKNrx8iuGanHqW2i8yq3P,,XRP.XRP,10000.0,=:BTC.BTC:bc1pzhhz6ckr0l9vyn7gz4ygjtz9zupn5qdcldxhzrsmlhtg89sh0z3sjgz4wl:17894572/0/39:naswap:30,7EE97DDF32BA562A02C4E1548E1EDD77896CE74A73CB3CEBC355977C9DE85110
2026-09-26 15:57:44,Bitget,rheni8WXZSstVqKNrx8iuGanHqW2i8yq3P,,XRP.XRP,10000.0,=:BTC.BTC:bc1pzhhz6ckr0l9vyn7gz4ygjtz9zupn5qdcldxhzrsmlhtg89sh0z3sjgz4wl:17894570/0/39:naswap:30,17A773079A8B50FF56D80F8DFA6EBA54E2E8AA99359BDA4924C5F02C649263ED
2026-09-26 15:57:50,Bitget,rsiNZr8amajbBCQiWxeis8PJ5fptkGePNz,,XRP.XRP,9999.0,=:BTC.BTC:bc1q84asxlhlqf3s7je8fzftxv0mdrhyl0ep2suczv:17893934/0/39:naswap:30,8AEE01F85B7F3972C4C23D6326CF24E8A674ED9BBA439B79319999E3DEC29EF0
2026-09-26 16:00:10,Bitget,rheni8WXZSstVqKNrx8iuGanHqW2i8yq3P,,XRP.XRP,5260.0,=:BTC.BTC:bc1pzhhz6ckr0l9vyn7gz4ygjtz9zupn5qdcldxhzrsmlhtg89sh0z3sjgz4wl:9413084/0/21:naswap:30,1F09BF666E0596BCC8A47A94B9429A27BDB78F0F062FD0F5F0D3A84BA2249901
2026-09-26 16:02:20,Bitget,rhaV2Kn4qEGSEB6YBFooucjnFakrzCYWou,,XRP.XRP,10000.0,=:BTC.BTC:bc1qcucpas769r9rfpah0fv89wtqnsjgl63keycaj7:17880316/0/39:naswap:30,EDB41BF53335B1083108A4F50172B37456C1619DE271C769CC68138833C48DB2
2026-09-26 16:02:33,Bitget,rhaV2Kn4qEGSEB6YBFooucjnFakrzCYWou,,XRP.XRP,10000.0,=:BTC.BTC:bc1qcucpas769r9rfpah0fv89wtqnsjgl63keycaj7:17880316/0/39:naswap:30,EB7D0FE5E6F416A5658F8E06662EF8705AFAE0C8E71DDC7552FFFEFD2030D49D
2026-09-26 16:02:45,Bitget,rsiNZr8amajbBCQiWxeis8PJ5fptkGePNz,,XRP.XRP,9999.0,=:BTC.BTC:bc1q0lgdxaptyancl4kq2hrs0unr6j3jxkxfk0vl4z:17877373/0/39:naswap:30,D1A48E31D2D225EF6653920312EF4448396FF12A35CFD8A9BB225B5642F56FFB
2026-09-26 16:02:45,Bitget,rhaV2Kn4qEGSEB6YBFooucjnFakrzCYWou,,XRP.XRP,10000.0,=:BTC.BTC:bc1qcucpas769r9rfpah0fv89wtqnsjgl63keycaj7:17880316/0/39:naswap:30,73BB8DB0BF2B185E43BFB356BA5602A2184D156FFB00D9B401304A0C47B475E6
2026-09-26 16:02:57,Bitget,rhaV2Kn4qEGSEB6YBFooucjnFakrzCYWou,,XRP.XRP,10000.0,=:BTC.BTC:bc1qcucpas769r9rfpah0fv89wtqnsjgl63keycaj7:17880316/0/39:naswap:30,6D9C368E677D1C91C13E3AF0B3F09E876959233A03412CF25B90F41115C65E06
2026-09-26 16:04:41,Bitget,rsiNZr8amajbBCQiWxeis8PJ5fptkGePNz,,XRP.XRP,9999.0,=:BTC.BTC:bc1q0lgdxaptyancl4kq2hrs0unr6j3jxkxfk0vl4z:17869725/0/39:naswap:30,6AB559E57F22F6972364E273B892FA3E6C45F2C98CB0576AE368C5BF478392D3
2026-09-26 16:05:23,Bitget,rsiNZr8amajbBCQiWxeis8PJ5fptkGePNz,,XRP.XRP,9999.0,=:BTC.BTC:bc1q0lgdxaptyancl4kq2hrs0unr6j3jxkxfk0vl4z:17863964/0/39:naswap:30,F212E527E2AA5173AF8BDA2435F22FD4361BA6B586DAFF06CF16BDB6D38CC7D4
2026-09-26 16:05:58,Bitget,rsiNZr8amajbBCQiWxeis8PJ5fptkGePNz,,XRP.XRP,9999.0,=:BTC.BTC:bc1q0lgdxaptyancl4kq2hrs0unr6j3jxkxfk0vl4z:17868574/0/39:naswap:30,E8C44D1A9DD68DC8446E2DADE699439D50AEE3DA39C43805B717BF2DC0D36E02
2026-09-26 16:06:16,Bitget,rsiNZr8amajbBCQiWxeis8PJ5fptkGePNz,,XRP.XRP,9999.0,=:BTC.BTC:bc1q0lgdxaptyancl4kq2hrs0unr6j3jxkxfk0vl4z:17869728/0/39:naswap:30,56C758F803285BD538C92E805258144BF61670761D902E7C620DBDD28B1B2EB3
2026-09-26 16:07:06,Bitget,rsiNZr8amajbBCQiWxeis8PJ5fptkGePNz,,XRP.XRP,9999.0,=:BTC.BTC:bc1q0lgdxaptyancl4kq2hrs0unr6j3jxkxfk0vl4z:17860504/0/39:naswap:30,FCBF7AE499B75C95D6B6D243741B4ACF0F69535C55994780C548DA56119A2B62
2026-09-26 16:07:12,Bitget,rhaV2Kn4qEGSEB6YBFooucjnFakrzCYWou,,XRP.XRP,10000.0,=:BTC.BTC:bc1qcucpas769r9rfpah0fv89wtqnsjgl63keycaj7:17863445/0/39:naswap:30,83934050C5D71E309BE52434A4912E6A94B766C415333D87C8B5AF4CFBE4F627
2026-09-26 16:07:27,Bitget,rhaV2Kn4qEGSEB6YBFooucjnFakrzCYWou,,XRP.XRP,10000.0,=:BTC.BTC:bc1qcucpas769r9rfpah0fv89wtqnsjgl63keycaj7:17863445/0/39:naswap:30,8B88A6D4C3DA484879727B08794192A8371DFA202406E7C71113858E4EB53E19
2026-09-26 16:07:40,Bitget,rhaV2Kn4qEGSEB6YBFooucjnFakrzCYWou,,XRP.XRP,10000.0,=:BTC.BTC:bc1qcucpas769r9rfpah0fv89wtqnsjgl63keycaj7:17863445/0/39:naswap:30,D38416051D47C5827351F0D78DC5B8A2D46C2DB9BFA6EF35DC4FBC5E79A087C8
2026-09-26 16:07:52,Bitget,rsiNZr8amajbBCQiWxeis8PJ5fptkGePNz,,XRP.XRP,3956.091342,=:BTC.BTC:bc1q0lgdxaptyancl4kq2hrs0unr6j3jxkxfk0vl4z:7064205/0/16:naswap:30,254E50634504AEACEBB4553343AD4AED98A3FB10CDD898E1D7BB4F1804CC75D3
2026-09-26 16:07:52,Bitget,rhaV2Kn4qEGSEB6YBFooucjnFakrzCYWou,,XRP.XRP,10000.0,=:BTC.BTC:bc1qcucpas769r9rfpah0fv89wtqnsjgl63keycaj7:17863445/0/39:naswap:30,042506B04CB467AA21963FA20FB355600AE63E512FFF3A6DA9758A9E34EE97DD
2026-09-26 16:09:32,Bitget,0xffbde345fb684b29e5f659b70a5ef1658914311a,,ETH.ETH,10.0,,B4AF2E1932ACA8A0812CD887660900EBB4DC2B2835A3934AB9B08681AE7C4E54
2026-09-26 16:10:25,Bitget,0xffbde345fb684b29e5f659b70a5ef1658914311a,,ETH.ETH,2.0,=:BTC.BTC:bc1q84asxlhlqf3s7je8fzftxv0mdrhyl0ep2suczv:31585796/0/68:naswap:10,1CC8E168661CAAB0E0719B835B9393466275877CCDDD5C72E5D3F536A81311DA
2026-09-26 16:10:44,Bitget,0xffbde345fb684b29e5f659b70a5ef1658914311a,,ETH.ETH,10.0,,AB73A08C9A143EB2E48E49D27968A550819CB4E8A2C9CF38499E0CF75281A8D8
2026-09-26 16:10:44,Bitget,0xffbde345fb684b29e5f659b70a5ef1658914311a,,ETH.ETH,8.0,,1CC8E168661CAAB0E0719B835B9393466275877CCDDD5C72E5D3F536A81311DA
2026-09-26 16:11:54,Bitget,0xffbde345fb684b29e5f659b70a5ef1658914311a,,ETH.ETH,6.0,=:BTC.BTC:bc1q84asxlhlqf3s7je8fzftxv0mdrhyl0ep2suczv:31585796/0/68:naswap:10,C7E78F12F598A7FB6311DB545E09B407974969A1085A934A46E6AA25A2405151
2026-09-26 16:12:13,Bitget,0xffbde345fb684b29e5f659b70a5ef1658914311a,,ETH.ETH,4.0,,C7E78F12F598A7FB6311DB545E09B407974969A1085A934A46E6AA25A2405151
2026-09-26 16:13:16,Bitget,0xffbde345fb684b29e5f659b70a5ef1658914311a,,ETH.ETH,10.0,,21A4F7FC1F6E1B50FCBE67E581C4202D4AC94EDD1B053C0567A56CFA67D0F477
2026-09-26 16:49:24,Bitget,rsiNZr8amajbBCQiWxeis8PJ5fptkGePNz,,XRP.XRP,999.0,=:BTC.BTC:bc1qhugr3kfjca2asxyn632fzahvyevd8xsj86ac0l:1781614/0/4:naswap:30,4530F1094F5386C0C1A9225C2D26C61FB7908C6F6898881561829E37E2A1F636
2026-09-26 16:49:41,Bitget,rsiNZr8amajbBCQiWxeis8PJ5fptkGePNz,,XRP.XRP,1000.0,=:BTC.BTC:bc1qhugr3kfjca2asxyn632fzahvyevd8xsj86ac0l:1783974/0/4:naswap:30,DD445A2F115E95B179D524290EDC930A037C23EF5B9DCC3C5492272F780A1A51
2026-09-26 16:50:25,Bitget,0xffbde345fb684b29e5f659b70a5ef1658914311a,,ETH.ETH,2.0,=:BTC.BTC:bc1qhugr3kfjca2asxyn632fzahvyevd8xsj86ac0l:6206254/0/14:naswap:30,72E2574C26670FB3A3A0329B88410AEF5E1B2244C76EDA9788DB81DF22CEED62
2026-09-26 16:50:50,Bitget,0xffbde345fb684b29e5f659b70a5ef1658914311a,,ETH.ETH,2.0,=:BTC.BTC:bc1qhugr3kfjca2asxyn632fzahvyevd8xsj86ac0l:6205699/0/14:naswap:30,05C93494A3E32A54EE9D59FD4CE1E03B9DBF93102159DC8543348CC4D26BAD37
2026-09-26 16:50:56,Bitget,rsiNZr8amajbBCQiWxeis8PJ5fptkGePNz,,XRP.XRP,1000.0,=:BTC.BTC:bc1qhugr3kfjca2asxyn632fzahvyevd8xsj86ac0l:1783974/0/4:naswap:30,C13F6DAE6C3290ACEEC5F9B8F99A2CC664383986BE70364E269A4C610D63C421
2026-09-26 16:51:17,Bitget,rsiNZr8amajbBCQiWxeis8PJ5fptkGePNz,,XRP.XRP,2000.0,=:BTC.BTC:bc1qhugr3kfjca2asxyn632fzahvyevd8xsj86ac0l:3565650/0/8:naswap:30,4A29AE843C99D74A92AD2A06D0DB787B115CF1DD8CA998079C12627A8BD19561
2026-09-26 16:52:00,Bitget,rsiNZr8amajbBCQiWxeis8PJ5fptkGePNz,,XRP.XRP,2000.0,=:BTC.BTC:bc1qhugr3kfjca2asxyn632fzahvyevd8xsj86ac0l:3565499/0/8:naswap:30,1ABFCAE9ECCB11D1D0246F0733D84D5AB6ACF9A8B111A3403C5BF558DBF472D9
2026-09-26 16:52:55,Bitget,rsiNZr8amajbBCQiWxeis8PJ5fptkGePNz,,XRP.XRP,2000.0,=:BTC.BTC:bc1qhugr3kfjca2asxyn632fzahvyevd8xsj86ac0l:3565166/0/8:naswap:30,7CBB9C7B0604E5B6D9C5648D54029306E9B648B70A4D648C30A5AF69DC3C3C0B
2026-09-26 16:53:11,Bitget,0xffbde345fb684b29e5f659b70a5ef1658914311a,,ETH.ETH,2.0,=:BTC.BTC:bc1qhugr3kfjca2asxyn632fzahvyevd8xsj86ac0l:6333614/0/14:naswap:30,F927A1AFD821CD5EA2AB4AA5991D56613F0FF0FF2AEDB69A774226C229F3A927
2026-09-26 16:53:11,Bitget,0xffbde345fb684b29e5f659b70a5ef1658914311a,,ETH.ETH,2.0,=:BTC.BTC:bc1qhugr3kfjca2asxyn632fzahvyevd8xsj86ac0l:6333470/0/14:naswap:30,A426A8BDEA1EA527615365846503948FDF80E2D2CE87E1FB443AB4625E85D1EA
2026-09-26 16:53:33,Bitget,rsiNZr8amajbBCQiWxeis8PJ5fptkGePNz,,XRP.XRP,3000.0,=:BTC.BTC:bc1qhugr3kfjca2asxyn632fzahvyevd8xsj86ac0l:5348095/0/12:naswap:30,3CBCE8BB0EA1C7B89524FC019AF790B230E9BE099E3CBF2DCCEA9DDF0F9F2537
2026-09-26 16:54:06,Bitget,0xffbde345fb684b29e5f659b70a5ef1658914311a,,ETH.ETH,2.0,=:BTC.BTC:bc1qhugr3kfjca2asxyn632fzahvyevd8xsj86ac0l:6334203/0/14:naswap:30,EB1C77D7F09F4F5F969FDF3FA37272DF36613DAE282B66BAB4AC4E64A335D47C
2026-09-26 16:54:12,Bitget,rsiNZr8amajbBCQiWxeis8PJ5fptkGePNz,,XRP.XRP,9999.0,=:BTC.BTC:bc1qhugr3kfjca2asxyn632fzahvyevd8xsj86ac0l:17821062/0/39:naswap:30,7B7D349F20CB39957C91E29E4ABC32C43136BE1ED8ED8BE02EE6F2FB36ADF31F
2026-09-26 16:54:25,Bitget,rsiNZr8amajbBCQiWxeis8PJ5fptkGePNz,,XRP.XRP,9999.0,=:BTC.BTC:bc1qhugr3kfjca2asxyn632fzahvyevd8xsj86ac0l:17823367/0/39:naswap:30,903844078228BCDF6AF9D782045560FFB69593699417B7A987939E00A1704DDD
2026-09-26 16:54:25,Bitget,0xffbde345fb684b29e5f659b70a5ef1658914311a,,ETH.ETH,2.0,=:BTC.BTC:bc1qhugr3kfjca2asxyn632fzahvyevd8xsj86ac0l:6334180/0/14:naswap:30,70E82426DC4302C6DC512E3FA1C6DE02D852CE126333D5B79B7F61B4C6414E69
2026-09-26 16:54:50,Bitget,rsiNZr8amajbBCQiWxeis8PJ5fptkGePNz,,XRP.XRP,9999.0,=:BTC.BTC:bc1qhugr3kfjca2asxyn632fzahvyevd8xsj86ac0l:17823367/0/39:naswap:30,F85FAA165423C7FC19BF313D226FB707EB6344BFAF85B9DD0B9F9A8A467A8453
2026-09-26 16:55:15,Bitget,rsiNZr8amajbBCQiWxeis8PJ5fptkGePNz,,XRP.XRP,9999.0,=:BTC.BTC:bc1qhugr3kfjca2asxyn632fzahvyevd8xsj86ac0l:17821745/0/39:naswap:30,54F1F8EFA32040D36CFDA0CA2252EC692413C8D65D4E493FA044AD549B258649
2026-09-26 16:55:35,Bitget,rsiNZr8amajbBCQiWxeis8PJ5fptkGePNz,,XRP.XRP,9999.0,=:BTC.BTC:bc1qhugr3kfjca2asxyn632fzahvyevd8xsj86ac0l:17821606/0/39:naswap:30,8DD77B57E00E0E5424B59273A776D1B7F5855280C304628D457DF220626E4A6E
2026-09-26 16:55:47,Bitget,rsiNZr8amajbBCQiWxeis8PJ5fptkGePNz,,XRP.XRP,9999.0,=:BTC.BTC:bc1qhugr3kfjca2asxyn632fzahvyevd8xsj86ac0l:17821927/0/39:naswap:30,40BC077780DA241ECCA26DA437F51299A14731BCBE35DC3FEA355604D07EB435
2026-09-26 16:56:06,Bitget,rsiNZr8amajbBCQiWxeis8PJ5fptkGePNz,,XRP.XRP,9999.0,=:BTC.BTC:bc1qhugr3kfjca2asxyn632fzahvyevd8xsj86ac0l:17822164/0/39:naswap:30,EF9C580D7317B299646B9B1F8FF35674858BEE0FEFE81DD07F5CB4C7B6679D6A
2026-09-26 16:56:31,Bitget,rsiNZr8amajbBCQiWxeis8PJ5fptkGePNz,,XRP.XRP,9999.0,=:BTC.BTC:bc1qhugr3kfjca2asxyn632fzahvyevd8xsj86ac0l:17817955/0/39:naswap:30,0D8CEFE652216FCB032FB48476E1B8FA86AFD4D2F10B3556937176E4FD8A0FFB
2026-09-26 16:57:38,Bitget,0xffbde345fb684b29e5f659b70a5ef1658914311a,,ETH.ETH,2.0,=:BTC.BTC:bc1qhugr3kfjca2asxyn632fzahvyevd8xsj86ac0l:6333945/0/14:naswap:30,0DADC598C0E734C1CC3E17FA17C6078696C4C041EB1568EF5346DE6A4BF77C06
2026-09-26 16:57:59,Bitget,0xffbde345fb684b29e5f659b70a5ef1658914311a,,ETH.ETH,4.0,=:BTC.BTC:bc1qhugr3kfjca2asxyn632fzahvyevd8xsj86ac0l:12668645/0/27:naswap:30,A7F0058996FF55262BE52B60B665F026A9C9DC4745C953BC43A93D082B6589C9
2026-09-26 16:58:16,Bitget,rsiNZr8amajbBCQiWxeis8PJ5fptkGePNz,,XRP.XRP,9999.0,=:BTC.BTC:bc1qhugr3kfjca2asxyn632fzahvyevd8xsj86ac0l:17831860/0/39:naswap:30,52698862AFDDCC20A4C0A2B942CC30D535C4360DFA222AE48D9AE98AF94B577B
2026-09-26 16:59:24,Bitget,0xffbde345fb684b29e5f659b70a5ef1658914311a,,ETH.ETH,4.0,=:BTC.BTC:bc1qhugr3kfjca2asxyn632fzahvyevd8xsj86ac0l:12669721/0/27:naswap:30,CA114E5F8AFF1E29728C6B51A4F0FB637D66529F5D3308FC45E0C23406B4F87A
2026-09-26 16:59:42,Bitget,rsiNZr8amajbBCQiWxeis8PJ5fptkGePNz,,XRP.XRP,9999.0,=:BTC.BTC:bc1qhugr3kfjca2asxyn632fzahvyevd8xsj86ac0l:17829982/0/39:naswap:30,96CA45CC3A300879FBD7D69C4D81D7B9CC6F6223B2BE070AB85EDB7B1B79CCC7
2026-09-26 16:59:42,Bitget,0xffbde345fb684b29e5f659b70a5ef1658914311a,,ETH.ETH,3.0,=:BTC.BTC:bc1qhugr3kfjca2asxyn632fzahvyevd8xsj86ac0l:9502255/0/21:naswap:30,072A2DC81726137CA1612E864251D3D1504925870ADBB26E8F5AA432C7BD04EC
2026-09-26 17:00:07,Bitget,0xffbde345fb684b29e5f659b70a5ef1658914311a,,ETH.ETH,4.0,=:BTC.BTC:bc1qhugr3kfjca2asxyn632fzahvyevd8xsj86ac0l:12670021/0/27:naswap:30,1AD9A60B6042BB855B9F28CC6743844B52E2984B49103494DB5D5C54533F0A26
2026-09-26 17:00:18,Bitget,0xffbde345fb684b29e5f659b70a5ef1658914311a,,ETH.ETH,4.0,=:BTC.BTC:bc1qhugr3kfjca2asxyn632fzahvyevd8xsj86ac0l:12669672/0/27:naswap:30,74AE6381D5331554D4372E8CBC716B20532C411985D84878E5570C322AA97583
2026-09-26 17:01:53,Bitget,0xffbde345fb684b29e5f659b70a5ef1658914311a,,ETH.ETH,2.0,=:BTC.BTC:bc1qhugr3kfjca2asxyn632fzahvyevd8xsj86ac0l:6335090/0/14:naswap:30,3AA4C365D805B5A04B14D730531897EEB8EA52672454B902C20B713F9E6EC02A
2026-09-26 17:03:06,Bitget,0xffbde345fb684b29e5f659b70a5ef1658914311a,,ETH.ETH,2.0,=:BTC.BTC:bc1qhugr3kfjca2asxyn632fzahvyevd8xsj86ac0l:6335233/0/14:naswap:30,4556036225F3E7CECFB65D46C652345C1286BA1CA86D1CF3F814229EF833C482
2026-09-26 17:03:18,Bitget,rsiNZr8amajbBCQiWxeis8PJ5fptkGePNz,,XRP.XRP,9999.0,=:BTC.BTC:bc1qhugr3kfjca2asxyn632fzahvyevd8xsj86ac0l:17813168/0/39:naswap:30,070A95E3CF7FE445017C6A84510CB3DB90EB8F60ADAF01D75FE4605C2CB428B8
2026-09-26 17:03:31,Bitget,0xffbde345fb684b29e5f659b70a5ef1658914311a,,ETH.ETH,3.0,=:BTC.BTC:bc1qhugr3kfjca2asxyn632fzahvyevd8xsj86ac0l:9502884/0/21:naswap:30,1AC18DC8E632FA2119D2C8E70FBEE84B910440F9C22A857EBC826CDABF0A8C8C
2026-09-26 17:03:44,Bitget,rsiNZr8amajbBCQiWxeis8PJ5fptkGePNz,,XRP.XRP,9999.0,=:BTC.BTC:bc1qhugr3kfjca2asxyn632fzahvyevd8xsj86ac0l:17804397/0/39:naswap:30,7F7337E8E2DCE086ED97D48A5CB0740C9408FB05E2F98EBBD336896394A88DC8
2026-09-26 17:04:03,Bitget,rsiNZr8amajbBCQiWxeis8PJ5fptkGePNz,,XRP.XRP,9999.0,=:BTC.BTC:bc1qhugr3kfjca2asxyn632fzahvyevd8xsj86ac0l:17801629/0/39:naswap:30,70CF8229DE9D043362E787EEA50D9B34E72FFEB8FA886F400A13F08C12D59ACF
2026-09-26 17:05:01,Bitget,0xffbde345fb684b29e5f659b70a5ef1658914311a,,ETH.ETH,2.0,=:BTC.BTC:bc1qhugr3kfjca2asxyn632fzahvyevd8xsj86ac0l:6333945/0/14:naswap:30,49C25C1976B0B3A45A1D53277C38A2EDE2C24872F4036F30C47E34AFF90D75DF
2026-09-26 17:05:22,Bitget,rsiNZr8amajbBCQiWxeis8PJ5fptkGePNz,,XRP.XRP,9999.0,=:BTC.BTC:bc1qhugr3kfjca2asxyn632fzahvyevd8xsj86ac0l:17786550/0/39:naswap:30,EBC32BC1130393EB92DD2EAE3D1DA0AC7520B61AEE8D80F439A1320E9EF3D454
2026-09-26 17:05:54,Bitget,rsiNZr8amajbBCQiWxeis8PJ5fptkGePNz,,XRP.XRP,9999.0,=:BTC.BTC:bc1qhugr3kfjca2asxyn632fzahvyevd8xsj86ac0l:17782205/0/39:naswap:30,601FE04D0B189FA62D6013EAC6AEA591D7541DEDBEA8A29F53BB31DB033D9159
2026-09-26 17:06:00,Bitget,0xffbde345fb684b29e5f659b70a5ef1658914311a,,ETH.ETH,2.0,=:BTC.BTC:bc1qhugr3kfjca2asxyn632fzahvyevd8xsj86ac0l:6331851/0/14:naswap:30,55140D54A22E528F4A5B40E383A8CC63CED64FAC33E629B6B3525FF50468AB31
2026-09-26 17:06:52,Bitget,0xffbde345fb684b29e5f659b70a5ef1658914311a,,ETH.ETH,2.0,=:BTC.BTC:bc1qhugr3kfjca2asxyn632fzahvyevd8xsj86ac0l:6331926/0/14:naswap:30,2605719E9FB1D4261812531A1ED78BAC210F45B57A5ED0E13A03F6525312A903
2026-09-26 17:07:04,Bitget,rsiNZr8amajbBCQiWxeis8PJ5fptkGePNz,,XRP.XRP,9999.0,=:BTC.BTC:bc1qhugr3kfjca2asxyn632fzahvyevd8xsj86ac0l:17777940/0/39:naswap:30,C5A4AAAEC3EE2E4CC40F2813DD292F9E4CA198E44253B473D34AB41380331416
2026-09-26 17:07:55,Bitget,0xffbde345fb684b29e5f659b70a5ef1658914311a,,ETH.ETH,4.0,=:BTC.BTC:bc1qhugr3kfjca2asxyn632fzahvyevd8xsj86ac0l:12662222/0/27:naswap:30,4C82E93C3220FE119D540058AE52575D0E8485A7DD6D9F5A4269590834637B2F
2026-09-26 17:08:14,Bitget,0xffbde345fb684b29e5f659b70a5ef1658914311a,,ETH.ETH,4.0,=:BTC.BTC:bc1qhugr3kfjca2asxyn632fzahvyevd8xsj86ac0l:12659397/0/27:naswap:30,E168A4EC6B3929D80AFC1FBDFCDBC92CEB6CE8DD825748E1E08DEC8A40C07CFA
2026-09-26 17:08:40,Bitget,0xffbde345fb684b29e5f659b70a5ef1658914311a,,ETH.ETH,4.0,=:BTC.BTC:bc1qhugr3kfjca2asxyn632fzahvyevd8xsj86ac0l:12659971/0/27:naswap:30,2D9EBE18BDCD571AFDB2A9C42FF1AF63B6C4FE37C82B2CFA50D6C11DEF9D1190
2026-09-26 17:09:11,Bitget,rsiNZr8amajbBCQiWxeis8PJ5fptkGePNz,,XRP.XRP,9999.0,=:BTC.BTC:bc1qhugr3kfjca2asxyn632fzahvyevd8xsj86ac0l:17772708/0/39:naswap:30,FCE7FF5A09EFF76D9F97C88AF312392FC736689FAE11FBEDC86700FF3FF7D6B3
2026-09-26 17:09:34,Bitget,rsiNZr8amajbBCQiWxeis8PJ5fptkGePNz,,XRP.XRP,9999.0,=:BTC.BTC:bc1qhugr3kfjca2asxyn632fzahvyevd8xsj86ac0l:17770983/0/39:naswap:30,118C51BCB766CC6773CB205C85D6A5612446F64AD0CD825F1AEE43A9D85C431A
2026-09-26 17:09:55,Bitget,rsiNZr8amajbBCQiWxeis8PJ5fptkGePNz,,XRP.XRP,9999.0,=:BTC.BTC:bc1qhugr3kfjca2asxyn632fzahvyevd8xsj86ac0l:17768711/0/39:naswap:30,0BC7DC44FCA5F30F411F9BF8DEB52DD2D7133BF3743E93BB8CCF20D1D5297572
2026-09-26 17:10:07,Bitget,rsiNZr8amajbBCQiWxeis8PJ5fptkGePNz,,XRP.XRP,9999.0,=:BTC.BTC:bc1qhugr3kfjca2asxyn632fzahvyevd8xsj86ac0l:17766403/0/39:naswap:30,C61D01D48EECA0890159160CF71200E1595FA212D2B8F3695065AB6600463359
2026-09-26 17:10:20,Bitget,0xffbde345fb684b29e5f659b70a5ef1658914311a,,ETH.ETH,2.0,=:BTC.BTC:bc1qhugr3kfjca2asxyn632fzahvyevd8xsj86ac0l:6332137/0/14:naswap:30,2A880BE26C74E38FDE38BC8D28C44D3CD0322FE6A44457A56340CA4ED491C441
2026-09-26 17:11:01,Bitget,0xffbde345fb684b29e5f659b70a5ef1658914311a,,ETH.ETH,3.0,=:BTC.BTC:bc1qhugr3kfjca2asxyn632fzahvyevd8xsj86ac0l:9495878/0/21:naswap:30,0DEF42210053A7C924A053254A526ED21F4ADAB72C2B72123E545B4C3A562757
2026-09-26 17:11:33,Bitget,rsiNZr8amajbBCQiWxeis8PJ5fptkGePNz,,XRP.XRP,9999.0,=:BTC.BTC:bc1qhugr3kfjca2asxyn632fzahvyevd8xsj86ac0l:17763393/0/39:naswap:30,FB9A25436027883C8F098E2DD573911D9724F879A44AA2F0BB5C5C1437FB24D7
2026-09-26 17:12:33,Bitget,rsiNZr8amajbBCQiWxeis8PJ5fptkGePNz,,XRP.XRP,4207.099103,=:BTC.BTC:bc1qhugr3kfjca2asxyn632fzahvyevd8xsj86ac0l:7480069/0/17:naswap:30,648C07F4CF460ACF360E35384ABEF97AA99378BF7EE6A83E4FB6B2DB2657695D
2026-09-26 17:12:52,Bitget,0xffbde345fb684b29e5f659b70a5ef1658914311a,,ETH.ETH,2.0,=:BTC.BTC:bc1qhugr3kfjca2asxyn632fzahvyevd8xsj86ac0l:6331867/0/14:naswap:30,DDC3A3D88C264EED613125296C9800D233FC528DF9AD0E806FE3E68721AE9175
2026-09-26 17:14:17,Bitget,0xffbde345fb684b29e5f659b70a5ef1658914311a,,ETH.ETH,3.0,=:BTC.BTC:bc1qhugr3kfjca2asxyn632fzahvyevd8xsj86ac0l:9495981/0/21:naswap:30,A9BCCEAF420FC55FA4751E4AD15B27C3ED4604F24CD87B853F2058C2D2765846
2026-09-26 17:14:55,Bitget,0xffbde345fb684b29e5f659b70a5ef1658914311a,,ETH.ETH,4.0,=:BTC.BTC:bc1qhugr3kfjca2asxyn632fzahvyevd8xsj86ac0l:12659754/0/27:naswap:30,B615CA1B95BCEC992747A6C3C6077DBBA0BAAEA80EFC7B6BEA7D9B8F07D86461
2026-09-26 17:19:12,Bitget,0xffbde345fb684b29e5f659b70a5ef1658914311a,,ETH.ETH,6.0,=:BTC.BTC:bc1qhugr3kfjca2asxyn632fzahvyevd8xsj86ac0l:18990204/0/41:naswap:30,26D1B2D2A2AB6AA8223C3B29E4B3C23ECD46D77614FE4F06083681E50F736114
2026-09-26 17:19:20,Bitget,0xffbde345fb684b29e5f659b70a5ef1658914311a,,ETH.ETH,5.0,=:BTC.BTC:bc1qhugr3kfjca2asxyn632fzahvyevd8xsj86ac0l:15825462/0/34:naswap:30,742D43E2E49F47D2E8D9ACFB00B9D2C36844BADD41984680FED16F2C5BECD1F1
2026-09-26 17:19:31,Bitget,0xffbde345fb684b29e5f659b70a5ef1658914311a,,ETH.ETH,2.0,,DF4076A1896FCB2A373DF8AC0114B3B2E61C25EDACA147F86C0A481AFB7BD422
2026-09-26 17:19:31,Bitget,0xffbde345fb684b29e5f659b70a5ef1658914311a,,ETH.ETH,2.0,=:BTC.BTC:bc1qhugr3kfjca2asxyn632fzahvyevd8xsj86ac0l:12661595/0/27:naswap:30,DF4076A1896FCB2A373DF8AC0114B3B2E61C25EDACA147F86C0A481AFB7BD422
2026-09-26 17:21:20,Bitget,0xffbde345fb684b29e5f659b70a5ef1658914311a,,ETH.ETH,4.0,=:BTC.BTC:bc1qhugr3kfjca2asxyn632fzahvyevd8xsj86ac0l:12657240/0/27:naswap:30,E3F14DA9735F060815F610FC2D61F89A15A3DBBBE96D584C1D3826B61CDCB0EB
2026-09-26 17:21:33,Bitget,0xffbde345fb684b29e5f659b70a5ef1658914311a,,ETH.ETH,4.0,=:BTC.BTC:bc1qhugr3kfjca2asxyn632fzahvyevd8xsj86ac0l:12658746/0/27:naswap:30,9CBFE2F63271A525DEF8EB2E411FCFA1EB05A40F85FB53EC3FAAC658F31E1E21
2026-09-26 17:23:01,Bitget,0xffbde345fb684b29e5f659b70a5ef1658914311a,,ETH.ETH,3.0,=:BTC.BTC:bc1qhugr3kfjca2asxyn632fzahvyevd8xsj86ac0l:9493178/0/21:naswap:30,9B349D02A58A4832DBEF2EA9BCB47B6581EF36A216150E266924AED5525840E9
2026-09-26 17:23:26,Bitget,0xffbde345fb684b29e5f659b70a5ef1658914311a,,ETH.ETH,4.0,=:BTC.BTC:bc1qhugr3kfjca2asxyn632fzahvyevd8xsj86ac0l:12659826/0/27:naswap:30,FCF8B68E589D175EAE6761A72F4711B115EB1B4022A5A98E834EF05BE03D00CC
2026-09-26 17:23:51,Bitget,0xffbde345fb684b29e5f659b70a5ef1658914311a,,ETH.ETH,3.0,=:BTC.BTC:bc1qhugr3kfjca2asxyn632fzahvyevd8xsj86ac0l:9495822/0/21:naswap:30,107F9D605F9861FD30A5D3F097E4BB790A140F8C5E165089EEF5F38D354F1388
2026-09-26 17:25:06,Bitget,0xffbde345fb684b29e5f659b70a5ef1658914311a,,ETH.ETH,2.0,=:BTC.BTC:bc1qhugr3kfjca2asxyn632fzahvyevd8xsj86ac0l:6330363/0/14:naswap:30,BA26C7635628F370CBFE34EFF69D25000934EA41340FFBF2EFC2D73E3F209745
2026-09-26 17:25:32,Bitget,0xffbde345fb684b29e5f659b70a5ef1658914311a,,ETH.ETH,2.0,=:BTC.BTC:bc1qhugr3kfjca2asxyn632fzahvyevd8xsj86ac0l:6330435/0/14:naswap:30,EC8FE72AE4E0939DFA8C800436B111DDB96EFFF59B09B64599B1C538E4887A75
2026-09-26 17:25:50,Bitget,0xffbde345fb684b29e5f659b70a5ef1658914311a,,ETH.ETH,2.0,=:BTC.BTC:bc1qhugr3kfjca2asxyn632fzahvyevd8xsj86ac0l:6329516/0/14:naswap:30,344712E47A258EF7CD4B643DC055582D5ED4942EDC3E1B6BCC35890D959AC007
2026-09-26 17:26:42,Bitget,rsiNZr8amajbBCQiWxeis8PJ5fptkGePNz,,XRP.XRP,9999.0,=:BTC.BTC:bc1qhugr3kfjca2asxyn632fzahvyevd8xsj86ac0l:17750633/0/39:naswap:30,1C6606616767E9EF42CFE16A55784726AFEA2C1347904279FAF72F34A09AAA86
2026-09-26 17:27:01,Bitget,rsiNZr8amajbBCQiWxeis8PJ5fptkGePNz,,XRP.XRP,9999.0,=:BTC.BTC:bc1qhugr3kfjca2asxyn632fzahvyevd8xsj86ac0l:17746018/0/39:naswap:30,70929E3127FAB02922C5BC7E702923A428E6AF608C9FAEAF4A8E166C2DBF83F8
2026-09-26 17:27:15,Bitget,rsiNZr8amajbBCQiWxeis8PJ5fptkGePNz,,XRP.XRP,9999.0,=:BTC.BTC:bc1qhugr3kfjca2asxyn632fzahvyevd8xsj86ac0l:17747170/0/39:naswap:30,89CFB51D99B07A89C88D89FE16C0D4B8A7F6F01F31BF051E9DDB01982DB2DA1D
2026-09-26 17:27:34,Bitget,rsiNZr8amajbBCQiWxeis8PJ5fptkGePNz,,XRP.XRP,9999.0,=:BTC.BTC:bc1qhugr3kfjca2asxyn632fzahvyevd8xsj86ac0l:17750633/0/39:naswap:30,AD92CDD591711AF49F69578B3512FEEE5E04F7A9DFAB70346DECB10F4220EFE4
2026-09-26 17:29:26,Bitget,rsiNZr8amajbBCQiWxeis8PJ5fptkGePNz,,XRP.XRP,9999.0,=:BTC.BTC:bc1qhugr3kfjca2asxyn632fzahvyevd8xsj86ac0l:17740219/0/39:naswap:30,5BD000CD84B06C27AA1643EDFD9D2AC25B24B547375E9847937AB5AE647BE4EB
2026-09-26 17:29:26,Bitget,0xffbde345fb684b29e5f659b70a5ef1658914311a,,ETH.ETH,2.0,=:BTC.BTC:bc1qhugr3kfjca2asxyn632fzahvyevd8xsj86ac0l:6333719/0/14:naswap:30,7A0767DF90EFB05C41CE63E7B6DF8671FACD8ECE8AD6B193DC5C6B66B78F8680
2026-09-26 17:29:38,Bitget,rsiNZr8amajbBCQiWxeis8PJ5fptkGePNz,,XRP.XRP,9999.0,=:BTC.BTC:bc1qhugr3kfjca2asxyn632fzahvyevd8xsj86ac0l:17736758/0/39:naswap:30,A35F6FA7CF1516B49E95A9FE0BE94701A386E9BC8918302E5F7263227D55D578
2026-09-26 17:29:56,Bitget,rsiNZr8amajbBCQiWxeis8PJ5fptkGePNz,,XRP.XRP,9999.0,=:BTC.BTC:bc1qhugr3kfjca2asxyn632fzahvyevd8xsj86ac0l:17742527/0/39:naswap:30,19716E108690108175239DF0FDE83EB687C7DC90D3E0651DA34CDB7AAB87F947
2026-09-26 17:30:30,Bitget,rsiNZr8amajbBCQiWxeis8PJ5fptkGePNz,,XRP.XRP,9999.0,=:BTC.BTC:bc1qhugr3kfjca2asxyn632fzahvyevd8xsj86ac0l:17742365/0/39:naswap:30,551BE6C7FF2378576832811D4873459111A4B59DC411B42775096B08CA91A4F5
2026-09-26 17:30:42,Bitget,rsiNZr8amajbBCQiWxeis8PJ5fptkGePNz,,XRP.XRP,9999.0,=:BTC.BTC:bc1qhugr3kfjca2asxyn632fzahvyevd8xsj86ac0l:17743822/0/39:naswap:30,EFAB137988AFC31A1C06188EE3DDBAE16D8D0F6E463358086C663DA318FA6399
2026-09-26 17:31:07,Bitget,rsiNZr8amajbBCQiWxeis8PJ5fptkGePNz,,XRP.XRP,9999.0,=:BTC.BTC:bc1qhugr3kfjca2asxyn632fzahvyevd8xsj86ac0l:17738928/0/39:naswap:30,8469427813FEF5BECB8554CD49086B4804E1741D1F7583B003A18F7425F4FD47
2026-09-26 17:31:38,Bitget,rsiNZr8amajbBCQiWxeis8PJ5fptkGePNz,,XRP.XRP,9999.0,=:BTC.BTC:bc1qhugr3kfjca2asxyn632fzahvyevd8xsj86ac0l:17731938/0/39:naswap:30,D13135C7642E5F03DB77E6E84AE3C4D0EEC2AD9ED08078DBACA2CB095C572FCF
2026-09-26 17:31:56,Bitget,rsiNZr8amajbBCQiWxeis8PJ5fptkGePNz,,XRP.XRP,9999.0,=:BTC.BTC:bc1qhugr3kfjca2asxyn632fzahvyevd8xsj86ac0l:17730786/0/39:naswap:30,A2DA7FA9F8111ECDDEAEBA87BFDBD99049DE501CDA3D97283AA80E9E734581E5
2026-09-26 17:32:15,Bitget,rsiNZr8amajbBCQiWxeis8PJ5fptkGePNz,,XRP.XRP,9999.0,=:BTC.BTC:bc1qhugr3kfjca2asxyn632fzahvyevd8xsj86ac0l:17726170/0/39:naswap:30,9D785E3FE9E20A4A1D11662EC0916659F15AA2E070833AA8E11005025772B1CB
2026-09-26 17:32:21,Bitget,rsiNZr8amajbBCQiWxeis8PJ5fptkGePNz,,XRP.XRP,9999.0,=:BTC.BTC:bc1qhugr3kfjca2asxyn632fzahvyevd8xsj86ac0l:17723860/0/39:naswap:30,6B6BDC1A11CD55253A5CC2F0F39D3B48167057DF1FCA0F21EE1A86773A93C056
2026-09-26 17:32:49,Bitget,rsiNZr8amajbBCQiWxeis8PJ5fptkGePNz,,XRP.XRP,9999.0,=:BTC.BTC:bc1qhugr3kfjca2asxyn632fzahvyevd8xsj86ac0l:17727322/0/39:naswap:30,0C496E6E88986DD99EEC3AC63EC9E1253F35465F962F8936BA4A8C53D109DF9B
2026-09-26 17:34:21,Bitget,rsiNZr8amajbBCQiWxeis8PJ5fptkGePNz,,XRP.XRP,9999.0,=:BTC.BTC:bc1qhugr3kfjca2asxyn632fzahvyevd8xsj86ac0l:17718091/0/39:naswap:30,A351F050B8FF88D4971C891F89FB619D160930CD22183E73708398DDA439630D
2026-09-26 17:34:58,Bitget,rsiNZr8amajbBCQiWxeis8PJ5fptkGePNz,,XRP.XRP,9999.0,=:BTC.BTC:bc1qhugr3kfjca2asxyn632fzahvyevd8xsj86ac0l:17707879/0/39:naswap:30,6B3774EF900DCBCC47F925FDA1995D0AEA5FC783E985DBAF1F0DBCEBEBE79BB5
2026-09-26 17:35:29,Bitget,rsiNZr8amajbBCQiWxeis8PJ5fptkGePNz,,XRP.XRP,9999.0,=:BTC.BTC:bc1qhugr3kfjca2asxyn632fzahvyevd8xsj86ac0l:17709209/0/39:naswap:30,BC708834EC656109CBC169B8927EC71399802E864046B83410B3D74E61B78E8E
2026-09-26 17:36:19,Bitget,rsiNZr8amajbBCQiWxeis8PJ5fptkGePNz,,XRP.XRP,9999.0,=:BTC.BTC:bc1qhugr3kfjca2asxyn632fzahvyevd8xsj86ac0l:17709082/0/39:naswap:30,70A315DA42E557B93E47900803369FB4D56C70C3C6AF354A151700B6602E6DBF
2026-09-26 17:36:38,Bitget,rsiNZr8amajbBCQiWxeis8PJ5fptkGePNz,,XRP.XRP,9999.0,=:BTC.BTC:bc1qhugr3kfjca2asxyn632fzahvyevd8xsj86ac0l:17707930/0/39:naswap:30,6676B3D682FC5DC9E2B3150209500B17CA450F790E67F05D037DE9FC4682F400
2026-09-26 17:47:18,Bitget,0xffbde345fb684b29e5f659b70a5ef1658914311a,,ETH.ETH,9.22311378,=:BTC.BTC:bc1qhugr3kfjca2asxyn632fzahvyevd8xsj86ac0l:29201937/0/63:naswap:30,E75D85F29545BFD64A3A6A342D5F90A9AB40542D5CB21E65E4850B951DC1B9F9
2026-09-26 17:48:05,Bitget,0xffbde345fb684b29e5f659b70a5ef1658914311a,,ETH.ETH,9.223,=:BTC.BTC:bc1qhugr3kfjca2asxyn632fzahvyevd8xsj86ac0l:29198625/0/63:naswap:30,651B651656987CDA8CD0C704B0BD216B41A238CD2899ABE42B3A6D645063C4FC
2026-09-26 17:49:11,Bitget,rsiNZr8amajbBCQiWxeis8PJ5fptkGePNz,,XRP.XRP,9999.0,=:BTC.BTC:bc1qhugr3kfjca2asxyn632fzahvyevd8xsj86ac0l:17718641/0/39:naswap:30,55B549E2847E5C989A88A63DD4DA81046EDD6C2A72816FF9003A823CA30BB464
2026-09-26 17:50:08,Bitget,rsiNZr8amajbBCQiWxeis8PJ5fptkGePNz,,XRP.XRP,9999.0,=:BTC.BTC:bc1qhugr3kfjca2asxyn632fzahvyevd8xsj86ac0l:17702216/0/39:naswap:30,A8BBE34AF1D626F048D5439A7465B43A42B59471308077ADA8BDECCBE23B72E4
2026-09-26 17:51:04,Bitget,rsiNZr8amajbBCQiWxeis8PJ5fptkGePNz,,XRP.XRP,9999.0,=:BTC.BTC:bc1qhugr3kfjca2asxyn632fzahvyevd8xsj86ac0l:17691835/0/39:naswap:30,1677C6DB5F0BAEDBBE409B6EC29376F660A3B657E2B81ED338F88511596D3CFB
2026-09-26 17:51:16,Bitget,rsiNZr8amajbBCQiWxeis8PJ5fptkGePNz,,XRP.XRP,9999.0,=:BTC.BTC:bc1qhugr3kfjca2asxyn632fzahvyevd8xsj86ac0l:17690685/0/39:naswap:30,C6F3E0EC79DFF8B3170783D72E3958BCF0B79665F104397189B621E4B2CD1966
2026-09-26 17:51:34,Bitget,rsiNZr8amajbBCQiWxeis8PJ5fptkGePNz,,XRP.XRP,9999.0,=:BTC.BTC:bc1qhugr3kfjca2asxyn632fzahvyevd8xsj86ac0l:17691838/0/39:naswap:30,86568016751DA6398C334D21866CE7568B9C1300FEC468FCD434832B1D45A321
2026-09-26 17:53:03,Bitget,rsiNZr8amajbBCQiWxeis8PJ5fptkGePNz,,XRP.XRP,9999.0,=:BTC.BTC:bc1qhugr3kfjca2asxyn632fzahvyevd8xsj86ac0l:17689012/0/39:naswap:30,4D31ED77059A8610B1B40AEDB03E25F7F287FE73C487F9E272A005ED64220C04
2026-09-26 17:53:27,Bitget,rsiNZr8amajbBCQiWxeis8PJ5fptkGePNz,,XRP.XRP,9999.0,=:BTC.BTC:bc1qhugr3kfjca2asxyn632fzahvyevd8xsj86ac0l:17688972/0/39:naswap:30,D56DAFD00C0E8740A95AE0FC9E9ED179340C3E4393BE6E081C01423BA4BB2D76
2026-09-26 17:53:39,Bitget,rsiNZr8amajbBCQiWxeis8PJ5fptkGePNz,,XRP.XRP,9999.0,=:BTC.BTC:bc1qhugr3kfjca2asxyn632fzahvyevd8xsj86ac0l:17692391/0/39:naswap:30,F62ED509B1235A9EDD584747D6BEC488EC9C265AA20FEE211ED115353FC41FC7
2026-09-26 17:54:10,Bitget,rsiNZr8amajbBCQiWxeis8PJ5fptkGePNz,,XRP.XRP,9999.0,=:BTC.BTC:bc1qhugr3kfjca2asxyn632fzahvyevd8xsj86ac0l:17699108/0/39:naswap:30,9CFB77CE25301BB81DA8C0E1213E6CBECE7FC27F2F6CBCAD85551A21F855EC37
2026-09-26 17:55:12,Bitget,rsiNZr8amajbBCQiWxeis8PJ5fptkGePNz,,XRP.XRP,8529.468483,=:BTC.BTC:bc1qhugr3kfjca2asxyn632fzahvyevd8xsj86ac0l:15097836/0/33:naswap:30,FFC1EDBDED12BACCB727FCA11CFB6B09FE080C06D69DC55347FBA174A7FDB927
2026-09-26 18:33:17,Bitget,rheni8WXZSstVqKNrx8iuGanHqW2i8yq3P,,XRP.XRP,10000.0,=:BTC.BTC:bc1pzhhz6ckr0l9vyn7gz4ygjtz9zupn5qdcldxhzrsmlhtg89sh0z3sjgz4wl:17704163/0/39:naswap:30,E2081CBA223A5D25244474846DBA438D655AEB7B93D9D78E4DFA45D33E8C1FBA
2026-09-26 18:33:48,Bitget,rheni8WXZSstVqKNrx8iuGanHqW2i8yq3P,,XRP.XRP,10000.0,=:BTC.BTC:bc1pzhhz6ckr0l9vyn7gz4ygjtz9zupn5qdcldxhzrsmlhtg89sh0z3sjgz4wl:17699548/0/39:naswap:30,839B8C0FCB0E1BD0BBF39EFADEBF7A6DB7467452EF983FE81DF6101A80663BBB
2026-09-26 18:34:13,Bitget,rheni8WXZSstVqKNrx8iuGanHqW2i8yq3P,,XRP.XRP,10000.0,=:BTC.BTC:bc1pzhhz6ckr0l9vyn7gz4ygjtz9zupn5qdcldxhzrsmlhtg89sh0z3sjgz4wl:17686962/0/39:naswap:30,8E2F4655C4002F85E1C233AE3A2E4160A64EEE8147D5505CF9EBAC016EAE5A79
2026-09-26 18:35:47,Bitget,rheni8WXZSstVqKNrx8iuGanHqW2i8yq3P,,XRP.XRP,10000.0,=:BTC.BTC:bc1pzhhz6ckr0l9vyn7gz4ygjtz9zupn5qdcldxhzrsmlhtg89sh0z3sjgz4wl:17679789/0/39:naswap:30,E79D6826C35B1CEF32864521E1B77F21077625AF855790EC7832D2EEE867C42B
2026-09-26 18:36:50,Bitget,rheni8WXZSstVqKNrx8iuGanHqW2i8yq3P,,XRP.XRP,5460.0,=:BTC.BTC:bc1pzhhz6ckr0l9vyn7gz4ygjtz9zupn5qdcldxhzrsmlhtg89sh0z3sjgz4wl:9629814/0/21:naswap:30,43E55A04668A33C999EE91817AF5F71C1B11B9E565BD610C5DA56E85836682A2
2026-09-26 18:39:44,Bitget,rsiNZr8amajbBCQiWxeis8PJ5fptkGePNz,,XRP.XRP,9999.0,=:BTC.BTC:bc1qhugr3kfjca2asxyn632fzahvyevd8xsj86ac0l:17600873/0/39:naswap:30,351E299F8A45BB1A2B0D798F8C67E63D447E89C31A6ED40A3DFA9D17247BA10C
2026-09-26 18:40:17,Bitget,rsiNZr8amajbBCQiWxeis8PJ5fptkGePNz,,XRP.XRP,9999.0,=:BTC.BTC:bc1qhugr3kfjca2asxyn632fzahvyevd8xsj86ac0l:17589804/0/39:naswap:30,09C3D7E48921105F571A1339169AE465A2DD533D0941F4B6F245091D69D4C1FC
2026-09-26 18:40:41,Bitget,rsiNZr8amajbBCQiWxeis8PJ5fptkGePNz,,XRP.XRP,9999.0,=:BTC.BTC:bc1qhugr3kfjca2asxyn632fzahvyevd8xsj86ac0l:17590323/0/39:naswap:30,F91CFB1EF239B8878F6FDDA5446A07246970AB53A0CA60400F296CAB95D840C0
2026-09-26 18:40:58,Bitget,rsiNZr8amajbBCQiWxeis8PJ5fptkGePNz,,XRP.XRP,9999.0,=:BTC.BTC:bc1qhugr3kfjca2asxyn632fzahvyevd8xsj86ac0l:17570904/0/39:naswap:30,27D67FC3FF5C622D99D1969B2838D6C718E47ED030E9C432D810FF1A6E2F5E28
2026-09-26 18:41:17,Bitget,rsiNZr8amajbBCQiWxeis8PJ5fptkGePNz,,XRP.XRP,9999.0,=:BTC.BTC:bc1qhugr3kfjca2asxyn632fzahvyevd8xsj86ac0l:17592837/0/39:naswap:30,CBE405A952B3850AA589EACA7BBFCDBD04164803265FE63ADD7CC4E6208B4DF5
2026-09-26 18:42:01,Bitget,rsiNZr8amajbBCQiWxeis8PJ5fptkGePNz,,XRP.XRP,9999.0,=:BTC.BTC:bc1qhugr3kfjca2asxyn632fzahvyevd8xsj86ac0l:17603225/0/39:naswap:30,8D34553026081661E10AF4D06DE8B200A04F19B9F534C32CCEF5BFB1A557DDCE
2026-09-26 18:43:56,Bitget,rsiNZr8amajbBCQiWxeis8PJ5fptkGePNz,,XRP.XRP,9999.0,=:BTC.BTC:bc1qhugr3kfjca2asxyn632fzahvyevd8xsj86ac0l:17595145/0/39:naswap:30,D127B6416B3F37C96BDCC4D0C3D0BA6C7033D6B5BEDEF0FDF4614B0529BD8A5D
2026-09-26 18:44:02,Bitget,rhaV2Kn4qEGSEB6YBFooucjnFakrzCYWou,,XRP.XRP,7000.0,=:BTC.BTC:bc1qcucpas769r9rfpah0fv89wtqnsjgl63keycaj7:12317834/0/27:naswap:30,F4D7B6BAB884B7D8F7382328734BA4E630E7C0BA4141850EB0F5F2B9CCE8C3E9
2026-09-26 18:45:18,Bitget,rsiNZr8amajbBCQiWxeis8PJ5fptkGePNz,,XRP.XRP,9999.0,=:BTC.BTC:bc1qhugr3kfjca2asxyn632fzahvyevd8xsj86ac0l:17589486/0/39:naswap:30,D202E60D8179A3099B6B74C67D3EB65CC3A54710EFD3575DEB8418640D2F5C80
2026-09-26 18:45:36,Bitget,rsiNZr8amajbBCQiWxeis8PJ5fptkGePNz,,XRP.XRP,9999.0,=:BTC.BTC:bc1qhugr3kfjca2asxyn632fzahvyevd8xsj86ac0l:17583230/0/39:naswap:30,450A1C55CA6D33B6B3E20337854BCF9B48165BE1A5448D0A2A9849170BFA4963
2026-09-26 18:47:06,Bitget,rsiNZr8amajbBCQiWxeis8PJ5fptkGePNz,,XRP.XRP,9999.0,=:BTC.BTC:bc1qhugr3kfjca2asxyn632fzahvyevd8xsj86ac0l:17574673/0/39:naswap:30,65A75982A9B9BAB6CBF1C6348DBDAA71436C6EFBC341CA99C567939838D72704
2026-09-26 18:47:38,Bitget,rsiNZr8amajbBCQiWxeis8PJ5fptkGePNz,,XRP.XRP,9999.0,=:BTC.BTC:bc1qhugr3kfjca2asxyn632fzahvyevd8xsj86ac0l:17582334/0/39:naswap:30,887AF7CD79386AB889D88478A422FB96E5ADEED6C95D9DB7B680698246F7451E
2026-09-26 18:47:50,Bitget,rsiNZr8amajbBCQiWxeis8PJ5fptkGePNz,,XRP.XRP,9999.0,=:BTC.BTC:bc1qhugr3kfjca2asxyn632fzahvyevd8xsj86ac0l:17580016/0/39:naswap:30,B9CF5B5EA05385E38470ED076B1A700F3EB47A2F635EFB9CCD064D37BC5E53AB
2026-09-26 18:48:09,Bitget,rsiNZr8amajbBCQiWxeis8PJ5fptkGePNz,,XRP.XRP,9999.0,=:BTC.BTC:bc1qhugr3kfjca2asxyn632fzahvyevd8xsj86ac0l:17576012/0/39:naswap:30,5037BAD7081CA12349E54D2A82151BFC72ABEE1C8D750B27EF04065815B0C615
2026-09-26 18:48:26,Bitget,rsiNZr8amajbBCQiWxeis8PJ5fptkGePNz,,XRP.XRP,9999.0,=:BTC.BTC:bc1qhugr3kfjca2asxyn632fzahvyevd8xsj86ac0l:17579476/0/39:naswap:30,6D255DE28341895CE2A9BC6D58BAB454497DC82768165A8477E50D6E2E94BB6B
2026-09-26 18:48:43,Bitget,rsiNZr8amajbBCQiWxeis8PJ5fptkGePNz,,XRP.XRP,9999.0,=:BTC.BTC:bc1qhugr3kfjca2asxyn632fzahvyevd8xsj86ac0l:17576012/0/39:naswap:30,79F72D39F5E7A87A7D233D26AE872AA3FBA12AD39E62A7AD4F39132EA3766D0D
2026-09-26 18:48:55,Bitget,rsiNZr8amajbBCQiWxeis8PJ5fptkGePNz,,XRP.XRP,9999.0,=:BTC.BTC:bc1qhugr3kfjca2asxyn632fzahvyevd8xsj86ac0l:17556385/0/39:naswap:30,B7C2D21243D2FC831952F867C6629B1A3AF6B0DCBA9FA291B1A4E8D5024D0877
2026-09-26 18:49:15,Bitget,rsiNZr8amajbBCQiWxeis8PJ5fptkGePNz,,XRP.XRP,9999.0,=:BTC.BTC:bc1qhugr3kfjca2asxyn632fzahvyevd8xsj86ac0l:17568897/0/39:naswap:30,29C7AB054C0274FB68344567C296BE14CB83CB8A4B7E4DA5088930194BB2FE3D
2026-09-26 18:49:38,Bitget,rsiNZr8amajbBCQiWxeis8PJ5fptkGePNz,,XRP.XRP,9499.05,=:BTC.BTC:bc1qhugr3kfjca2asxyn632fzahvyevd8xsj86ac0l:17571205/0/39:naswap:30,A7EA3C34D641EE42814BA9B6A8013AA4B8523B980BEA4ADC427E1CFC9850932A
2026-09-26 18:49:50,Bitget,rsiNZr8amajbBCQiWxeis8PJ5fptkGePNz,,XRP.XRP,9999.0,=:BTC.BTC:bc1qhugr3kfjca2asxyn632fzahvyevd8xsj86ac0l:17570369/0/39:naswap:30,40187727C601A96118175554036FE460E89EA7604B4EDB99119940C05604F5CB
2026-09-26 18:50:09,Bitget,rsiNZr8amajbBCQiWxeis8PJ5fptkGePNz,,XRP.XRP,9999.0,=:BTC.BTC:bc1qhugr3kfjca2asxyn632fzahvyevd8xsj86ac0l:17564597/0/39:naswap:30,3EA7E00F5E91909EE89E874419B3E0E0BA51E728F354E50493F7E99A76034A02
2026-09-26 18:50:27,Bitget,rsiNZr8amajbBCQiWxeis8PJ5fptkGePNz,,XRP.XRP,9999.0,=:BTC.BTC:bc1qhugr3kfjca2asxyn632fzahvyevd8xsj86ac0l:17563244/0/39:naswap:30,C6A1350929B9B4978C3942F94AA16D6EC1343401D3091404B5F368E5CDF7991A
2026-09-26 18:50:47,Bitget,rsiNZr8amajbBCQiWxeis8PJ5fptkGePNz,,XRP.XRP,8499.15,=:BTC.BTC:bc1qhugr3kfjca2asxyn632fzahvyevd8xsj86ac0l:17555228/0/39:naswap:30,D3FD3F9E5D58438E9DF654A173A5782C5159AE1EBA05E464BBF6A3D2DF4B9F47
2026-09-26 18:51:00,Bitget,rsiNZr8amajbBCQiWxeis8PJ5fptkGePNz,,XRP.XRP,9998.999,=:BTC.BTC:bc1qhugr3kfjca2asxyn632fzahvyevd8xsj86ac0l:17549456/0/38:naswap:30,82C7A21B3CB7E954BEF775FA049FE0646511E1FD64517F550FCDC006FEAEC8F8
2026-09-26 18:51:00,Bitget,rsiNZr8amajbBCQiWxeis8PJ5fptkGePNz,,XRP.XRP,9999.0,=:BTC.BTC:bc1qhugr3kfjca2asxyn632fzahvyevd8xsj86ac0l:17554076/0/39:naswap:30,1283CC59C488A65E1892F321BEFA0AAE8E439D481A74DD810A6813CF668750BC
2026-09-26 18:51:28,Bitget,rsiNZr8amajbBCQiWxeis8PJ5fptkGePNz,,XRP.XRP,9999.0,=:BTC.BTC:bc1qhugr3kfjca2asxyn632fzahvyevd8xsj86ac0l:17545778/0/38:naswap:30,0525EEF6E13D4C543B972B8372D461B587BE761C5EE223F732D58EBEF69529D1
2026-09-26 18:51:51,Bitget,rsiNZr8amajbBCQiWxeis8PJ5fptkGePNz,,XRP.XRP,9999.0,=:BTC.BTC:bc1qhugr3kfjca2asxyn632fzahvyevd8xsj86ac0l:17545776/0/38:naswap:30,9CDC92D4EEEEAE2C5BC375CCCB6DF7EF165378AD01370EC83CD8F2D163C05B30
2026-09-26 18:52:05,Bitget,rsiNZr8amajbBCQiWxeis8PJ5fptkGePNz,,XRP.XRP,9499.05,=:BTC.BTC:bc1qhugr3kfjca2asxyn632fzahvyevd8xsj86ac0l:17550625/0/38:naswap:30,9E65616FD9B68012271DDF907AE453F053356B921F10059604EBE314C22B9670
2026-09-26 18:52:18,Bitget,rsiNZr8amajbBCQiWxeis8PJ5fptkGePNz,,XRP.XRP,499.95,,A7EA3C34D641EE42814BA9B6A8013AA4B8523B980BEA4ADC427E1CFC9850932A
2026-09-26 18:52:24,Bitget,rsiNZr8amajbBCQiWxeis8PJ5fptkGePNz,,XRP.XRP,9999.0,=:BTC.BTC:bc1qhugr3kfjca2asxyn632fzahvyevd8xsj86ac0l:17546006/0/38:naswap:30,6B91DC96B18FDF00BACA316444058C44A7F3D24DCAFD5F81D513397FC95938EA
2026-09-26 18:53:16,Bitget,rsiNZr8amajbBCQiWxeis8PJ5fptkGePNz,,XRP.XRP,1499.85,,D3FD3F9E5D58438E9DF654A173A5782C5159AE1EBA05E464BBF6A3D2DF4B9F47
2026-09-26 18:53:16,Bitget,rsiNZr8amajbBCQiWxeis8PJ5fptkGePNz,,XRP.XRP,5534.488718,=:BTC.BTC:bc1qhugr3kfjca2asxyn632fzahvyevd8xsj86ac0l:9716261/0/22:naswap:30,3E2AC0512B8A5A047C7D531201C33EA3287F88B28855697634842ABDDEABDDBE
2026-09-26 18:53:54,Bitget,rsiNZr8amajbBCQiWxeis8PJ5fptkGePNz,,XRP.XRP,499.95,,9E65616FD9B68012271DDF907AE453F053356B921F10059604EBE314C22B9670
2026-09-26 18:54:26,Bitget,rsiNZr8amajbBCQiWxeis8PJ5fptkGePNz,,XRP.XRP,9999.0,=:BTC.BTC:bc1qhugr3kfjca2asxyn632fzahvyevd8xsj86ac0l:17572840/0/39:naswap:30,79403F6FEB63141F01587E1FE6D00BC58E36E430DDC4C87437882AF39D956902
2026-09-26 18:54:39,Bitget,rsiNZr8amajbBCQiWxeis8PJ5fptkGePNz,,XRP.XRP,9999.0,=:BTC.BTC:bc1qhugr3kfjca2asxyn632fzahvyevd8xsj86ac0l:17577458/0/39:naswap:30,FD66CBE20384962BA5C0183A974A7DBB13555544AA0EAC0DE013C3D0FE4B2F4E
2026-09-26 18:54:58,Bitget,rsiNZr8amajbBCQiWxeis8PJ5fptkGePNz,,XRP.XRP,9999.0,=:BTC.BTC:bc1qhugr3kfjca2asxyn632fzahvyevd8xsj86ac0l:17578612/0/39:naswap:30,B49504C7951F568168DD4604126E88DAFA29D16916E635855D73C928326C3F3A
2026-09-26 18:55:10,Bitget,rsiNZr8amajbBCQiWxeis8PJ5fptkGePNz,,XRP.XRP,9999.0,=:BTC.BTC:bc1qhugr3kfjca2asxyn632fzahvyevd8xsj86ac0l:17580922/0/39:naswap:30,C4C9ECBCA50AA961AF0B60A4A4E1EB90C75E0A035B96D793F7FB0EA3105805A6
2026-09-26 18:55:29,Bitget,rsiNZr8amajbBCQiWxeis8PJ5fptkGePNz,,XRP.XRP,9999.0,=:BTC.BTC:bc1qhugr3kfjca2asxyn632fzahvyevd8xsj86ac0l:17584387/0/39:naswap:30,8815EA7D6A54E42CAEEDA58DD1DA7F58C890B13200B6C477C5363338D66F9C75
2026-09-26 18:55:42,Bitget,rsiNZr8amajbBCQiWxeis8PJ5fptkGePNz,,XRP.XRP,9999.0,=:BTC.BTC:bc1qhugr3kfjca2asxyn632fzahvyevd8xsj86ac0l:17577460/0/39:naswap:30,D7F21E6491980CD36F481BB056A75A6109CEDC88382387F9274D380CCC001E86
2026-09-26 18:56:01,Bitget,rsiNZr8amajbBCQiWxeis8PJ5fptkGePNz,,XRP.XRP,9999.0,=:BTC.BTC:bc1qhugr3kfjca2asxyn632fzahvyevd8xsj86ac0l:17578612/0/39:naswap:30,3DF5C0AC56252A3FEC4198EF0CC9DD05864095BF8145F1F98CF7762BEF69DD65
2026-09-26 18:56:19,Bitget,rsiNZr8amajbBCQiWxeis8PJ5fptkGePNz,,XRP.XRP,9999.0,=:BTC.BTC:bc1qhugr3kfjca2asxyn632fzahvyevd8xsj86ac0l:17578615/0/39:naswap:30,32A5B4491EA69F817AC86F57D718FD7246FDA753472ABB190E14A831813E7E74
2026-09-26 18:56:44,Bitget,rsiNZr8amajbBCQiWxeis8PJ5fptkGePNz,,XRP.XRP,9999.0,=:BTC.BTC:bc1qhugr3kfjca2asxyn632fzahvyevd8xsj86ac0l:17579767/0/39:naswap:30,D70C48F3E392E2B1A8B743462DF3696E196C285650C00D556D3657DE67FDF6BE
2026-09-26 18:57:09,Bitget,rsiNZr8amajbBCQiWxeis8PJ5fptkGePNz,,XRP.XRP,9999.0,=:BTC.BTC:bc1qhugr3kfjca2asxyn632fzahvyevd8xsj86ac0l:17570530/0/39:naswap:30,9EC5A038FAB6CA2C9672677CC3F4F4E024C7F514E17CDCF18B414389329072E7
2026-09-26 18:57:29,Bitget,rsiNZr8amajbBCQiWxeis8PJ5fptkGePNz,,XRP.XRP,9499.05,=:BTC.BTC:bc1qhugr3kfjca2asxyn632fzahvyevd8xsj86ac0l:17569375/0/39:naswap:30,DAFBFB50097C27D0685B5A2E0DE01A093B170547E11C2A9EEF85CD472C541AE8
2026-09-26 18:57:35,Bitget,rsiNZr8amajbBCQiWxeis8PJ5fptkGePNz,,XRP.XRP,9999.0,=:BTC.BTC:bc1qhugr3kfjca2asxyn632fzahvyevd8xsj86ac0l:17561295/0/39:naswap:30,D26AAF8F174B43EC7964C7841659BF69C180781814939D8FF82842E611213B9C
2026-09-26 18:58:00,Bitget,rsiNZr8amajbBCQiWxeis8PJ5fptkGePNz,,XRP.XRP,9998.995,=:BTC.BTC:bc1qhugr3kfjca2asxyn632fzahvyevd8xsj86ac0l:17560129/0/39:naswap:30,2D9395A1F2DBD5B5E2B8C650B3A9A14529E96DB62C0F404CD6CB11EFAE6ECC70
2026-09-26 18:58:28,Bitget,rsiNZr8amajbBCQiWxeis8PJ5fptkGePNz,,XRP.XRP,9999.0,=:BTC.BTC:bc1qhugr3kfjca2asxyn632fzahvyevd8xsj86ac0l:17553212/0/39:naswap:30,0CFA862DF238AD26BD8F625BF8A0742AB5A193546108BBA949D0541C9D9A41CC
2026-09-26 18:59:37,Bitget,rsiNZr8amajbBCQiWxeis8PJ5fptkGePNz,,XRP.XRP,499.95,,DAFBFB50097C27D0685B5A2E0DE01A093B170547E11C2A9EEF85CD472C541AE8
2026-09-26 19:00:00,Bitget,rsiNZr8amajbBCQiWxeis8PJ5fptkGePNz,,XRP.XRP,9999.0,=:BTC.BTC:bc1qhugr3kfjca2asxyn632fzahvyevd8xsj86ac0l:17563604/0/39:naswap:30,2AAA6E8047968FB45C1D9C80D50E57409EC8BB6653FFEE0931A4FE87DAAEC161
2026-09-26 19:00:49,Bitget,rsiNZr8amajbBCQiWxeis8PJ5fptkGePNz,,XRP.XRP,9999.0,=:BTC.BTC:bc1qhugr3kfjca2asxyn632fzahvyevd8xsj86ac0l:17572577/0/39:naswap:30,C07208CEBA591CA486D728965CB70CC407B1357ECAC6F98836008F61DF869BAF
2026-09-26 19:01:05,Bitget,rsiNZr8amajbBCQiWxeis8PJ5fptkGePNz,,XRP.XRP,9999.0,=:BTC.BTC:bc1qhugr3kfjca2asxyn632fzahvyevd8xsj86ac0l:17571422/0/39:naswap:30,83FC7CD21CE9B1A205DDB6B447EC51F646484CDBE30430BBD359EA78289E6C16
2026-09-26 19:01:22,Bitget,rsiNZr8amajbBCQiWxeis8PJ5fptkGePNz,,XRP.XRP,9999.0,=:BTC.BTC:bc1qhugr3kfjca2asxyn632fzahvyevd8xsj86ac0l:17578349/0/39:naswap:30,E7A4D4C5C623B81F9F3E32F5FDBE65A2AC7A89A02D2BB22B703343CC325007A7
2026-09-26 19:01:41,Bitget,rsiNZr8amajbBCQiWxeis8PJ5fptkGePNz,,XRP.XRP,9999.0,=:BTC.BTC:bc1qhugr3kfjca2asxyn632fzahvyevd8xsj86ac0l:17586082/0/39:naswap:30,883003EEF575652720B3CEF9CC0EDCBEC5C760C1C5B7E877E11490328EB0EFF0
2026-09-26 19:02:12,Bitget,rsiNZr8amajbBCQiWxeis8PJ5fptkGePNz,,XRP.XRP,6614.540014,=:BTC.BTC:bc1qhugr3kfjca2asxyn632fzahvyevd8xsj86ac0l:11642335/0/26:naswap:30,0DCCF8030DB8C2B8526377E62EDB31C274A42B657DE59BE6069097AAD791E350
2026-09-26 19:32:45,Bitget,rsiNZr8amajbBCQiWxeis8PJ5fptkGePNz,,XRP.XRP,499.782019,=:BTC.BTC:bc1qhugr3kfjca2asxyn632fzahvyevd8xsj86ac0l:878564/0/2:naswap:30,90D25D0C8D0D2B0EC4B71CC1872B8040C0F60A42CD61D14C77383486DF0A9943
2026-09-26 19:59:07,Bitget,rheni8WXZSstVqKNrx8iuGanHqW2i8yq3P,,XRP.XRP,10000.0,=:BTC.BTC:bc1pzhhz6ckr0l9vyn7gz4ygjtz9zupn5qdcldxhzrsmlhtg89sh0z3sjgz4wl:17591624/0/39:naswap:30,E0D4236EF1BABF2A9C693306EC7C9EBD8B095FB839F0B1C3515E232D1BEAEFF5
2026-09-26 19:59:39,Bitget,rheni8WXZSstVqKNrx8iuGanHqW2i8yq3P,,XRP.XRP,10000.0,=:BTC.BTC:bc1pzhhz6ckr0l9vyn7gz4ygjtz9zupn5qdcldxhzrsmlhtg89sh0z3sjgz4wl:17585853/0/39:naswap:30,4F4827E76EDCD996B8872205CF4AE510220EE9D806D05683B89B86249EE5C214
2026-09-26 20:00:24,Bitget,rheni8WXZSstVqKNrx8iuGanHqW2i8yq3P,,XRP.XRP,10000.0,=:BTC.BTC:bc1pzhhz6ckr0l9vyn7gz4ygjtz9zupn5qdcldxhzrsmlhtg89sh0z3sjgz4wl:17581233/0/39:naswap:30,EF295AEB36FBCD8E03BC08CE7F0D46A809120DDC69A19F2C1D3B653E7CD1D1BF
2026-09-26 20:00:56,Bitget,rheni8WXZSstVqKNrx8iuGanHqW2i8yq3P,,XRP.XRP,8310.0,=:BTC.BTC:bc1pzhhz6ckr0l9vyn7gz4ygjtz9zupn5qdcldxhzrsmlhtg89sh0z3sjgz4wl:14602331/0/32:naswap:30,FA18701AFBF6EDAADF6F28FD215700F72CA497A98904D3CF5FE98E1C36C50A8F
2026-09-26 20:05:03,Bitget,rhaV2Kn4qEGSEB6YBFooucjnFakrzCYWou,,XRP.XRP,7000.0,=:BTC.BTC:bc1qcucpas769r9rfpah0fv89wtqnsjgl63keycaj7:1229419/0/3:naswap:30,A8E332A1534486578241E3546E27AF7555670D3CF4923B3BB5449D5998C7464F
2026-09-26 20:09:36,Bitget,rsiNZr8amajbBCQiWxeis8PJ5fptkGePNz,,XRP.XRP,9999.0,=:BTC.BTC:bc1qhugr3kfjca2asxyn632fzahvyevd8xsj86ac0l:17492376/0/38:naswap:30,5BB5E661D7ABC77066A5589C5A80C432D8EBC0A9C0AA279BCD0FA715D15EE958
2026-09-26 20:09:53,Bitget,rsiNZr8amajbBCQiWxeis8PJ5fptkGePNz,,XRP.XRP,9999.0,=:BTC.BTC:bc1qhugr3kfjca2asxyn632fzahvyevd8xsj86ac0l:17506234/0/38:naswap:30,7E7AD4B24483D1974D204E03CE7B81AA53DE0F44A3981CF0440AEDF4D1682EA1
2026-09-26 20:10:05,Bitget,rsiNZr8amajbBCQiWxeis8PJ5fptkGePNz,,XRP.XRP,9999.0,=:BTC.BTC:bc1qhugr3kfjca2asxyn632fzahvyevd8xsj86ac0l:17515472/0/38:naswap:30,E8F48202AFA99AED571742151B4A0301AF152A3F5E5C66B8AF198EDAC0537B4C
2026-09-26 20:10:25,Bitget,rsiNZr8amajbBCQiWxeis8PJ5fptkGePNz,,XRP.XRP,9999.0,=:BTC.BTC:bc1qhugr3kfjca2asxyn632fzahvyevd8xsj86ac0l:17517780/0/38:naswap:30,785737A5D7ADFAB54927E0A7C09D41B094BE2912A122796CBFD9430D6B5636C1
2026-09-26 20:10:45,Bitget,rsiNZr8amajbBCQiWxeis8PJ5fptkGePNz,,XRP.XRP,9999.0,=:BTC.BTC:bc1qhugr3kfjca2asxyn632fzahvyevd8xsj86ac0l:17516624/0/38:naswap:30,CCAAC35212D34001FC73951F763930D979C1C1E6B8F6EA9F9AE9277A96584E4E
2026-09-26 20:11:18,Bitget,rsiNZr8amajbBCQiWxeis8PJ5fptkGePNz,,XRP.XRP,9999.0,=:BTC.BTC:bc1qhugr3kfjca2asxyn632fzahvyevd8xsj86ac0l:17539577/0/38:naswap:30,2B239D84BC0D7369D53C5DF0DC5709B9AFC6C59CDB07A310D809FDB02E3C4710
2026-09-26 20:12:13,Bitget,rsiNZr8amajbBCQiWxeis8PJ5fptkGePNz,,XRP.XRP,9999.0,=:BTC.BTC:bc1qhugr3kfjca2asxyn632fzahvyevd8xsj86ac0l:17536473/0/38:naswap:30,288E99FDAD049FBE6D838FA6EC6232E4E88702EB6A12A7007C56E235802549B5
2026-09-26 20:12:25,Bitget,rsiNZr8amajbBCQiWxeis8PJ5fptkGePNz,,XRP.XRP,9999.0,=:BTC.BTC:bc1qhugr3kfjca2asxyn632fzahvyevd8xsj86ac0l:17533009/0/38:naswap:30,93A3E2961D7ADD6E703E7245CA78A9EBB67797B9118FB0749315ECE7A3C02CC8
2026-09-26 20:12:49,Bitget,rsiNZr8amajbBCQiWxeis8PJ5fptkGePNz,,XRP.XRP,9999.0,=:BTC.BTC:bc1qhugr3kfjca2asxyn632fzahvyevd8xsj86ac0l:17534164/0/38:naswap:30,D270AA09F51360570ED3D433804671679B20FD14CDBDFB1635F890F7F8AD9BEE
2026-09-26 20:13:09,Bitget,rsiNZr8amajbBCQiWxeis8PJ5fptkGePNz,,XRP.XRP,9999.0,=:BTC.BTC:bc1qhugr3kfjca2asxyn632fzahvyevd8xsj86ac0l:17528394/0/38:naswap:30,B715030C5232325FB97BC186F95D8BA9E8A202FB992AA705579D8E3408B4110B
2026-09-26 20:13:22,Bitget,rsiNZr8amajbBCQiWxeis8PJ5fptkGePNz,,XRP.XRP,9999.0,=:BTC.BTC:bc1qhugr3kfjca2asxyn632fzahvyevd8xsj86ac0l:17538782/0/38:naswap:30,8DD40C8BF90F018100C6244C8763CCF376062482F8B2E57075BEB39344D0C699
2026-09-26 20:13:53,Bitget,rsiNZr8amajbBCQiWxeis8PJ5fptkGePNz,,XRP.XRP,5014.052427,=:BTC.BTC:bc1qhugr3kfjca2asxyn632fzahvyevd8xsj86ac0l:8793179/0/20:naswap:30,7BB6B6B0AFC5D9E635E722C7D5CD2ABD9E75FF4AA2F68B2DA17FDD5DBB67603A
2026-09-26 20:53:24,Bitget,rsiNZr8amajbBCQiWxeis8PJ5fptkGePNz,,XRP.XRP,9999.0,=:BTC.BTC:bc1qhugr3kfjca2asxyn632fzahvyevd8xsj86ac0l:17440689/0/38:naswap:30,D2C9A3098ED7E0BFDF51BF64DB6B8842726796D87A9A43629DE9DEE4696D07A1
2026-09-26 20:53:37,Bitget,rsiNZr8amajbBCQiWxeis8PJ5fptkGePNz,,XRP.XRP,9999.0,=:BTC.BTC:bc1qhugr3kfjca2asxyn632fzahvyevd8xsj86ac0l:17445967/0/38:naswap:30,16A7A6BDFE47195818C579A01B9E2852CA35AC216EA802B96F5FF160EF6874FB
2026-09-26 20:53:56,Bitget,rsiNZr8amajbBCQiWxeis8PJ5fptkGePNz,,XRP.XRP,9999.0,=:BTC.BTC:bc1qhugr3kfjca2asxyn632fzahvyevd8xsj86ac0l:17445966/0/38:naswap:30,D5E14E3A654A2BC6C0C3FDDE8C33846C790F04F41207638CF1C3DD4F8D61225A
2026-09-26 20:54:08,Bitget,rsiNZr8amajbBCQiWxeis8PJ5fptkGePNz,,XRP.XRP,9999.0,=:BTC.BTC:bc1qhugr3kfjca2asxyn632fzahvyevd8xsj86ac0l:17452893/0/38:naswap:30,DF5FC729ED71C77D16F3F73E7EE76651F54DC7568E1BAB8EA77BFE72C8138604
2026-09-26 20:54:28,Bitget,rsiNZr8amajbBCQiWxeis8PJ5fptkGePNz,,XRP.XRP,9999.0,=:BTC.BTC:bc1qhugr3kfjca2asxyn632fzahvyevd8xsj86ac0l:17450584/0/38:naswap:30,6B0414F02ADD0B3CB8590EB2A77EDD3E12F7BD2F5EB291C25DC8D83E8ED5060D
2026-09-26 20:54:47,Bitget,rsiNZr8amajbBCQiWxeis8PJ5fptkGePNz,,XRP.XRP,9999.0,=:BTC.BTC:bc1qhugr3kfjca2asxyn632fzahvyevd8xsj86ac0l:17451739/0/38:naswap:30,296C4F91CB6B3BEFD6701F881CAA56A34D18D390EF87AADEAA9E3005727E00D1
2026-09-26 20:55:00,Bitget,rsiNZr8amajbBCQiWxeis8PJ5fptkGePNz,,XRP.XRP,9999.0,=:BTC.BTC:bc1qhugr3kfjca2asxyn632fzahvyevd8xsj86ac0l:17451608/0/38:naswap:30,A98B3E861FC009E605057AA12755B69A7DBE675F8E67FB12AFF693D47B434E44
2026-09-26 20:55:32,Bitget,rsiNZr8amajbBCQiWxeis8PJ5fptkGePNz,,XRP.XRP,9999.0,=:BTC.BTC:bc1qhugr3kfjca2asxyn632fzahvyevd8xsj86ac0l:17455990/0/38:naswap:30,0060E3EDB92D54A880F2DE2E49F081AC0DFC0BD2138D072D4123369B9719AB7C
2026-09-26 20:56:28,Bitget,rsiNZr8amajbBCQiWxeis8PJ5fptkGePNz,,XRP.XRP,9999.0,=:BTC.BTC:bc1qhugr3kfjca2asxyn632fzahvyevd8xsj86ac0l:17461898/0/38:naswap:30,C3133C40F578ACBD5C8CF6E0F6F09A4C269970D1E8AEDEAA8C5D92177554515B
2026-09-26 20:56:53,Bitget,rsiNZr8amajbBCQiWxeis8PJ5fptkGePNz,,XRP.XRP,9999.0,=:BTC.BTC:bc1qhugr3kfjca2asxyn632fzahvyevd8xsj86ac0l:17464206/0/38:naswap:30,93B67908A2F1BBAB77749658FE5DEF0F840F4CE7F7081F51EB9BA4628C6F2F47
2026-09-26 20:57:12,Bitget,rsiNZr8amajbBCQiWxeis8PJ5fptkGePNz,,XRP.XRP,9999.0,=:BTC.BTC:bc1qhugr3kfjca2asxyn632fzahvyevd8xsj86ac0l:17466517/0/38:naswap:30,C67CA456878680B672C4E4EA4BD8E727753280EA3469FD4408CEC881A79A7F03
2026-09-26 20:57:50,Bitget,rsiNZr8amajbBCQiWxeis8PJ5fptkGePNz,,XRP.XRP,5066.870271,=:BTC.BTC:bc1qhugr3kfjca2asxyn632fzahvyevd8xsj86ac0l:8846061/0/20:naswap:30,F22DBD315E865622F02A25645321548AF70A4741229B709813B55ED386C4D1AE
2026-09-26 21:12:25,Bitget,rheni8WXZSstVqKNrx8iuGanHqW2i8yq3P,,XRP.XRP,10000.0,=:BTC.BTC:bc1pzhhz6ckr0l9vyn7gz4ygjtz9zupn5qdcldxhzrsmlhtg89sh0z3sjgz4wl:17484313/0/38:naswap:30,9B4BA844CA0DAEAE79175394CBFD07EAEC9908EED0BB1CE35DE18FBC295A7550
2026-09-26 21:14:24,Bitget,rheni8WXZSstVqKNrx8iuGanHqW2i8yq3P,,XRP.XRP,10000.0,=:BTC.BTC:bc1pzhhz6ckr0l9vyn7gz4ygjtz9zupn5qdcldxhzrsmlhtg89sh0z3sjgz4wl:17495457/0/38:naswap:30,7D9AA26C5B1AB99975AD6949F0286EEDA66B030DB6DA1044A3EAA6B98C32F035
2026-09-26 23:28:22,Bitget,rheni8WXZSstVqKNrx8iuGanHqW2i8yq3P,,XRP.XRP,10000.0,=:BTC.BTC:bc1pzhhz6ckr0l9vyn7gz4ygjtz9zupn5qdcldxhzrsmlhtg89sh0z3sjgz4wl:17575529/0/39:naswap:30,32A17EEADD5CAB47790D3350185DB89AC5FB4A205EF39402BC31957CEB660EE2
2026-09-26 23:28:53,Bitget,rheni8WXZSstVqKNrx8iuGanHqW2i8yq3P,,XRP.XRP,10000.0,=:BTC.BTC:bc1pzhhz6ckr0l9vyn7gz4ygjtz9zupn5qdcldxhzrsmlhtg89sh0z3sjgz4wl:17576085/0/39:naswap:30,AB68059CCB6F008788CA15DBBDC7814DBB23305349B99E64325B2EFB9F9B10E0
2026-09-26 23:29:12,Bitget,rheni8WXZSstVqKNrx8iuGanHqW2i8yq3P,,XRP.XRP,10000.0,=:BTC.BTC:bc1pzhhz6ckr0l9vyn7gz4ygjtz9zupn5qdcldxhzrsmlhtg89sh0z3sjgz4wl:17580314/0/39:naswap:30,6285ED1192351C0FAEC39B8BC3C84C71BFE9192B8C5D7BCC1916CAB118FFD225
2026-09-26 23:29:42,Bitget,rheni8WXZSstVqKNrx8iuGanHqW2i8yq3P,,XRP.XRP,9250.0,=:BTC.BTC:bc1pzhhz6ckr0l9vyn7gz4ygjtz9zupn5qdcldxhzrsmlhtg89sh0z3sjgz4wl:16254944/0/36:naswap:30,FFECDC233B8C4ED2B0EA2015ABE858A2546178E0B892F9E532B80CDA5F704CAB
2026-09-26 23:33:02,Bitget,rhaV2Kn4qEGSEB6YBFooucjnFakrzCYWou,,XRP.XRP,9483.0,=:BTC.BTC:bc1qcucpas769r9rfpah0fv89wtqnsjgl63keycaj7:16667008/0/37:naswap:30,60C7BAF33B8F4A198BF5C4A1DB5C6E514AB13414FFF7A0FAFF45628C29AFD554
2026-09-27 01:59:06,Bitget,rheni8WXZSstVqKNrx8iuGanHqW2i8yq3P,,XRP.XRP,10000.0,=:BTC.BTC:bc1pzhhz6ckr0l9vyn7gz4ygjtz9zupn5qdcldxhzrsmlhtg89sh0z3sjgz4wl:17486281/0/39:naswap:30,6F7917558546B858F3612E6D43C70910F98003D1791380B4D625CC48972A7660
2026-09-27 02:22:16,Bitget,rheni8WXZSstVqKNrx8iuGanHqW2i8yq3P,,XRP.XRP,10000.0,=:BTC.BTC:bc1pzhhz6ckr0l9vyn7gz4ygjtz9zupn5qdcldxhzrsmlhtg89sh0z3sjgz4wl:17536841/0/39:naswap:30,A4E948160FD75561798AFC7EDA4BA91F8ADB1E1D6AEE42E2DC6EF720F215578A
2026-09-27 02:22:24,Bitget,rheni8WXZSstVqKNrx8iuGanHqW2i8yq3P,,XRP.XRP,10000.0,=:BTC.BTC:bc1pzhhz6ckr0l9vyn7gz4ygjtz9zupn5qdcldxhzrsmlhtg89sh0z3sjgz4wl:17537790/0/39:naswap:30,0025A4296FD6B1A1B3830BA57AA7D54AAD28AD3FD779B49536465FCCD014B42E
2026-09-27 02:23:04,Bitget,rheni8WXZSstVqKNrx8iuGanHqW2i8yq3P,,XRP.XRP,10000.0,=:BTC.BTC:bc1pzhhz6ckr0l9vyn7gz4ygjtz9zupn5qdcldxhzrsmlhtg89sh0z3sjgz4wl:17529954/0/39:naswap:30,DA6C0305BB3DF2B59D6941843CDE245C7B922DFE68F184B1CD0A9EB073233ABF
2026-09-27 02:23:52,Bitget,rheni8WXZSstVqKNrx8iuGanHqW2i8yq3P,,XRP.XRP,1485.0,=:BTC.BTC:bc1pzhhz6ckr0l9vyn7gz4ygjtz9zupn5qdcldxhzrsmlhtg89sh0z3sjgz4wl:2603832/0/6:naswap:30,45B53C313A9BB580654C0B0E78618D2F4EC6227F1EBBBF7F44022A08C1532171
2026-09-27 05:08:16,Bitget,rGkhDBGD1XNNXibZFsQyeDa1jdZsYoibbt,,XRP.XRP,9999.0,,E9B42836A147D8302EFB14292D025E4D58D433D130E47DEA4B6832C852F6C990
2026-09-27 05:08:48,Bitget,rGkhDBGD1XNNXibZFsQyeDa1jdZsYoibbt,,XRP.XRP,9677.0,,999E724EB4760ED41AD80C40A41D9E8F844E454125B62911BAE5A1F262BC68AE
2026-09-27 05:08:54,Bitget,rGkhDBGD1XNNXibZFsQyeDa1jdZsYoibbt,,XRP.XRP,8977.0,,0C4C7BE525C158C115D44EB4328EADB332A23887A3FF79624E54430FC3DC8326
2026-09-27 05:09:00,Bitget,rGkhDBGD1XNNXibZFsQyeDa1jdZsYoibbt,,XRP.XRP,541.94444445,=:BTC.BTC:bc1qet8af98n2zf5ymltmprym5wh4j73tea48q2lp7:17295896/0/37:naswap:30,44C50951E2DAEAF9A70844EA846A5BDB0D484F6B26BC6D465C39902C3A79013F
2026-09-27 05:09:26,Bitget,rGkhDBGD1XNNXibZFsQyeDa1jdZsYoibbt,,XRP.XRP,9213.05555555,,44C50951E2DAEAF9A70844EA846A5BDB0D484F6B26BC6D465C39902C3A79013F
2026-09-27 05:10:22,Bitget,rGkhDBGD1XNNXibZFsQyeDa1jdZsYoibbt,,XRP.XRP,9567.0,,6C3D90CEB369B532845FBA45B37E13159DE20282C5FE031343E1E5B53DD65A5E
2026-09-27 05:10:40,Bitget,rGkhDBGD1XNNXibZFsQyeDa1jdZsYoibbt,,XRP.XRP,9754.0,,DF3AD62D645980EC3D18EA34F105DFAA13C15840EE593E9938BD5799BFCB542B
2026-09-27 05:10:40,Bitget,rGkhDBGD1XNNXibZFsQyeDa1jdZsYoibbt,,XRP.XRP,1142.57142858,=:BTC.BTC:bc1qet8af98n2zf5ymltmprym5wh4j73tea48q2lp7:14203205/0/31:naswap:30,C18BCFF5531505ADAEDC91D893DD91FEEB836FBDCD4CBA82797F06999F16DBCA
2026-09-27 05:10:46,Bitget,rGkhDBGD1XNNXibZFsQyeDa1jdZsYoibbt,,XRP.XRP,8656.0,,00CC38AEFB06EE6658A45E2463455B03285DB7C6E98EE586A4D97FA1749AFE67
2026-09-27 05:10:59,Bitget,rGkhDBGD1XNNXibZFsQyeDa1jdZsYoibbt,,XRP.XRP,8976.0,,DCCFA18D09A43D410BFB56CCD16860FFFDCADF165B35FAA206F6D94CFCD53F43
2026-09-27 05:11:29,Bitget,rGkhDBGD1XNNXibZFsQyeDa1jdZsYoibbt,,XRP.XRP,8404.6875,,FAA888AEDF27872427338125CC71B9E2D51693D08041D0902FE3DD00AA96A9FD
2026-09-27 05:11:29,Bitget,rGkhDBGD1XNNXibZFsQyeDa1jdZsYoibbt,,XRP.XRP,560.3125,=:BTC.BTC:bc1qet8af98n2zf5ymltmprym5wh4j73tea48q2lp7:15914137/0/34:naswap:30,FAA888AEDF27872427338125CC71B9E2D51693D08041D0902FE3DD00AA96A9FD
2026-09-27 05:11:29,Bitget,rGkhDBGD1XNNXibZFsQyeDa1jdZsYoibbt,,XRP.XRP,9764.0,,0D5B3EEA6D3A8C795AC5A1A473E663122FED0B7534DAA555DFEFE9A1F2953978
2026-09-27 05:11:42,Bitget,rGkhDBGD1XNNXibZFsQyeDa1jdZsYoibbt,,XRP.XRP,6855.42857142,,C18BCFF5531505ADAEDC91D893DD91FEEB836FBDCD4CBA82797F06999F16DBCA
2026-09-27 05:12:20,Bitget,rGkhDBGD1XNNXibZFsQyeDa1jdZsYoibbt,,XRP.XRP,9256.0,,7D20AC3582DB546E3119CB45250152057DEE61C688AF56E23F1B0AFD8557A68D
2026-09-27 05:12:40,Bitget,rGkhDBGD1XNNXibZFsQyeDa1jdZsYoibbt,,XRP.XRP,9145.0,,527C16AC7774C24221C040BA978DDD5252B42C46954890CA08F5496529F8FF27
2026-09-27 05:12:40,Bitget,rGkhDBGD1XNNXibZFsQyeDa1jdZsYoibbt,,XRP.XRP,7743.0,,19CBEDA973E09B0ACAD3CE2BD860CED9629E0FC209D3B80533F316B1437B8586
2026-09-27 05:13:05,Bitget,rGkhDBGD1XNNXibZFsQyeDa1jdZsYoibbt,,XRP.XRP,6987.0,,7C3DEF62C73973A22ABC7C80380E20653E5488BF78A179EDCF4184B004FE7CE5
2026-09-27 05:13:17,Bitget,rGkhDBGD1XNNXibZFsQyeDa1jdZsYoibbt,,XRP.XRP,9322.0,,960757896117DB2ADC8F5FE12FF6A7E5F492D332F9B227D2F4C31310CA2A069C
2026-09-27 05:13:54,Bitget,rGkhDBGD1XNNXibZFsQyeDa1jdZsYoibbt,,XRP.XRP,9776.0,,6EEE667F1CA2F1E18201CE94BB949952CFD36431C35BBFC7FB198772546665D4
2026-09-27 05:14:12,Bitget,rGkhDBGD1XNNXibZFsQyeDa1jdZsYoibbt,,XRP.XRP,8694.0,,B17806216FC5AE7E6BEA7894990F15C921CB77DE4091F4A9E994B906090F0A1D
2026-09-27 05:14:43,Bitget,rGkhDBGD1XNNXibZFsQyeDa1jdZsYoibbt,,XRP.XRP,9545.0,,8019BDB1CB2E6F08BAF5E9096030FEA7DDFDAE6FF7BC28C63DB786EEA389655A
2026-09-27 05:15:02,Bitget,rGkhDBGD1XNNXibZFsQyeDa1jdZsYoibbt,,XRP.XRP,9534.0,,364F1B4A3FBD57470F6C39A49A2A1D01073A129218F2686BC99F4B4B836215E7
2026-09-27 05:15:09,Bitget,rGkhDBGD1XNNXibZFsQyeDa1jdZsYoibbt,,XRP.XRP,8486.0,,1429D0F2B71252BFAB5F7EDB58B3D9FE0887D2BA2BEDBF7B0E8F1995356054E7
2026-09-27 05:15:46,Bitget,rGkhDBGD1XNNXibZFsQyeDa1jdZsYoibbt,,XRP.XRP,9434.0,,88F1E0ADF148D80C7B3DB56A9B31B15727D7E79C35BF6CC9E90B0339C56D2E0F
2026-09-27 05:15:52,Bitget,rGkhDBGD1XNNXibZFsQyeDa1jdZsYoibbt,,XRP.XRP,6544.0,,63E671323FCAC95C4D27E774998A87A7D343A6BE1F17529D6D37BA4B04A70041
2026-09-27 05:16:05,Bitget,rGkhDBGD1XNNXibZFsQyeDa1jdZsYoibbt,,XRP.XRP,9323.0,,BC4FA9D2CCC88C35FC9719D8B6EF06B86E363429EA05520AE7C1421C6B62ECFA
2026-09-27 05:16:17,Bitget,rGkhDBGD1XNNXibZFsQyeDa1jdZsYoibbt,,XRP.XRP,4577.0,,9508AF35E6269FD791F84785778085944A1AAAF7A7B100DCA3B09EFA147E9587
2026-09-27 05:16:30,Bitget,rGkhDBGD1XNNXibZFsQyeDa1jdZsYoibbt,,XRP.XRP,8577.0,,719D44EE53DC176B0252359116F0B79F91EAF594539272B1C2CFAC529EA30C72
2026-09-27 05:17:01,Bitget,rGkhDBGD1XNNXibZFsQyeDa1jdZsYoibbt,,XRP.XRP,9654.0,,581819CCF02AB01675FD26650E823AEA6D0A938695C26F0CFFC3DAE50ACFC73D
2026-09-27 05:17:26,Bitget,rheni8WXZSstVqKNrx8iuGanHqW2i8yq3P,,XRP.XRP,10000.0,=:BTC.BTC:bc1pzhhz6ckr0l9vyn7gz4ygjtz9zupn5qdcldxhzrsmlhtg89sh0z3sjgz4wl:17396232/0/38:naswap:30,B424062D74045E278D5A2E44856238AC6EDD501E6D043136BF9DDBEA8B217337
2026-09-27 05:17:38,Bitget,rGkhDBGD1XNNXibZFsQyeDa1jdZsYoibbt,,XRP.XRP,9645.0,,A845FAED8510146E9F5CA7961F45E6B26737E97A6A0BD491DAFCEAF8497014C3
2026-09-27 05:18:44,Bitget,rGkhDBGD1XNNXibZFsQyeDa1jdZsYoibbt,,XRP.XRP,9744.0,,C217F3B2D15787582F0349632A86A38772FB39E9A3DCA1466916F5E2CF657A35
2026-09-27 05:18:56,Bitget,rheni8WXZSstVqKNrx8iuGanHqW2i8yq3P,,XRP.XRP,10000.0,=:BTC.BTC:bc1pzhhz6ckr0l9vyn7gz4ygjtz9zupn5qdcldxhzrsmlhtg89sh0z3sjgz4wl:17413112/0/38:naswap:30,9E976146BF365373C80BD33ADB2114A55141BBE5BD8CB14A5DB550A280BC4FA0
2026-09-27 05:18:56,Bitget,rGkhDBGD1XNNXibZFsQyeDa1jdZsYoibbt,,XRP.XRP,9087.05882352,,32D7EAE269F1F95665A0B29C739EF79AC6FE40461564F62FF41477C65F4F143D
2026-09-27 05:18:56,Bitget,rGkhDBGD1XNNXibZFsQyeDa1jdZsYoibbt,,XRP.XRP,567.94117648,=:BTC.BTC:bc1qet8af98n2zf5ymltmprym5wh4j73tea48q2lp7:17144639/0/37:naswap:30,32D7EAE269F1F95665A0B29C739EF79AC6FE40461564F62FF41477C65F4F143D
2026-09-27 05:19:16,Bitget,rGkhDBGD1XNNXibZFsQyeDa1jdZsYoibbt,,XRP.XRP,9246.0,,F35AD75DC740553A1004540A0D2B52C839DDC5603853662C5937189F7517F9C1
2026-09-27 05:19:42,Bitget,rGkhDBGD1XNNXibZFsQyeDa1jdZsYoibbt,,XRP.XRP,9834.0,,BEC17969E50414308DF5429887FF9BB0BE76D8A5C0A6F7B07FEB690FC1EC14B4
2026-09-27 05:20:00,Bitget,rheni8WXZSstVqKNrx8iuGanHqW2i8yq3P,,XRP.XRP,10000.0,=:BTC.BTC:bc1pzhhz6ckr0l9vyn7gz4ygjtz9zupn5qdcldxhzrsmlhtg89sh0z3sjgz4wl:17410813/0/38:naswap:30,63E7EC6B5BC6786442E5550FE384CA8D28EE0023C823B18E01E154DBC82B993B
2026-09-27 05:20:00,Bitget,rGkhDBGD1XNNXibZFsQyeDa1jdZsYoibbt,,XRP.XRP,9245.0,,C8A179AE06F659B8D91B219C8A6DCBB9F913A52D0A7857FAC9D0320B01EEFE85
2026-09-27 05:21:56,Bitget,rNkBS1rvNw7qKRJcoyVASZ37t8y1Nh1n1y,,XRP.XRP,9999.0,=:BTC.BTC:bc1qylncpk4thyd4sjsydrxxuv6xsu4ccqs5mmpm54:17405624/0/38:naswap:30,808AE5BC568BA7CC6A2A3091DD19E9EB92288356C7E5B23ADC60EB2F73858BA6
2026-09-27 05:23:51,Bitget,rheni8WXZSstVqKNrx8iuGanHqW2i8yq3P,,XRP.XRP,1825.0,=:BTC.BTC:bc1pzhhz6ckr0l9vyn7gz4ygjtz9zupn5qdcldxhzrsmlhtg89sh0z3sjgz4wl:3177892/0/7:naswap:30,7FAE3D46D288AD2ED3612450203F6214E84D31399E99538200797B1FF24C055C
2026-09-27 05:24:52,Bitget,rGkhDBGD1XNNXibZFsQyeDa1jdZsYoibbt,,XRP.XRP,16110.95,=:BTC.BTC:bc1qet8af98n2zf5ymltmprym5wh4j73tea48q2lp7:39482834/0/85:naswap:30,F7895F60E9E26B6118BC5F0F4329A38C171F4BEAEC3B96DFCF33D71871045D8E
2026-09-27 05:26:20,Bitget,rGkhDBGD1XNNXibZFsQyeDa1jdZsYoibbt,,XRP.XRP,9999.0,=:ETH.ETH:0x37Cb14db81f71f507714453b527Fe255465D0972:555849923/0/38:naswap:30,566CB458A9E526F9E7D431524E84703BFF30909E940BAFC034F6AAFEA385253E
2026-09-27 05:28:00,Bitget,rGkhDBGD1XNNXibZFsQyeDa1jdZsYoibbt,,XRP.XRP,6111.05,,F7895F60E9E26B6118BC5F0F4329A38C171F4BEAEC3B96DFCF33D71871045D8E
2026-09-27 05:29:27,Bitget,rGkhDBGD1XNNXibZFsQyeDa1jdZsYoibbt,,XRP.XRP,9998.0,=:ETH.ETH:0x37Cb14db81f71f507714453b527Fe255465D0972:555588563/0/38:naswap:30,94CFFDB66F93265EC1A601373EE171478E45DDE069ACBC40CECC4E539489BAB5
2026-09-27 05:29:54,Bitget,rGkhDBGD1XNNXibZFsQyeDa1jdZsYoibbt,,XRP.XRP,9665.0,=:ETH.ETH:0x37Cb14db81f71f507714453b527Fe255465D0972:536979323/0/37:naswap:30,1D8C1333977A265CD2A0324DE8C6B9D80BF6AD28155F21F9EE340B6B722DEC9F
2026-09-27 05:30:31,Bitget,rGkhDBGD1XNNXibZFsQyeDa1jdZsYoibbt,,XRP.XRP,8888.0,=:ETH.ETH:0x37Cb14db81f71f507714453b527Fe255465D0972:493788213/0/34:naswap:30,667C6367055BD4BB330EFEB89E8315DED87AED7F711B02D28C6321B0DE1578F1
2026-09-27 05:31:33,Bitget,rGkhDBGD1XNNXibZFsQyeDa1jdZsYoibbt,,XRP.XRP,9655.0,=:ETH.ETH:0x37Cb14db81f71f507714453b527Fe255465D0972:536439825/0/37:naswap:30,79B2732E2D5254CA6380F2B41E56CA7240ECD0C85858D43E9682B45A817CEEE6
2026-09-27 05:31:52,Bitget,rGkhDBGD1XNNXibZFsQyeDa1jdZsYoibbt,,XRP.XRP,9465.0,=:ETH.ETH:0x37Cb14db81f71f507714453b527Fe255465D0972:525812203/0/36:naswap:30,C7E7D42B65DC211D4CD21E09F20DA65A7BE1802EAF91D82CC0EB56AE84CD9321
2026-09-27 05:32:08,Bitget,rGkhDBGD1XNNXibZFsQyeDa1jdZsYoibbt,,XRP.XRP,8255.29411766,=:ETH.ETH:0x37Cb14db81f71f507714453b527Fe255465D0972:519803483/0/36:naswap:30,29D5B95A96EAA3FF7BECBF5DC2891C89B3AB64D9C76E6B5AA4C4A198B6C3A7B3
2026-09-27 05:32:20,Bitget,rGkhDBGD1XNNXibZFsQyeDa1jdZsYoibbt,,XRP.XRP,8597.0,=:ETH.ETH:0x37Cb14db81f71f507714453b527Fe255465D0972:477454486/0/33:naswap:30,84B0A11910E772CB0995AE08419CAFC71C4BF1C7960B2111329C59B68E93E50D
2026-09-27 05:33:06,Bitget,rGkhDBGD1XNNXibZFsQyeDa1jdZsYoibbt,,XRP.XRP,9565.0,=:BTC.BTC:bc1qet8af98n2zf5ymltmprym5wh4j73tea48q2lp7:16640874/0/37:naswap:30,1005439BBEEA08FDBD845C5A39AEC2E7754A41CB63FCB630C61E9A2375C14536
2026-09-27 05:33:39,Bitget,rGkhDBGD1XNNXibZFsQyeDa1jdZsYoibbt,,XRP.XRP,1100.70588234,,29D5B95A96EAA3FF7BECBF5DC2891C89B3AB64D9C76E6B5AA4C4A198B6C3A7B3
2026-09-27 05:33:45,Bitget,rGkhDBGD1XNNXibZFsQyeDa1jdZsYoibbt,,XRP.XRP,9565.0,=:BTC.BTC:bc1qet8af98n2zf5ymltmprym5wh4j73tea48q2lp7:16640874/0/37:naswap:30,F8ECB26689AF58FFDBF8DD98F9F710C5342ED42EF07B8A156AA497082E7D919F
2026-09-27 05:33:57,Bitget,rGkhDBGD1XNNXibZFsQyeDa1jdZsYoibbt,,XRP.XRP,8676.0,=:BTC.BTC:bc1qet8af98n2zf5ymltmprym5wh4j73tea48q2lp7:15092057/0/33:naswap:30,BCC0E6F78FCBF8B56EE493A6BBB85D1D901916DE62C1DA366D594C1C2F9B3C68
2026-09-27 05:34:28,Bitget,rGkhDBGD1XNNXibZFsQyeDa1jdZsYoibbt,,XRP.XRP,9654.0,=:BTC.BTC:bc1qet8af98n2zf5ymltmprym5wh4j73tea48q2lp7:16795525/0/37:naswap:30,4BC03F3ACAF4C26E49A980BEF31FD8D77A377F2A6E0154CDAE12D8D97C8DA8B1
2026-09-27 05:34:46,Bitget,rGkhDBGD1XNNXibZFsQyeDa1jdZsYoibbt,,XRP.XRP,7665.0,=:BTC.BTC:bc1qet8af98n2zf5ymltmprym5wh4j73tea48q2lp7:13335165/0/30:naswap:30,4EBEF6B983C05A2007F3FE25C6A31CD66AEE32A1FB8C9ED88DA26F406017C3CF
2026-09-27 05:35:10,Bitget,rGkhDBGD1XNNXibZFsQyeDa1jdZsYoibbt,,XRP.XRP,9656.0,=:BTC.BTC:bc1qet8af98n2zf5ymltmprym5wh4j73tea48q2lp7:16801222/0/37:naswap:30,9C511ADFA5174E0A3FB037290E4B0AEFE27946A5CFA9112DEAC0772946823E3A
2026-09-27 05:35:10,Bitget,rNkBS1rvNw7qKRJcoyVASZ37t8y1Nh1n1y,,XRP.XRP,8888.0,=:BTC.BTC:bc1qylncpk4thyd4sjsydrxxuv6xsu4ccqs5mmpm54:15465938/0/34:naswap:30,95B7D766A688DAD2707ED63DCB4CC27D9B056278A3E292F903D3717D5C07ACCD
2026-09-27 05:35:28,Bitget,rNkBS1rvNw7qKRJcoyVASZ37t8y1Nh1n1y,,XRP.XRP,9998.0,=:BTC.BTC:bc1qylncpk4thyd4sjsydrxxuv6xsu4ccqs5mmpm54:17397441/0/38:naswap:30,DA5140821A68C6C4F10B036CB5E94F326C6721E708CE9497E05872354447E6C8
2026-09-27 05:35:35,Bitget,rGkhDBGD1XNNXibZFsQyeDa1jdZsYoibbt,,XRP.XRP,8565.0,=:BTC.BTC:bc1qet8af98n2zf5ymltmprym5wh4j73tea48q2lp7:14905856/0/33:naswap:30,4ED6B7FE4D87F10159D7CBBE170A7DF1402C8C68E864C56B1562C85046E47046
2026-09-27 05:35:41,Bitget,rNkBS1rvNw7qKRJcoyVASZ37t8y1Nh1n1y,,XRP.XRP,9997.0,=:BTC.BTC:bc1qylncpk4thyd4sjsydrxxuv6xsu4ccqs5mmpm54:17395699/0/38:naswap:30,30AA766C092CF5FBB1A2576D91828FF3889CC18D83A6F648ACA075452D45C14B
2026-09-27 05:35:57,Bitget,rGkhDBGD1XNNXibZFsQyeDa1jdZsYoibbt,,XRP.XRP,6544.0,=:BTC.BTC:bc1qet8af98n2zf5ymltmprym5wh4j73tea48q2lp7:11387041/0/25:naswap:30,61F3B41D4DED7075936F7DA7986F7A43D11B370804417AECDC7878A689B50573
2026-09-27 05:35:57,Bitget,rNkBS1rvNw7qKRJcoyVASZ37t8y1Nh1n1y,,XRP.XRP,9996.0,=:BTC.BTC:bc1qylncpk4thyd4sjsydrxxuv6xsu4ccqs5mmpm54:17397217/0/38:naswap:30,5E1B4A27D22D4FEC0AC59D7359EABF300C90A46A10A67622788B3C61A970D1C4
2026-09-27 05:36:09,Bitget,rGkhDBGD1XNNXibZFsQyeDa1jdZsYoibbt,,XRP.XRP,9445.0,=:BTC.BTC:bc1qet8af98n2zf5ymltmprym5wh4j73tea48q2lp7:16440415/0/36:naswap:30,40F90FC9EF0F7717BEAB9A932E7300D470ABE548BE4B7F80CB49E33E3FE63304
2026-09-27 05:36:27,Bitget,rGkhDBGD1XNNXibZFsQyeDa1jdZsYoibbt,,XRP.XRP,9367.0,=:BTC.BTC:bc1qet8af98n2zf5ymltmprym5wh4j73tea48q2lp7:16307868/0/36:naswap:30,96A7EDFBC490E5786AE71B3610F3E41F100C794986776D66C069281C0609CC23
2026-09-27 05:36:27,Bitget,rNkBS1rvNw7qKRJcoyVASZ37t8y1Nh1n1y,,XRP.XRP,20000.0,=:BTC.BTC:bc1qylncpk4thyd4sjsydrxxuv6xsu4ccqs5mmpm54:34817538/0/76:naswap:30,87796BCFB7CDE1C665D25D8F2780565C81A768FCC854762E3ECF039AAF8F41A1
2026-09-27 05:36:42,Bitget,rGkhDBGD1XNNXibZFsQyeDa1jdZsYoibbt,,XRP.XRP,9665.0,=:BTC.BTC:bc1qet8af98n2zf5ymltmprym5wh4j73tea48q2lp7:16829830/0/37:naswap:30,99E1052FBA8C32DAEED83050E61928F77FD57956C01556A86AA7DF5846DD8C56
2026-09-27 05:36:49,Bitget,rNkBS1rvNw7qKRJcoyVASZ37t8y1Nh1n1y,,XRP.XRP,10000.0,=:BTC.BTC:bc1qylncpk4thyd4sjsydrxxuv6xsu4ccqs5mmpm54:17415788/0/38:naswap:30,3A915995A9DA6FD1F6AE9C3041ACE2F07C417B514667B42E6992919580A3CA30
2026-09-27 05:37:07,Bitget,rNkBS1rvNw7qKRJcoyVASZ37t8y1Nh1n1y,,XRP.XRP,12000.0,=:BTC.BTC:bc1qylncpk4thyd4sjsydrxxuv6xsu4ccqs5mmpm54:20901511/0/46:naswap:30,3BAC123A23E3ABAD47B9E664E3FC80DE41693AF191E23B5F5E0BCEF0ED454A3D
2026-09-27 05:37:20,Bitget,rNkBS1rvNw7qKRJcoyVASZ37t8y1Nh1n1y,,XRP.XRP,9966.0,=:BTC.BTC:bc1qylncpk4thyd4sjsydrxxuv6xsu4ccqs5mmpm54:17367997/0/38:naswap:30,F46E4FD786E710486D5E8768DCD2FC904DF20BB3C2D59B0D2A7F903D4B45B5C4
2026-09-27 05:39:06,Bitget,rNkBS1rvNw7qKRJcoyVASZ37t8y1Nh1n1y,,XRP.XRP,11000.0,=:BTC.BTC:bc1qylncpk4thyd4sjsydrxxuv6xsu4ccqs5mmpm54:19206854/0/42:naswap:30,18A6C935D53F130471AACDC27219A470433455CA4E94A129922F5EFAC6C899A7
2026-09-27 05:39:23,Bitget,rNkBS1rvNw7qKRJcoyVASZ37t8y1Nh1n1y,,XRP.XRP,13000.0,=:BTC.BTC:bc1qylncpk4thyd4sjsydrxxuv6xsu4ccqs5mmpm54:22696032/0/50:naswap:30,71246C41764D6E2E9A2EC9A3006491315302F7C8A396817208947D5C33750826
2026-09-27 05:39:41,Bitget,rNkBS1rvNw7qKRJcoyVASZ37t8y1Nh1n1y,,XRP.XRP,9965.0,=:BTC.BTC:bc1qylncpk4thyd4sjsydrxxuv6xsu4ccqs5mmpm54:17388872/0/38:naswap:30,01FBB7B091690330B7A515EADB070CD13091992D5B28F746D06ACE5BC4F153FA
2026-09-27 05:39:54,Bitget,rNkBS1rvNw7qKRJcoyVASZ37t8y1Nh1n1y,,XRP.XRP,9876.0,=:BTC.BTC:bc1qylncpk4thyd4sjsydrxxuv6xsu4ccqs5mmpm54:17232118/0/38:naswap:30,7F2BA3C500B4D10DB43CD9427C7CAB581A231F76F586EAB461316CBA9111CBED
2026-09-27 05:40:06,Bitget,rGkhDBGD1XNNXibZFsQyeDa1jdZsYoibbt,,XRP.XRP,9999.0,=:BTC.BTC:bc1qet8af98n2zf5ymltmprym5wh4j73tea48q2lp7:17434898/0/38:naswap:30,0B0A50A611478FB975D3991890A039BE2B5AA7DA02EE2229F526E6D05D2F4747
2026-09-27 05:40:14,Bitget,rNkBS1rvNw7qKRJcoyVASZ37t8y1Nh1n1y,,XRP.XRP,9955.0,=:BTC.BTC:bc1qylncpk4thyd4sjsydrxxuv6xsu4ccqs5mmpm54:17364207/0/38:naswap:30,7F0D991C33EB4153C0DEB83DAF5B015998F573C58E7DBA5EA79D6B2562E66EDA
2026-09-27 05:40:31,Bitget,rNkBS1rvNw7qKRJcoyVASZ37t8y1Nh1n1y,,XRP.XRP,8899.0,=:BTC.BTC:bc1qylncpk4thyd4sjsydrxxuv6xsu4ccqs5mmpm54:15523279/0/34:naswap:30,24DA1077C70ADCA28856ACA6C34E78F3EAA8AD67DC7347A2E97EFBF0F439E17F
2026-09-27 05:40:51,Bitget,rNkBS1rvNw7qKRJcoyVASZ37t8y1Nh1n1y,,XRP.XRP,9933.0,=:BTC.BTC:bc1qylncpk4thyd4sjsydrxxuv6xsu4ccqs5mmpm54:17319407/0/38:naswap:30,81892BEBA533D0FB88D9B15D52E1659F62834023F920A3665DF1832560E04F78
2026-09-27 05:41:16,Bitget,rNkBS1rvNw7qKRJcoyVASZ37t8y1Nh1n1y,,XRP.XRP,14000.0,=:BTC.BTC:bc1qylncpk4thyd4sjsydrxxuv6xsu4ccqs5mmpm54:24412992/0/54:naswap:30,B548A497024FD132AC06A4D5A06EB1D6731ADAA72C3BAF5C31A5749BD01E7D48
2026-09-27 05:41:35,Bitget,rNkBS1rvNw7qKRJcoyVASZ37t8y1Nh1n1y,,XRP.XRP,12222.0,=:BTC.BTC:bc1qylncpk4thyd4sjsydrxxuv6xsu4ccqs5mmpm54:21309737/0/47:naswap:30,042AE6D2765E0F86D6FD3E4A423C6F43860918ED2BA786F116028FDFD625298B
2026-09-27 05:41:52,Bitget,rNkBS1rvNw7qKRJcoyVASZ37t8y1Nh1n1y,,XRP.XRP,13333.0,=:BTC.BTC:bc1qylncpk4thyd4sjsydrxxuv6xsu4ccqs5mmpm54:23246573/0/51:naswap:30,3826F05514612FC78502B4C60643F110709576C7AB2A510D32F52F117C9A3D58
2026-09-27 05:42:10,Bitget,rNkBS1rvNw7qKRJcoyVASZ37t8y1Nh1n1y,,XRP.XRP,14444.0,=:BTC.BTC:bc1qylncpk4thyd4sjsydrxxuv6xsu4ccqs5mmpm54:25175353/0/55:naswap:30,76DCF20981B0E9E0063A08D5E6068E6D0BF42FACFA9C13483891D92C81620AB9
2026-09-27 05:42:24,Bitget,rGkhDBGD1XNNXibZFsQyeDa1jdZsYoibbt,,XRP.XRP,9999.0,=:BTC.BTC:bc1qet8af98n2zf5ymltmprym5wh4j73tea48q2lp7:17423773/0/38:naswap:30,2C923CB1B9CF4675910CFA43BA4629A34CE85035FF3DD53B5CBE5F4DBAB9A874
2026-09-27 05:42:43,Bitget,rNkBS1rvNw7qKRJcoyVASZ37t8y1Nh1n1y,,XRP.XRP,6729.293934,=:BTC.BTC:bc1qylncpk4thyd4sjsydrxxuv6xsu4ccqs5mmpm54:11725167/0/26:naswap:30,3BA73D6A27B0A44C80B1E7268696AFD16E009E3E10D6B4BE6AF8FB993D1D9AA7
2026-09-27 05:42:43,Bitget,rGkhDBGD1XNNXibZFsQyeDa1jdZsYoibbt,,XRP.XRP,9879.0,=:BTC.BTC:bc1qet8af98n2zf5ymltmprym5wh4j73tea48q2lp7:17213237/0/38:naswap:30,232AA6353FF574F463BDE4AFFCE68837D4DDF1F11ABE7DF16689868D2BC91205
2026-09-27 05:44:00,Bitget,rNkBS1rvNw7qKRJcoyVASZ37t8y1Nh1n1y,,XRP.XRP,15555.0,=:BTC.BTC:bc1qylncpk4thyd4sjsydrxxuv6xsu4ccqs5mmpm54:27106709/0/60:naswap:30,7B8B76B520AD6D6DA779BAC687167BD1EB11B2D04A8567D97F09138FD4E40CE0
2026-09-27 05:44:13,Bitget,rNkBS1rvNw7qKRJcoyVASZ37t8y1Nh1n1y,,XRP.XRP,16666.0,=:BTC.BTC:bc1qylncpk4thyd4sjsydrxxuv6xsu4ccqs5mmpm54:29040865/0/64:naswap:30,8C6E8FF19C79DA601C00D2B413E5F25F351E4F542E73BDBC8ECCF55F9551AB9A
2026-09-27 05:44:32,Bitget,rNkBS1rvNw7qKRJcoyVASZ37t8y1Nh1n1y,,XRP.XRP,17777.0,=:BTC.BTC:bc1qylncpk4thyd4sjsydrxxuv6xsu4ccqs5mmpm54:30978847/0/68:naswap:30,C9551BF971705DFE82A4B6C73F683A8886C21D2694C4580352677F8C8BB440FA
2026-09-27 05:44:44,Bitget,rNkBS1rvNw7qKRJcoyVASZ37t8y1Nh1n1y,,XRP.XRP,18888.0,=:BTC.BTC:bc1qylncpk4thyd4sjsydrxxuv6xsu4ccqs5mmpm54:32927919/0/72:naswap:30,07C2C042DA7C11C92EF77FD666F6E86F75AD559A905C1D58DB5130B5D5BA21C2
2026-09-27 05:45:20,Bitget,rNkBS1rvNw7qKRJcoyVASZ37t8y1Nh1n1y,,XRP.XRP,19999.0,=:BTC.BTC:bc1qylncpk4thyd4sjsydrxxuv6xsu4ccqs5mmpm54:34850376/0/76:naswap:30,96B1616005F585822F9917DDB5B0631423054A7B1C46BB891501C71143CACF00
2026-09-27 05:45:38,Bitget,rNkBS1rvNw7qKRJcoyVASZ37t8y1Nh1n1y,,XRP.XRP,21111.0,=:BTC.BTC:bc1qylncpk4thyd4sjsydrxxuv6xsu4ccqs5mmpm54:36788155/0/81:naswap:30,4F427740E1F282B5F0C7C0F2C575A7330C0A89D3ECE56CFFB49117B71848F7EA
2026-09-27 05:45:57,Bitget,rNkBS1rvNw7qKRJcoyVASZ37t8y1Nh1n1y,,XRP.XRP,9999.0,=:BTC.BTC:bc1qylncpk4thyd4sjsydrxxuv6xsu4ccqs5mmpm54:17425865/0/38:naswap:30,3D16B3CDD5E376DC4878C081BD583623DF6B222F8C89B65B458CD85847AB2DA7
2026-09-27 05:46:27,Bitget,rNkBS1rvNw7qKRJcoyVASZ37t8y1Nh1n1y,,XRP.XRP,9911.0,=:BTC.BTC:bc1qylncpk4thyd4sjsydrxxuv6xsu4ccqs5mmpm54:17278244/0/38:naswap:30,9ACAA6BAA41E041464394779C5423EABE50C39923122E2A79B4AF54EA200E099
2026-09-27 05:46:48,Bitget,rNkBS1rvNw7qKRJcoyVASZ37t8y1Nh1n1y,,XRP.XRP,2744.171745,=:BTC.BTC:bc1qylncpk4thyd4sjsydrxxuv6xsu4ccqs5mmpm54:4787809/0/11:naswap:30,2176A3C8662E53429DD6F6BA07422839F2037E0A57F2CA817E4F4F6BE2CE604B
2026-09-27 06:04:51,Bitget,rNkBS1rvNw7qKRJcoyVASZ37t8y1Nh1n1y,,XRP.XRP,11111.0,=:BTC.BTC:bc1qylncpk4thyd4sjsydrxxuv6xsu4ccqs5mmpm54:19382320/0/43:naswap:30,8EEA12EB8D775A4D91E57B8857C6E9F7E0067FE0C5C4F9B1B0BCBE3C984C0BDC
2026-09-27 06:05:29,Bitget,rNkBS1rvNw7qKRJcoyVASZ37t8y1Nh1n1y,,XRP.XRP,12341.0,=:BTC.BTC:bc1qylncpk4thyd4sjsydrxxuv6xsu4ccqs5mmpm54:21548850/0/47:naswap:30,A3B82A6F3A9063E4428A828EA348C1DE6D9128E021E0908A33EA571E5BCC8568
2026-09-27 06:05:54,Bitget,rNkBS1rvNw7qKRJcoyVASZ37t8y1Nh1n1y,,XRP.XRP,12233.0,=:BTC.BTC:bc1qylncpk4thyd4sjsydrxxuv6xsu4ccqs5mmpm54:21347355/0/47:naswap:30,E713ECDF36A7FDB7A8E99AEA4670AF3841AB6633F154EBFAFC811140FE5DDBC8
2026-09-27 06:06:21,Bitget,rNkBS1rvNw7qKRJcoyVASZ37t8y1Nh1n1y,,XRP.XRP,11570.04545455,=:BTC.BTC:bc1qylncpk4thyd4sjsydrxxuv6xsu4ccqs5mmpm54:21137302/0/47:naswap:30,F56A81D5AD6700A8DEEDF087DF56194A479B1F5BCAA375113BF0F44F9BFC0F89
2026-09-27 06:06:52,Bitget,rNkBS1rvNw7qKRJcoyVASZ37t8y1Nh1n1y,,XRP.XRP,14432.0,=:BTC.BTC:bc1qylncpk4thyd4sjsydrxxuv6xsu4ccqs5mmpm54:25168489/0/55:naswap:30,909EA0619CAED9A8495F3C3781C3B44E6DD49595C894ECC0339D65360E63C6DA
2026-09-27 06:07:16,Bitget,rNkBS1rvNw7qKRJcoyVASZ37t8y1Nh1n1y,,XRP.XRP,9990.0,=:BTC.BTC:bc1qylncpk4thyd4sjsydrxxuv6xsu4ccqs5mmpm54:17437960/0/38:naswap:30,67802B87A72F2D4B873502E00BBE9411A3D6CF7FD4CB7A5855A9CFA6C330B276
2026-09-27 06:07:50,Bitget,rNkBS1rvNw7qKRJcoyVASZ37t8y1Nh1n1y,,XRP.XRP,12324.0,=:BTC.BTC:bc1qylncpk4thyd4sjsydrxxuv6xsu4ccqs5mmpm54:21508818/0/47:naswap:30,A8E607DF73A86EA27A4E7C1B9CC491B1CC4D69F5FEC19EFA201C91BACB48FA17
2026-09-27 06:08:02,Bitget,rNkBS1rvNw7qKRJcoyVASZ37t8y1Nh1n1y,,XRP.XRP,550.95454545,,F56A81D5AD6700A8DEEDF087DF56194A479B1F5BCAA375113BF0F44F9BFC0F89
2026-09-27 06:08:11,Bitget,rNkBS1rvNw7qKRJcoyVASZ37t8y1Nh1n1y,,XRP.XRP,13675.0,=:BTC.BTC:bc1qylncpk4thyd4sjsydrxxuv6xsu4ccqs5mmpm54:24832780/0/55:naswap:30,5EAC679B2FF1EEF516E4F367D53A0DE96E58C054E4055C63425BB82E71A3DA46
2026-09-27 06:08:29,Bitget,rNkBS1rvNw7qKRJcoyVASZ37t8y1Nh1n1y,,XRP.XRP,12326.0,=:BTC.BTC:bc1qylncpk4thyd4sjsydrxxuv6xsu4ccqs5mmpm54:21531603/0/47:naswap:30,21F4A59693ADE765A3372F0AF8969B33352891C8C0FBB941944613C69B372DF8
2026-09-27 06:10:18,Bitget,rNkBS1rvNw7qKRJcoyVASZ37t8y1Nh1n1y,,XRP.XRP,547.0,,5EAC679B2FF1EEF516E4F367D53A0DE96E58C054E4055C63425BB82E71A3DA46
2026-09-27 06:11:34,Bitget,rNkBS1rvNw7qKRJcoyVASZ37t8y1Nh1n1y,,XRP.XRP,14143.0,=:BTC.BTC:bc1qylncpk4thyd4sjsydrxxuv6xsu4ccqs5mmpm54:24701201/0/54:naswap:30,141CAD399CF6A2735A921A863DC51132AEB6F5FE44ECA8F7782CFCB694A7CE99
2026-09-27 06:11:46,Bitget,rNkBS1rvNw7qKRJcoyVASZ37t8y1Nh1n1y,,XRP.XRP,14146.0,=:BTC.BTC:bc1qylncpk4thyd4sjsydrxxuv6xsu4ccqs5mmpm54:24698329/0/54:naswap:30,9E7A11221A3BD9E37E999396C599228B2DFCB402FEF403CF1DDDCE679B81C5BD
2026-09-27 06:12:03,Bitget,rNkBS1rvNw7qKRJcoyVASZ37t8y1Nh1n1y,,XRP.XRP,9999.0,=:BTC.BTC:bc1qylncpk4thyd4sjsydrxxuv6xsu4ccqs5mmpm54:17456050/0/39:naswap:30,95339283B41FBF81C435F36951608FB0329C84E027314F555F9E70BE0C450BE1
2026-09-27 06:13:14,Bitget,rNkBS1rvNw7qKRJcoyVASZ37t8y1Nh1n1y,,XRP.XRP,6677.0,=:BTC.BTC:bc1qylncpk4thyd4sjsydrxxuv6xsu4ccqs5mmpm54:11664341/0/26:naswap:30,F1DBD8A3BB51B8332225DD5F7350B7F26E5CCBF0913BBAF08331AB8AB5BED46D
2026-09-27 06:13:41,Bitget,rNkBS1rvNw7qKRJcoyVASZ37t8y1Nh1n1y,,XRP.XRP,8866.0,=:BTC.BTC:bc1qylncpk4thyd4sjsydrxxuv6xsu4ccqs5mmpm54:15486230/0/34:naswap:30,FAB589DE6AD91B5245FD0E4D58DDE5EAC6B51BF440828C260F17471914729058
2026-09-27 06:13:53,Bitget,rNkBS1rvNw7qKRJcoyVASZ37t8y1Nh1n1y,,XRP.XRP,8890.0,=:BTC.BTC:bc1qylncpk4thyd4sjsydrxxuv6xsu4ccqs5mmpm54:15528053/0/34:naswap:30,773F13D78433D57CF4D6ACC0F9C5463EB020A56D136B0DFF3E13FD4DB76A5CA2
2026-09-27 06:14:12,Bitget,rNkBS1rvNw7qKRJcoyVASZ37t8y1Nh1n1y,,XRP.XRP,8855.0,=:BTC.BTC:bc1qylncpk4thyd4sjsydrxxuv6xsu4ccqs5mmpm54:15466919/0/34:naswap:30,E8840C398A0FF5482167C071C44F64854FA82F75AFCE9DD312FECA4AC3A99CCE
2026-09-27 06:14:32,Bitget,rNkBS1rvNw7qKRJcoyVASZ37t8y1Nh1n1y,,XRP.XRP,9967.0,=:BTC.BTC:bc1qylncpk4thyd4sjsydrxxuv6xsu4ccqs5mmpm54:17418378/0/38:naswap:30,9B9570904B075BC8FF4A6E393EEA9389F0D31C5A5C91234CDBE0F679942092AE
2026-09-27 06:15:58,Bitget,rNkBS1rvNw7qKRJcoyVASZ37t8y1Nh1n1y,,XRP.XRP,9981.0,=:BTC.BTC:bc1qylncpk4thyd4sjsydrxxuv6xsu4ccqs5mmpm54:17443527/0/39:naswap:30,A9E3593A03F437C2168D43EA8B8DF425B73F0D181422653424D201B8C874C80F
2026-09-27 06:16:23,Bitget,rNkBS1rvNw7qKRJcoyVASZ37t8y1Nh1n1y,,XRP.XRP,9922.0,=:BTC.BTC:bc1qylncpk4thyd4sjsydrxxuv6xsu4ccqs5mmpm54:17339276/0/38:naswap:30,574306ED2EA1E4F7FD5BF4C8E11B10BDF9DE52BFBCEC393F6DD792F433EF34E4
2026-09-27 06:16:42,Bitget,rNkBS1rvNw7qKRJcoyVASZ37t8y1Nh1n1y,,XRP.XRP,8886.0,=:BTC.BTC:bc1qylncpk4thyd4sjsydrxxuv6xsu4ccqs5mmpm54:15521674/0/34:naswap:30,86D13CD4F6E2E7366379C58695776A7A592248CF76BC382224012C49B88835C3
2026-09-27 06:16:54,Bitget,rNkBS1rvNw7qKRJcoyVASZ37t8y1Nh1n1y,,XRP.XRP,9898.0,=:BTC.BTC:bc1qylncpk4thyd4sjsydrxxuv6xsu4ccqs5mmpm54:17292339/0/38:naswap:30,584D36FB4A932D17FDF04B1D47CA4D6AFEA3D34066ECBF8244B499EAFD7535B4
2026-09-27 06:18:06,Bitget,rNkBS1rvNw7qKRJcoyVASZ37t8y1Nh1n1y,,XRP.XRP,10009.0,=:BTC.BTC:bc1qylncpk4thyd4sjsydrxxuv6xsu4ccqs5mmpm54:17490306/0/39:naswap:30,D99076EA6825B3FA8FB5B53C884CFF74C2510F28EF50E12A58FED9D800332C40
2026-09-27 06:18:44,Bitget,rNkBS1rvNw7qKRJcoyVASZ37t8y1Nh1n1y,,XRP.XRP,12555.0,=:BTC.BTC:bc1qylncpk4thyd4sjsydrxxuv6xsu4ccqs5mmpm54:21944645/0/48:naswap:30,2E97A13B4B9D478CA84D049411B7224CC28A0680DE7B2449E1088FD21B37C841
2026-09-27 06:19:13,Bitget,rNkBS1rvNw7qKRJcoyVASZ37t8y1Nh1n1y,,XRP.XRP,6666.0,=:BTC.BTC:bc1qylncpk4thyd4sjsydrxxuv6xsu4ccqs5mmpm54:11646957/0/26:naswap:30,A3E922F6AF8F22D731CE39506F3B0A6C3F2E48ED4269920438B1AD6B7EB0D639
2026-09-27 06:19:37,Bitget,rNkBS1rvNw7qKRJcoyVASZ37t8y1Nh1n1y,,XRP.XRP,8854.0,=:BTC.BTC:bc1qylncpk4thyd4sjsydrxxuv6xsu4ccqs5mmpm54:15472598/0/34:naswap:30,7EC07CD4647C3A46E8B06B11804D9FCB58E53C4E1958F4A51D54F61799C17908
2026-09-27 06:20:22,Bitget,rNkBS1rvNw7qKRJcoyVASZ37t8y1Nh1n1y,,XRP.XRP,12222.0,=:BTC.BTC:bc1qylncpk4thyd4sjsydrxxuv6xsu4ccqs5mmpm54:21359959/0/47:naswap:30,45E4096756A64721A7CE0DEB25017E12FDE230C7A132E5984CC2FD6EBD0B02C5
2026-09-27 06:21:13,Bitget,rNkBS1rvNw7qKRJcoyVASZ37t8y1Nh1n1y,,XRP.XRP,7776.0,=:BTC.BTC:bc1qylncpk4thyd4sjsydrxxuv6xsu4ccqs5mmpm54:13586164/0/30:naswap:30,92534DD62574EFC80D67BFB326B58361E639A7330EA23FD41E9FF6CABE452750
2026-09-27 06:21:36,Bitget,rNkBS1rvNw7qKRJcoyVASZ37t8y1Nh1n1y,,XRP.XRP,4236.980951,=:BTC.BTC:bc1qylncpk4thyd4sjsydrxxuv6xsu4ccqs5mmpm54:7404270/0/17:naswap:30,9DA78A4746AD31F7537220EA1A387F406016A890AB15F59341203EBCA66B0989
2026-09-27 06:32:30,Bitget,rGkhDBGD1XNNXibZFsQyeDa1jdZsYoibbt,,XRP.XRP,9976.0,=:ETH.ETH:0xFCa5492a81097a7057D238E65842c80590f5aC41:543998245/0/38:naswap:30,C3CB41311938B15BAD0B5CB5D8AA946C6380D63D80A8552D7EDF8945DA861CDB
2026-09-27 06:32:55,Bitget,rGkhDBGD1XNNXibZFsQyeDa1jdZsYoibbt,,XRP.XRP,6776.0,=:ETH.ETH:0xFCa5492a81097a7057D238E65842c80590f5aC41:369363878/0/26:naswap:30,F12B31F14E390A167764DC021138E47888D9E9A4A8220A5BF0748EB475A0F191
2026-09-27 06:33:07,Bitget,rGkhDBGD1XNNXibZFsQyeDa1jdZsYoibbt,,XRP.XRP,8665.0,=:ETH.ETH:0xFCa5492a81097a7057D238E65842c80590f5aC41:472241266/0/33:naswap:30,0C9D67AF23CEF5B43453B5A1C2DA6C8C781C0DA163B77820F40EA781EE98AB96
2026-09-27 06:33:51,Bitget,rGkhDBGD1XNNXibZFsQyeDa1jdZsYoibbt,,XRP.XRP,8898.0,=:ETH.ETH:0xFCa5492a81097a7057D238E65842c80590f5aC41:484588998/0/34:naswap:30,F36117614B8B937FEBB628A639F5D1D58EF004BABC676EBFA15EF55C5E201E7E
2026-09-27 06:34:09,Bitget,rGkhDBGD1XNNXibZFsQyeDa1jdZsYoibbt,,XRP.XRP,9157.0,=:ETH.ETH:0xFCa5492a81097a7057D238E65842c80590f5aC41:498561836/0/35:naswap:30,31266CB9806F83432F176D8D039F787A9C404EE063820794E90A909B4F08771D
2026-09-27 06:35:00,Bitget,rGkhDBGD1XNNXibZFsQyeDa1jdZsYoibbt,,XRP.XRP,9995.0,=:ETH.ETH:0xFCa5492a81097a7057D238E65842c80590f5aC41:544408612/0/38:naswap:30,88CE7D90709C1F653F1D9E1D9901293DFE3FAB8CAF4CAC4641D3A914FFFBAEF5
2026-09-27 06:35:19,Bitget,rGkhDBGD1XNNXibZFsQyeDa1jdZsYoibbt,,XRP.XRP,9256.0,=:ETH.ETH:0xFCa5492a81097a7057D238E65842c80590f5aC41:504055343/0/36:naswap:30,9786077AAC865DC020A50F66312F64376690CDF326ED6700B25D3C801A7648EB
2026-09-27 06:35:38,Bitget,rGkhDBGD1XNNXibZFsQyeDa1jdZsYoibbt,,XRP.XRP,9646.0,=:ETH.ETH:0xFCa5492a81097a7057D238E65842c80590f5aC41:525636114/0/37:naswap:30,10D0B686196C69D7AB2B4948285B86ED636F85AD20EF8AEFDC74358CF80840ED
2026-09-27 06:35:58,Bitget,rGkhDBGD1XNNXibZFsQyeDa1jdZsYoibbt,,XRP.XRP,9964.0,=:ETH.ETH:0xFCa5492a81097a7057D238E65842c80590f5aC41:542868946/0/38:naswap:30,E7094314708B8DF1FD221BA49BA1B8B86700D2F9AF0209B7B0253CCD9C71AE08
2026-09-27 06:36:29,Bitget,rGkhDBGD1XNNXibZFsQyeDa1jdZsYoibbt,,XRP.XRP,9277.0,=:ETH.ETH:0xFCa5492a81097a7057D238E65842c80590f5aC41:505308062/0/36:naswap:30,B2794B9D1D29602B0C187BDE9A19E004EC49DCB4993FDEF248CB3E3A1D7F7FDD
2026-09-27 06:36:58,Bitget,rGkhDBGD1XNNXibZFsQyeDa1jdZsYoibbt,,XRP.XRP,7999.0,=:ETH.ETH:0xFCa5492a81097a7057D238E65842c80590f5aC41:435723838/0/31:naswap:30,F79ADE538E3C624E10C0B9D87070C1164E129C2594389EFDC5243D1FD8FB5F50
2026-09-27 06:38:36,Bitget,rGkhDBGD1XNNXibZFsQyeDa1jdZsYoibbt,,XRP.XRP,7888.0,=:ETH.ETH:0xFCa5492a81097a7057D238E65842c80590f5aC41:430052226/0/31:naswap:30,97314E5ED11D18ED24CF336D00059686948C2B0CB2E4739216E950DDA818EFF1
2026-09-27 06:38:51,Bitget,rGkhDBGD1XNNXibZFsQyeDa1jdZsYoibbt,,XRP.XRP,8689.0,=:ETH.ETH:0xFCa5492a81097a7057D238E65842c80590f5aC41:473669170/0/34:naswap:30,0E8C26B5D732656AEE1E7B90BDD98E6B47BFBA1C6EF550D9B5AC1C44140008AF
2026-09-27 06:38:51,Bitget,rNkBS1rvNw7qKRJcoyVASZ37t8y1Nh1n1y,,XRP.XRP,9999.0,=:ETH.ETH:0xFCa5492a81097a7057D238E65842c80590f5aC41:545046250/0/39:naswap:30,F4836F02B7ACAA5743B94415B2B1AB62B9F30E33F5139DFE1839031138F26F2D
2026-09-27 06:39:10,Bitget,rGkhDBGD1XNNXibZFsQyeDa1jdZsYoibbt,,XRP.XRP,7565.0,=:ETH.ETH:0xFCa5492a81097a7057D238E65842c80590f5aC41:412386996/0/29:naswap:30,6817ADB2D8CBA72DA01272069FC30699092FF692916253E0F6695CCD50D79E4B
2026-09-27 06:39:10,Bitget,rNkBS1rvNw7qKRJcoyVASZ37t8y1Nh1n1y,,XRP.XRP,9900.0,=:ETH.ETH:0xFCa5492a81097a7057D238E65842c80590f5aC41:539756122/0/38:naswap:30,E6A716E1CEBB4ACD129E1C0E932657291D06B6D8107BDE7D1ED8FB2F6C60002E
2026-09-27 06:39:26,Bitget,rGkhDBGD1XNNXibZFsQyeDa1jdZsYoibbt,,XRP.XRP,9577.0,=:ETH.ETH:0xFCa5492a81097a7057D238E65842c80590f5aC41:522314919/0/37:naswap:30,8F51CABC831DB36BD3F8356B689C29E49E2BEF90006A4BFD63A30BF2D254AEF3
2026-09-27 06:39:32,Bitget,rNkBS1rvNw7qKRJcoyVASZ37t8y1Nh1n1y,,XRP.XRP,9977.0,=:ETH.ETH:0xFCa5492a81097a7057D238E65842c80590f5aC41:544056795/0/38:naswap:30,E49818D06AAC80A0C9C550B5D8F6A53E127586248460CB6AFBE56AF39C150B80
2026-09-27 06:39:55,Bitget,rGkhDBGD1XNNXibZFsQyeDa1jdZsYoibbt,,XRP.XRP,8556.0,=:ETH.ETH:0xFCa5492a81097a7057D238E65842c80590f5aC41:466508505/0/33:naswap:30,F8FBE9F4BC83C2E50CCA14B1E35B5EFB7BF981EEBD68EA82B9F63F56848E664D
2026-09-27 06:40:46,Bitget,rNkBS1rvNw7qKRJcoyVASZ37t8y1Nh1n1y,,XRP.XRP,9985.0,=:ETH.ETH:0xFCa5492a81097a7057D238E65842c80590f5aC41:544207595/0/38:naswap:30,B3A8695A2E0256012F93106A9243E41C657A7DE7DA0B59464AD194C8A1304F46
2026-09-27 06:41:03,Bitget,rNkBS1rvNw7qKRJcoyVASZ37t8y1Nh1n1y,,XRP.XRP,12111.0,=:ETH.ETH:0xFCa5492a81097a7057D238E65842c80590f5aC41:660087218/0/47:naswap:30,EDA4E59F5CD8D444795B4148132C4513E8D40085CDFDC5092E73DDC9DF4BF953
2026-09-27 06:41:26,Bitget,rNkBS1rvNw7qKRJcoyVASZ37t8y1Nh1n1y,,XRP.XRP,11111.0,=:ETH.ETH:0xFCa5492a81097a7057D238E65842c80590f5aC41:605864898/0/43:naswap:30,DDF01EBBCBFA076A320F5CA7539277A357960FBB878C924141EED788CAF0D8BE
2026-09-27 06:41:32,Bitget,rGkhDBGD1XNNXibZFsQyeDa1jdZsYoibbt,,XRP.XRP,2466.919965,=:ETH.ETH:0xFCa5492a81097a7057D238E65842c80590f5aC41:134516667/0/10:naswap:30,149DD6916C6D912A2C1FD9E559F290E2D85DEEC756F16B763616DEACF85D1944
2026-09-27 06:41:49,Bitget,rNkBS1rvNw7qKRJcoyVASZ37t8y1Nh1n1y,,XRP.XRP,11211.0,=:ETH.ETH:0xFCa5492a81097a7057D238E65842c80590f5aC41:611197835/0/43:naswap:30,0D2E521E48E48CF70A0D83F66EF89A8E49BE707B1636449B047202E629733888
2026-09-27 06:41:57,Bitget,rNkBS1rvNw7qKRJcoyVASZ37t8y1Nh1n1y,,XRP.XRP,12311.0,=:ETH.ETH:0xFCa5492a81097a7057D238E65842c80590f5aC41:671197045/0/47:naswap:30,B0A9082838A31C9DAE2A1D2736EA4D57522391047B5B5F98EE237986627E60CC
2026-09-27 06:42:31,Bitget,rNkBS1rvNw7qKRJcoyVASZ37t8y1Nh1n1y,,XRP.XRP,12111.0,=:ETH.ETH:0xFCa5492a81097a7057D238E65842c80590f5aC41:660154084/0/47:naswap:30,8BF167005E00C6AA319122D3E4E3F2B8BAFF9F4FED050E6276F5F2151040C8A4
2026-09-27 06:42:50,Bitget,rNkBS1rvNw7qKRJcoyVASZ37t8y1Nh1n1y,,XRP.XRP,11121.0,=:ETH.ETH:0xFCa5492a81097a7057D238E65842c80590f5aC41:606294412/0/43:naswap:30,1E77161AECD104DA7B4384209866FE93E98DA92FE2F65662C09982E42CCCE3E4
2026-09-27 06:43:09,Bitget,rNkBS1rvNw7qKRJcoyVASZ37t8y1Nh1n1y,,XRP.XRP,13111.0,=:ETH.ETH:0xFCa5492a81097a7057D238E65842c80590f5aC41:714526517/0/50:naswap:30,550C0E804305C818942368904441CD50E856F57C34258FDB65A4D010E02CBEB7
2026-09-27 06:43:28,Bitget,rNkBS1rvNw7qKRJcoyVASZ37t8y1Nh1n1y,,XRP.XRP,12112.0,=:ETH.ETH:0xFCa5492a81097a7057D238E65842c80590f5aC41:659906727/0/47:naswap:30,EC66E9C299D576A907893956CC7B83AF157048924AC2A7CEF9B3AD56C050F4FE
2026-09-27 06:43:47,Bitget,rNkBS1rvNw7qKRJcoyVASZ37t8y1Nh1n1y,,XRP.XRP,4939.99997,=:ETH.ETH:0xFCa5492a81097a7057D238E65842c80590f5aC41:269177586/0/19:naswap:30,6606A1270FD509E014DF81BDBDD6F25AC435FFFD984E477A635D01F4245769E5
2026-09-28 03:55:51,Bitget,0xf7bc92103f23ef312658cd9b81dc2713f7b396c3,,ETH.ETH,1.0,=:BTC.BTC:bc1qvqja3gaa73ku037yutpt6h8l788rva70cqj68f:3086252/0/7:naswap:0,A732E09AAB76A571D768FB6CA86ABA870108D7EE47C205B614CE41D013B4536B
2026-09-28 03:59:14,Bitget,0xf7bc92103f23ef312658cd9b81dc2713f7b396c3,,ETH.ETH,100.0,=:BTC.BTC:bc1qvqja3gaa73ku037yutpt6h8l788rva70cqj68f:308599662/0/255:naswap:0,CB0DC29AC4EAD5AE261B659C7EC99E9184060FF300A128EB45131C39EAD503C3
2026-09-28 03:59:51,Bitget,0xf7bc92103f23ef312658cd9b81dc2713f7b396c3,,ETH.ETH,100.0,=:BTC.BTC:bc1qvqja3gaa73ku037yutpt6h8l788rva70cqj68f:308599662/0/255:naswap:0,7FBCEA83EB5C4651A0751E1DE5D5C084535F9DE37B0635D4D3ECC09BA3D1D796
2026-09-28 04:00:33,Bitget,0xf7bc92103f23ef312658cd9b81dc2713f7b396c3,,ETH.ETH,100.0,=:BTC.BTC:bc1qvqja3gaa73ku037yutpt6h8l788rva70cqj68f:308599662/0/255:naswap:0,BA6E09BB7A0EAD20C810750F9022A72C9728ECFC126C422B83458E152E42CB42
2026-09-28 04:01:30,Bitget,0xf7bc92103f23ef312658cd9b81dc2713f7b396c3,,ETH.ETH,100.0,=:BTC.BTC:bc1qvqja3gaa73ku037yutpt6h8l788rva70cqj68f:308655438/0/255:naswap:0,21AB8D9CD37E47A232EBC0BDAA0F57C3EA1962A0085D4C549793D667A4A343F7
2026-09-28 04:01:49,Bitget,0xf7bc92103f23ef312658cd9b81dc2713f7b396c3,,ETH.ETH,100.0,=:BTC.BTC:bc1qvqja3gaa73ku037yutpt6h8l788rva70cqj68f:308655438/0/255:naswap:0,7D73CBDD9AEB9E6E67D172B44D2786AE47C3376902C2EC073454AF96B84CB06B
2026-09-28 04:02:19,Bitget,0xf7bc92103f23ef312658cd9b81dc2713f7b396c3,,ETH.ETH,100.0,=:BTC.BTC:bc1qvqja3gaa73ku037yutpt6h8l788rva70cqj68f:308655438/0/255:naswap:0,FE537D99A7ABB085DE5A2ECC59C9816119F2F5A582146BDAEC26CF3D787FF5AF
2026-09-28 04:03:16,Bitget,0xf7bc92103f23ef312658cd9b81dc2713f7b396c3,,ETH.ETH,17.8,=:BTC.BTC:bc1qvqja3gaa73ku037yutpt6h8l788rva70cqj68f:54952077/0/119:naswap:0,E02D931825A350E67D1F8E111B0B2EB933E629570518BD8D29C1B20932A271C4
2026-09-28 04:04:03,Bitget,0x858abaf459dbaf42c2b13291b1b53898cb8fbe0e,,ETH.ETH,10.0,=:BTC.BTC:bc1qqmp67f0xu7q624u8k9w9tlc0y65ayffrqkau7h:30862566/0/67:naswap:30,402BBED0C8B9FB7C3B4FF78E09DCF5D08E53C2BF4BED08AE5340BD36BE35D1F8
2026-09-28 04:10:30,Bitget,0xf7bc92103f23ef312658cd9b81dc2713f7b396c3,,ETH.ETH,100.0,=:BTC.BTC:bc1qvqja3gaa73ku037yutpt6h8l788rva70cqj68f:308634496/0/255:naswap:0,1864C04352780FB8373247645B035B45C870FF423B139A45D2E5072CA5FBDEFF
2026-09-28 04:12:14,Bitget,0xf7bc92103f23ef312658cd9b81dc2713f7b396c3,,ETH.ETH,100.0,=:BTC.BTC:bc1qvqja3gaa73ku037yutpt6h8l788rva70cqj68f:308634496/0/255:naswap:0,32584651FA908EF8FD3FF5C505DF9388D617CC775DD85B7938A8341C415395D1
2026-09-28 04:13:29,Bitget,0xf7bc92103f23ef312658cd9b81dc2713f7b396c3,,ETH.ETH,100.0,=:BTC.BTC:bc1qvqja3gaa73ku037yutpt6h8l788rva70cqj68f:308634496/0/255:naswap:0,D7BD8E5A8C3ADE9BE9CDE7816255970FD562FC42834C918DAACCA3034958651F
2026-09-28 04:14:28,Bitget,0xf7bc92103f23ef312658cd9b81dc2713f7b396c3,,ETH.ETH,100.0,=:BTC.BTC:bc1qvqja3gaa73ku037yutpt6h8l788rva70cqj68f:308702117/0/255:naswap:0,68084388FC3F75FEC1C2ED3046B9485C3C3E62C5C46BE1AC70781CBE03E796EC
2026-09-28 04:22:38,Bitget,0x858abaf459dbaf42c2b13291b1b53898cb8fbe0e,,ETH.ETH,10.0,=:BTC.BTC:bc1qqmp67f0xu7q624u8k9w9tlc0y65ayffrqkau7h:30881396/0/67:naswap:30,88D600B9F7875BB1BDAC6001E8503CEEF6AAE51B7150157E35919D3CF8BC354A
2026-09-28 04:24:40,Bitget,0x858abaf459dbaf42c2b13291b1b53898cb8fbe0e,,ETH.ETH,11.0,=:BTC.BTC:bc1qqmp67f0xu7q624u8k9w9tlc0y65ayffrqkau7h:33968908/0/74:naswap:30,A976238A9CDD1EAF57559C2E4507244F344D155FE1C93B40E1322926D95576B9
2026-09-28 04:26:17,Bitget,0x858abaf459dbaf42c2b13291b1b53898cb8fbe0e,,ETH.ETH,12.0,=:BTC.BTC:bc1qqmp67f0xu7q624u8k9w9tlc0y65ayffrqkau7h:37075060/0/80:naswap:30,E0A3356BF5861D3F617E9ECCE19BC43782A90E385140EE6705D4B0C04BF78E03
2026-09-28 04:26:17,Bitget,0x858abaf459dbaf42c2b13291b1b53898cb8fbe0e,,ETH.ETH,10.0,=:BTC.BTC:bc1qqmp67f0xu7q624u8k9w9tlc0y65ayffrqkau7h:30882634/0/67:naswap:30,872D90AEC14FD6DCEE2EBA0859446634777E894D2136C5E91F8D74AA3B3ABE31
2026-09-28 04:26:36,Bitget,0x858abaf459dbaf42c2b13291b1b53898cb8fbe0e,,ETH.ETH,10.0,=:BTC.BTC:bc1qqmp67f0xu7q624u8k9w9tlc0y65ayffrqkau7h:30885957/0/67:naswap:30,61CB73B550CF66A3F11CEBE0DB21E40117D9945999AB7DC6CF592BDABA309B1D
2026-09-28 04:27:51,Bitget,0x858abaf459dbaf42c2b13291b1b53898cb8fbe0e,,ETH.ETH,10.0,=:BTC.BTC:bc1qqmp67f0xu7q624u8k9w9tlc0y65ayffrqkau7h:30896194/0/67:naswap:30,2D91EB6C47308295ED8A064C6191F4A67AB2DF4597DE9259AB81B951C1842C99
2026-09-28 04:28:03,Bitget,0xedf18488efd7e986cb6c03d9e110fa056c83f66d,,ETH.ETH,9.0,=:BTC.BTC:bc1qm2z32nxrcyzjtz4ncjthxwc6nggzld7apdxsf8:27806362/0/60:naswap:30,62AD0554A1A05A04F1A84458C71CDCC20823AEB58E16985FACFE175E8A7D1DDD
2026-09-28 04:28:40,Bitget,0xedf18488efd7e986cb6c03d9e110fa056c83f66d,,ETH.ETH,10.0,=:BTC.BTC:bc1qm2z32nxrcyzjtz4ncjthxwc6nggzld7apdxsf8:30890863/0/67:naswap:30,0B55CBE77E061641A0905ABB9B7F374015FC4757F93F3F9C827057FC6B2E5165
2026-09-28 04:28:40,Bitget,0x858abaf459dbaf42c2b13291b1b53898cb8fbe0e,,ETH.ETH,11.0,=:BTC.BTC:bc1qqmp67f0xu7q624u8k9w9tlc0y65ayffrqkau7h:33979949/0/74:naswap:30,FDFB15812A04A6841CFDA2D119FD017182D2564597E86091BE5A8FCB1D9133F5
2026-09-28 04:28:40,Bitget,0x858abaf459dbaf42c2b13291b1b53898cb8fbe0e,,ETH.ETH,6.99306081,=:BTC.BTC:bc1qqmp67f0xu7q624u8k9w9tlc0y65ayffrqkau7h:21602956/0/47:naswap:30,077D13FB40B5047265F71274E3D2BEA2E5C07E4E3466B7C10CA5965A3BD9F126
2026-09-28 04:29:02,Bitget,0xedf18488efd7e986cb6c03d9e110fa056c83f66d,,ETH.ETH,9.8,=:BTC.BTC:bc1qm2z32nxrcyzjtz4ncjthxwc6nggzld7apdxsf8:30276267/0/66:naswap:30,2531E8EAE51BA6FF97F236E0DDB3ADFDC743373F005C9D5DDCAFD9D9831A3C0D
2026-09-28 04:29:15,Bitget,0xedf18488efd7e986cb6c03d9e110fa056c83f66d,,ETH.ETH,8.9,=:BTC.BTC:bc1qm2z32nxrcyzjtz4ncjthxwc6nggzld7apdxsf8:27496310/0/60:naswap:30,0F599E9158C2F058D1051003A4749CA4EF07B34CE687DA810D18B7192E68F1F3
2026-09-28 04:31:06,Bitget,0xedf18488efd7e986cb6c03d9e110fa056c83f66d,,ETH.ETH,11.0,=:BTC.BTC:bc1qm2z32nxrcyzjtz4ncjthxwc6nggzld7apdxsf8:33984855/0/74:naswap:30,7F9D5BB222645CBC32B966300F8CA6CE43BD6931F8A0A3F5C3A8EF4D83C4C7CD
2026-09-28 04:31:24,Bitget,0xf7bc92103f23ef312658cd9b81dc2713f7b396c3,,ETH.ETH,100.0,=:BTC.BTC:bc1qvqja3gaa73ku037yutpt6h8l788rva70cqj68f:308950446/0/255:naswap:0,7789C433185169434956083DC9ABA6416A144CD432B4DA771F5948EA53A59BA7
2026-09-28 04:32:49,Bitget,0xedf18488efd7e986cb6c03d9e110fa056c83f66d,,ETH.ETH,10.17792292,=:BTC.BTC:bc1qm2z32nxrcyzjtz4ncjthxwc6nggzld7apdxsf8:31438517/0/68:naswap:30,B0B84837CC806D97F7A92238EB2FC15A3232FD1368EC761E49B1749776151A3D
2026-09-28 04:38:05,Bitget,0x4a777646417b0fd34715d2b21d4a132c06aed330,,ETH.ETH,10.0,=:BTC.BTC:bc1qqmp67f0xu7q624u8k9w9tlc0y65ayffrqkau7h:30887827/0/67:naswap:30,762AB0631E8424531837721E70D56C4D04530F925D53D807BD3DF74463A7D5F5
2026-09-28 04:39:29,Bitget,0x4a777646417b0fd34715d2b21d4a132c06aed330,,ETH.ETH,11.0,=:BTC.BTC:bc1qqmp67f0xu7q624u8k9w9tlc0y65ayffrqkau7h:33969367/0/74:naswap:30,616CFA53E257CC66EA9C06C807E8BFD391205E677E471FFE1C36EB5DFB457C43
2026-09-28 04:40:25,Bitget,0x4a777646417b0fd34715d2b21d4a132c06aed330,,ETH.ETH,12.0,=:BTC.BTC:bc1qqmp67f0xu7q624u8k9w9tlc0y65ayffrqkau7h:37055955/0/80:naswap:30,B96C4956683AB95351877048E984DB1D6CDDECBDA881309CAD6B171767DFB9AB
2026-09-28 04:41:14,Bitget,0x4a777646417b0fd34715d2b21d4a132c06aed330,,ETH.ETH,13.0,=:BTC.BTC:bc1qqmp67f0xu7q624u8k9w9tlc0y65ayffrqkau7h:40139919/0/87:naswap:30,72832AE0B555FBB1923096222FF15D7A3E4E4DD9C568EB464181436ADBA5D170
2026-09-28 04:42:07,Bitget,0x4a777646417b0fd34715d2b21d4a132c06aed330,,ETH.ETH,11.0,=:BTC.BTC:bc1qqmp67f0xu7q624u8k9w9tlc0y65ayffrqkau7h:33969560/0/74:naswap:30,9C7C39DC6A4247E5577C1E4D0CB64F25960A9B1AB6E4203E9F9918232AC9D4F1
2026-09-28 04:42:38,Bitget,0x4a777646417b0fd34715d2b21d4a132c06aed330,,ETH.ETH,10.0,=:BTC.BTC:bc1qqmp67f0xu7q624u8k9w9tlc0y65ayffrqkau7h:30882816/0/67:naswap:30,B30A904849E24FBBDB8844C83471EAEEA15F3670DA02E6C42EB94CEF8C056174
2026-09-28 04:43:15,Bitget,0xf7bc92103f23ef312658cd9b81dc2713f7b396c3,,ETH.ETH,100.0,=:BTC.BTC:bc1qvqja3gaa73ku037yutpt6h8l788rva70cqj68f:312007705/0/255:naswap:0,50D822239389D9486DD720815DACE955A44C0D1819453FFC61437C5B7F6EB8A1
2026-09-28 04:44:05,Bitget,0x1cdac13e0962e8987e516dead9cd1396d2a4ddb7,,ETH.ETH,3.7,=:BTC.BTC:bc1pcwtw34uqqhr2mzhjn4vsu2r5knvcmt4n5a2p4t2w995lvltk2pksfw677t:11431751/0/25:naswap:30,8648391005E44E4A52925D9C923E698C307AE215CCB90772B5A93DBE8E433A82
2026-09-28 04:44:30,Bitget,0x4a777646417b0fd34715d2b21d4a132c06aed330,,ETH.ETH,11.0,=:BTC.BTC:bc1qqmp67f0xu7q624u8k9w9tlc0y65ayffrqkau7h:34680925/0/74:naswap:30,F40184516D6181793A2FE149FA0EABA1B9680A4154BDF6D7AAD9A4A41678FE49
2026-09-28 04:46:14,Bitget,0x4a777646417b0fd34715d2b21d4a132c06aed330,,ETH.ETH,11.0,=:BTC.BTC:bc1qqmp67f0xu7q624u8k9w9tlc0y65ayffrqkau7h:33979025/0/74:naswap:30,05D010DEB0AA24071DB635D81B5864D34A9E492984797CDE3A1B82A609208708
2026-09-28 04:46:38,Bitget,0xf7bc92103f23ef312658cd9b81dc2713f7b396c3,,ETH.ETH,100.0,=:BTC.BTC:bc1qvqja3gaa73ku037yutpt6h8l788rva70cqj68f:312007705/0/255:naswap:0,A25F4BDB328B4048965040234FAE7E6CF5470D22E6A3EB25657B97F2711B9F78
2026-09-28 04:46:50,Bitget,0x4a777646417b0fd34715d2b21d4a132c06aed330,,ETH.ETH,12.0,=:BTC.BTC:bc1qqmp67f0xu7q624u8k9w9tlc0y65ayffrqkau7h:37073536/0/80:naswap:30,4933C57C7D257BB73CBD52C87CA1DA128A97E8FB3DBF4D421F8663CD9A04F639
2026-09-28 04:47:15,Bitget,0x1cdac13e0962e8987e516dead9cd1396d2a4ddb7,,ETH.ETH,3.8,=:BTC.BTC:bc1pcwtw34uqqhr2mzhjn4vsu2r5knvcmt4n5a2p4t2w995lvltk2pksfw677t:11737483/0/26:naswap:30,A7D3F384C6F1EDC2A505F835DB3644BCC513AA3F58589149E3F1B351004B2CCC
2026-09-28 04:49:01,Bitget,0xf7bc92103f23ef312658cd9b81dc2713f7b396c3,,ETH.ETH,100.0,=:BTC.BTC:bc1qvqja3gaa73ku037yutpt6h8l788rva70cqj68f:312096018/0/255:naswap:0,791694EEA9663988A54BA8F8AEEF81525986B06814720D2D4BE3E6E3E7E2E346
2026-09-28 04:50:20,Bitget,0x4a777646417b0fd34715d2b21d4a132c06aed330,,ETH.ETH,11.0,=:BTC.BTC:bc1qqmp67f0xu7q624u8k9w9tlc0y65ayffrqkau7h:33965341/0/74:naswap:30,98BCEBEF998DCC979DC2082FCDD2E6DB7FEF6590BFFFA95BD3C2600051EDF027
2026-09-28 04:50:38,Bitget,0x4a777646417b0fd34715d2b21d4a132c06aed330,,ETH.ETH,10.0,=:BTC.BTC:bc1qqmp67f0xu7q624u8k9w9tlc0y65ayffrqkau7h:30878393/0/67:naswap:30,256C69AD9F7A85B6986A4ECDD1B24804F157CC4991CBD8775D82EED0801B8FC3
2026-09-28 04:51:02,Bitget,0x4a777646417b0fd34715d2b21d4a132c06aed330,,ETH.ETH,13.0,=:BTC.BTC:bc1qqmp67f0xu7q624u8k9w9tlc0y65ayffrqkau7h:40145579/0/87:naswap:30,8DA5D4DDB56CE08A6752EF5BBB969043DBE228D3C571EE99D4D3FDA237B463E3
2026-09-28 04:51:26,Bitget,0x4a777646417b0fd34715d2b21d4a132c06aed330,,ETH.ETH,10.0,=:BTC.BTC:bc1qqmp67f0xu7q624u8k9w9tlc0y65ayffrqkau7h:30879556/0/67:naswap:30,C3E6876A234E0A8CE741CA99515BBF5BBC1400DEB037724FBFD2571190AF54EA
2026-09-28 04:53:03,Bitget,0x4a777646417b0fd34715d2b21d4a132c06aed330,,ETH.ETH,14.0,=:BTC.BTC:bc1qqmp67f0xu7q624u8k9w9tlc0y65ayffrqkau7h:43235788/0/94:naswap:30,FAFE8E62249EADCD56FD59DF306A697B59369E819F11E5C5A49BC933D5F50446
2026-09-28 04:53:26,Bitget,0x4a777646417b0fd34715d2b21d4a132c06aed330,,ETH.ETH,15.0,=:BTC.BTC:bc1qqmp67f0xu7q624u8k9w9tlc0y65ayffrqkau7h:46319539/0/100:naswap:30,518405E3672DC9C300819D5071FA0ACB2CFFBEBC35C5DFE341BA223D36458D88
2026-09-28 04:54:42,Bitget,0x4a777646417b0fd34715d2b21d4a132c06aed330,,ETH.ETH,10.0,=:BTC.BTC:bc1qqmp67f0xu7q624u8k9w9tlc0y65ayffrqkau7h:30889907/0/67:naswap:30,85D00B4888CF10B7B68436639DCC337A06F54DFB78F2744D28DE867CCEE73119
2026-09-28 04:56:38,Bitget,0x4a777646417b0fd34715d2b21d4a132c06aed330,,ETH.ETH,20.0,=:BTC.BTC:bc1qqmp67f0xu7q624u8k9w9tlc0y65ayffrqkau7h:61788186/0/133:naswap:30,53B39CC0A602D6E348AFB43A1D7B2ABEFC874EE4A5F250346C3E8264CF81C8D8
2026-09-28 04:57:52,Bitget,0x4a777646417b0fd34715d2b21d4a132c06aed330,,ETH.ETH,11.0,=:BTC.BTC:bc1qqmp67f0xu7q624u8k9w9tlc0y65ayffrqkau7h:33982634/0/74:naswap:30,A5880C920046A208514651AB8D9574A71828883890B5472AC144FBC2264ACDE4
2026-09-28 04:58:18,Bitget,0x1cdac13e0962e8987e516dead9cd1396d2a4ddb7,,ETH.ETH,3.8,=:BTC.BTC:bc1pcwtw34uqqhr2mzhjn4vsu2r5knvcmt4n5a2p4t2w995lvltk2pksfw677t:11741206/0/26:naswap:30,9A2C478B197B2DC26CCD125AABDB49E9415D2BDB6A897F5043F5F7784E650DE8
2026-09-28 04:58:31,Bitget,0x4a777646417b0fd34715d2b21d4a132c06aed330,,ETH.ETH,20.14913851,=:BTC.BTC:bc1qqmp67f0xu7q624u8k9w9tlc0y65ayffrqkau7h:62241362/0/134:naswap:30,5116738CA0B34D2B035350C57316ED77AA207D64DC05AFF9B7E9C6695CB8B31A
2026-09-28 05:00:18,Bitget,0x1cdac13e0962e8987e516dead9cd1396d2a4ddb7,,ETH.ETH,3.8,=:BTC.BTC:bc1pcwtw34uqqhr2mzhjn4vsu2r5knvcmt4n5a2p4t2w995lvltk2pksfw677t:11738076/0/26:naswap:30,FB1311466BF778326717A33B9DD7652EA66E6EC50B2A0CDCEC060F67A7E86527
2026-09-28 05:00:43,Bitget,0xf7bc92103f23ef312658cd9b81dc2713f7b396c3,,ETH.ETH,100.0,=:BTC.BTC:bc1qvqja3gaa73ku037yutpt6h8l788rva70cqj68f:312146875/0/255:naswap:0,070AA61D825B4825420DAAFD3C6166CA15D96148EDBAFF6A1EAA95C75B5DC14D
2026-09-28 05:03:28,Bitget,0x1cdac13e0962e8987e516dead9cd1396d2a4ddb7,,ETH.ETH,3.8,=:BTC.BTC:bc1pcwtw34uqqhr2mzhjn4vsu2r5knvcmt4n5a2p4t2w995lvltk2pksfw677t:11739554/0/26:naswap:30,8D8772E6F073405045D55957885F24C2CF242EF12E881CBFD6911E9AF45F8EED
2026-09-28 05:03:28,Bitget,0xf7bc92103f23ef312658cd9b81dc2713f7b396c3,,ETH.ETH,46.15384624,=:BTC.BTC:bc1qvqja3gaa73ku037yutpt6h8l788rva70cqj68f:312146875/0/255:naswap:0,BB6ACE87F27BFB5A52BB811393285EB1E44F20AA3925634D938BEE575EEE860A
2026-09-28 05:04:05,Bitget,0xf7bc92103f23ef312658cd9b81dc2713f7b396c3,,ETH.ETH,39.6226416,=:BTC.BTC:bc1qvqja3gaa73ku037yutpt6h8l788rva70cqj68f:312020236/0/255:naswap:0,DEC4E710E4C2E8487EA3FF154A013655A37E86335E2AC2D4993BC80A05828A1A
2026-09-28 05:07:32,Bitget,0xf7bc92103f23ef312658cd9b81dc2713f7b396c3,,ETH.ETH,53.84615376,,BB6ACE87F27BFB5A52BB811393285EB1E44F20AA3925634D938BEE575EEE860A
2026-09-28 05:08:54,Bitget,0xf7bc92103f23ef312658cd9b81dc2713f7b396c3,,ETH.ETH,60.3773584,,DEC4E710E4C2E8487EA3FF154A013655A37E86335E2AC2D4993BC80A05828A1A
2026-09-28 05:12:16,Bitget,0xf7bc92103f23ef312658cd9b81dc2713f7b396c3,,ETH.ETH,100.0,=:BTC.BTC:bc1qvqja3gaa73ku037yutpt6h8l788rva70cqj68f:312020236/0/255:naswap:0,A328130439F99E150FC19C0BF83F92E3898A0EA0DD35277EF2EB0E21D54C231F
2026-09-28 05:17:28,Bitget,0x4a777646417b0fd34715d2b21d4a132c06aed330,,ETH.ETH,10.0,=:BTC.BTC:bc1qqmp67f0xu7q624u8k9w9tlc0y65ayffrqkau7h:30867445/0/67:naswap:30,617251AC1787FF3035416A35409A06B745EF2ACD957D74C92115F00ADE84DE21
2026-09-28 05:18:17,Bitget,0x4a777646417b0fd34715d2b21d4a132c06aed330,,ETH.ETH,11.0,=:BTC.BTC:bc1qqmp67f0xu7q624u8k9w9tlc0y65ayffrqkau7h:33950390/0/73:naswap:30,2286B64185D50A00A646123A0FAC40B025D712C466CBB30736A8D5FDA9A818FC
2026-09-28 05:18:36,Bitget,0xf7bc92103f23ef312658cd9b81dc2713f7b396c3,,ETH.ETH,100.0,=:BTC.BTC:bc1qvqja3gaa73ku037yutpt6h8l788rva70cqj68f:311784170/0/255:naswap:0,2CD7F17C2AE0E362AA0C627F39637A15F20D5AFC9E6C678D2D42F849C3CB6420
2026-09-28 05:19:01,Bitget,0x4a777646417b0fd34715d2b21d4a132c06aed330,,ETH.ETH,12.0,=:BTC.BTC:bc1qqmp67f0xu7q624u8k9w9tlc0y65ayffrqkau7h:37040062/0/80:naswap:30,1A308141B0FE650DF62323731BFB3E65D127A8965982B4D649E148BB035E4553
2026-09-28 05:19:38,Bitget,0x4a777646417b0fd34715d2b21d4a132c06aed330,,ETH.ETH,10.0,=:BTC.BTC:bc1qqmp67f0xu7q624u8k9w9tlc0y65ayffrqkau7h:30876600/0/67:naswap:30,F98E17379F324818714DE4838AE1FDFC58D8222CD88E35797FF80D66ED81B4D0
2026-09-28 05:20:24,Bitget,0x4a777646417b0fd34715d2b21d4a132c06aed330,,ETH.ETH,11.0,=:BTC.BTC:bc1qqmp67f0xu7q624u8k9w9tlc0y65ayffrqkau7h:33971028/0/73:naswap:30,887B1450A3476D499AB3D91DCEDD473E84DE9988B8B9CB1DE3A8B3E5E52DC885
2026-09-28 05:20:49,Bitget,0x1cdac13e0962e8987e516dead9cd1396d2a4ddb7,,ETH.ETH,3.8,=:BTC.BTC:bc1pcwtw34uqqhr2mzhjn4vsu2r5knvcmt4n5a2p4t2w995lvltk2pksfw677t:11734348/0/26:naswap:30,F9C149273E5946A193B9B35F00F09893A209E0AC6C1CFB1AF518AEF19E00DC36
2026-09-28 05:21:02,Bitget,0x4a777646417b0fd34715d2b21d4a132c06aed330,,ETH.ETH,10.0,=:BTC.BTC:bc1qqmp67f0xu7q624u8k9w9tlc0y65ayffrqkau7h:30880194/0/67:naswap:30,1B339BE3F0E9C8D2FEA5322EC9F1684B0E519CF6984E3B83F9E6F5C920F7D6DD
2026-09-28 05:21:53,Bitget,0x1cdac13e0962e8987e516dead9cd1396d2a4ddb7,,ETH.ETH,3.8,=:BTC.BTC:bc1pcwtw34uqqhr2mzhjn4vsu2r5knvcmt4n5a2p4t2w995lvltk2pksfw677t:11735014/0/26:naswap:30,BAE4B7F99A0B9406E915D56AAFFBC18E84990C88283F9AB068C65226B0B40FDA
2026-09-28 05:21:53,Bitget,0x4a777646417b0fd34715d2b21d4a132c06aed330,,ETH.ETH,10.0,=:BTC.BTC:bc1qqmp67f0xu7q624u8k9w9tlc0y65ayffrqkau7h:30879373/0/67:naswap:30,B33960D86A23878A4E946E4884ACC0A5F9E93E2753E0E92A8BAFA14C3CD2D67B
2026-09-28 05:23:06,Bitget,0x4a777646417b0fd34715d2b21d4a132c06aed330,,ETH.ETH,11.0,=:BTC.BTC:bc1qqmp67f0xu7q624u8k9w9tlc0y65ayffrqkau7h:33973036/0/73:naswap:30,B8A9BBEBE4BF6916002BF5B2F8146936EC4D030EF9E2AD21FA6B56E4888B21E5
2026-09-28 05:23:31,Bitget,0x4a777646417b0fd34715d2b21d4a132c06aed330,,ETH.ETH,10.0,=:BTC.BTC:bc1qqmp67f0xu7q624u8k9w9tlc0y65ayffrqkau7h:30878456/0/67:naswap:30,6804F9D274379E4FACB96D9C645BB4CE52B65ADAE6776B7986DAD69A779DB7DB
2026-09-28 05:23:55,Bitget,0x1cdac13e0962e8987e516dead9cd1396d2a4ddb7,,ETH.ETH,3.8,=:BTC.BTC:bc1pcwtw34uqqhr2mzhjn4vsu2r5knvcmt4n5a2p4t2w995lvltk2pksfw677t:11735891/0/26:naswap:30,A57B81753F9234709163F6CFA1A78FA2CDEBDE118010A73E8F0DE5F1B13006AA
2026-09-28 05:23:55,Bitget,0xf7bc92103f23ef312658cd9b81dc2713f7b396c3,,ETH.ETH,100.0,=:BTC.BTC:bc1qvqja3gaa73ku037yutpt6h8l788rva70cqj68f:311784170/0/255:naswap:0,E1832CEA8CDB646DE9EE22795116BBB3F8C63FEDAD194676F0D50B7407A8277B
2026-09-28 05:24:14,Bitget,0x4a777646417b0fd34715d2b21d4a132c06aed330,,ETH.ETH,12.0,=:BTC.BTC:bc1qqmp67f0xu7q624u8k9w9tlc0y65ayffrqkau7h:37051141/0/80:naswap:30,46EDD305890B431202AA43E54B467402DC40D58C8ED8E853E3DC2AD7D1538ACB
2026-09-28 05:24:49,Bitget,0xf7bc92103f23ef312658cd9b81dc2713f7b396c3,,ETH.ETH,100.0,=:BTC.BTC:bc1qvqja3gaa73ku037yutpt6h8l788rva70cqj68f:312030432/0/255:naswap:0,17EC43D83FBB79D299784240275228CA474111457502F8C66FBF61161D195BA9
2026-09-28 05:24:49,Bitget,0x1cdac13e0962e8987e516dead9cd1396d2a4ddb7,,ETH.ETH,2.508,=:BTC.BTC:bc1pcwtw34uqqhr2mzhjn4vsu2r5knvcmt4n5a2p4t2w995lvltk2pksfw677t:7746068/0/17:naswap:30,EBC13A742726756BD43020CA1C0B9CA07C6BB9B9808637B64D8C3B7FE01BD959
2026-09-28 05:25:27,Bitget,0x4a777646417b0fd34715d2b21d4a132c06aed330,,ETH.ETH,15.0,=:BTC.BTC:bc1qqmp67f0xu7q624u8k9w9tlc0y65ayffrqkau7h:46315797/0/100:naswap:30,263799199DCE5704F51084F7583D6DC492CDF86E4F07EB478AAC1CCBB116699E
2026-09-28 05:25:52,Bitget,0x4a777646417b0fd34715d2b21d4a132c06aed330,,ETH.ETH,10.0,=:BTC.BTC:bc1qqmp67f0xu7q624u8k9w9tlc0y65ayffrqkau7h:30897359/0/67:naswap:30,F796E3E6D20AB8CC2A4BE839BD8DBA14660CFEB8D7DFBABE4ECDAA1AD352ADA0
2026-09-28 05:26:16,Bitget,0x4a777646417b0fd34715d2b21d4a132c06aed330,,ETH.ETH,16.0,=:BTC.BTC:bc1qqmp67f0xu7q624u8k9w9tlc0y65ayffrqkau7h:49440002/0/106:naswap:30,DF5C15611265E6BDAEEC05A9B8ACA20CE9FFEF31F29D057A2B25EB10FA8335CF
2026-09-28 05:27:19,Bitget,0x4a777646417b0fd34715d2b21d4a132c06aed330,,ETH.ETH,12.0,=:BTC.BTC:bc1qqmp67f0xu7q624u8k9w9tlc0y65ayffrqkau7h:37074486/0/80:naswap:30,DFD1C8271832D9C4006EE36F6EED10CF2556FAC1F8ED48269FAF2A2978BA5B73
2026-09-28 05:29:30,Bitget,0xf7bc92103f23ef312658cd9b81dc2713f7b396c3,,ETH.ETH,100.0,=:BTC.BTC:bc1qvqja3gaa73ku037yutpt6h8l788rva70cqj68f:312030432/0/255:naswap:0,9F2BB22E2C3E4ADACC8CF7EE8D26A3CCFF8F149A988E8F60AD4344F7C127D918
2026-09-28 05:29:30,Bitget,0x4a777646417b0fd34715d2b21d4a132c06aed330,,ETH.ETH,13.0,=:BTC.BTC:bc1qqmp67f0xu7q624u8k9w9tlc0y65ayffrqkau7h:40178684/0/86:naswap:30,FB1CBC222882E46306FA9045980C2B9C018022FB56374755CB86139C468ECB56
2026-09-28 05:29:42,Bitget,0x4a777646417b0fd34715d2b21d4a132c06aed330,,ETH.ETH,14.0,=:BTC.BTC:bc1qqmp67f0xu7q624u8k9w9tlc0y65ayffrqkau7h:43272808/0/93:naswap:30,A8A3964B5275EE9831963C01794C611169C247CB5B036471B1F3C4EE0ECFB3E3
2026-09-28 05:30:06,Bitget,0x4a777646417b0fd34715d2b21d4a132c06aed330,,ETH.ETH,10.0,=:BTC.BTC:bc1qqmp67f0xu7q624u8k9w9tlc0y65ayffrqkau7h:30913706/0/67:naswap:30,3D4817F541FB027496B7B2931D27ABDAED79B4B63A2DB490392779DCF248EA06
2026-09-28 05:30:30,Bitget,0x4a777646417b0fd34715d2b21d4a132c06aed330,,ETH.ETH,10.0,=:BTC.BTC:bc1qqmp67f0xu7q624u8k9w9tlc0y65ayffrqkau7h:30909322/0/67:naswap:30,2495A107441816C0E804FA05237E40BCD7629B388A2ABF5C9BF2E0BEFED191DD
2026-09-28 05:30:54,Bitget,0x4a777646417b0fd34715d2b21d4a132c06aed330,,ETH.ETH,11.0,=:BTC.BTC:bc1qqmp67f0xu7q624u8k9w9tlc0y65ayffrqkau7h:34005139/0/73:naswap:30,C47C9C8E399ED628CA9BD176C4490480DAB0A8559D27F4265D4E47B649C016FF
2026-09-28 05:31:26,Bitget,0x4a777646417b0fd34715d2b21d4a132c06aed330,,ETH.ETH,10.0,=:BTC.BTC:bc1qqmp67f0xu7q624u8k9w9tlc0y65ayffrqkau7h:30920851/0/67:naswap:30,C650F385AEDFB79B6FFBECC783E8CC5632B1AF65D98CE47B9363FCB92BEDCE3D
2026-09-28 05:32:13,Bitget,0x4a777646417b0fd34715d2b21d4a132c06aed330,,ETH.ETH,10.0,=:BTC.BTC:bc1qqmp67f0xu7q624u8k9w9tlc0y65ayffrqkau7h:30910003/0/67:naswap:30,A57BC28C6D7CF34C372EAAC8AE2E0263066F250D9C978F6F2CF78BF68FC401DB
2026-09-28 05:33:44,Bitget,0x4a777646417b0fd34715d2b21d4a132c06aed330,,ETH.ETH,11.0,=:BTC.BTC:bc1qqmp67f0xu7q624u8k9w9tlc0y65ayffrqkau7h:33994814/0/73:naswap:30,D8C7D2CA8FADBD79606991063C299C27B9C118BADB88232D648D6F3DE01FFBE9
2026-09-28 05:36:42,Bitget,0x4a777646417b0fd34715d2b21d4a132c06aed330,,ETH.ETH,11.0,=:BTC.BTC:bc1qqmp67f0xu7q624u8k9w9tlc0y65ayffrqkau7h:33967413/0/73:naswap:30,40D62461E74F8A04C5A14B9F2095FFA4E5B1CFA6F4917949F0E3E6B71702FE83
2026-09-28 05:36:55,Bitget,0x4a777646417b0fd34715d2b21d4a132c06aed330,,ETH.ETH,10.0,=:BTC.BTC:bc1qqmp67f0xu7q624u8k9w9tlc0y65ayffrqkau7h:30894738/0/67:naswap:30,A2122E9FFFAA69831CE584D5F5720DA68E80E60FDDAE9B8682012BF1CEC285D5
2026-09-28 05:37:12,Bitget,0x4a777646417b0fd34715d2b21d4a132c06aed330,,ETH.ETH,10.0,=:BTC.BTC:bc1qqmp67f0xu7q624u8k9w9tlc0y65ayffrqkau7h:30885204/0/67:naswap:30,FD75EFEA1CB7B45F6FEF097E28489D91631D9DF5C8437D131DF6BFD8BF67BBC4
2026-09-28 05:39:15,Bitget,0x4a777646417b0fd34715d2b21d4a132c06aed330,,ETH.ETH,10.0,=:BTC.BTC:bc1qqmp67f0xu7q624u8k9w9tlc0y65ayffrqkau7h:30898284/0/67:naswap:30,0A0FFF00B24D6C71370A79059721479FF2A571E4EAF7D92919B8017F17927062
2026-09-28 05:39:53,Bitget,0x4a777646417b0fd34715d2b21d4a132c06aed330,,ETH.ETH,12.0,=:BTC.BTC:bc1qqmp67f0xu7q624u8k9w9tlc0y65ayffrqkau7h:37069181/0/80:naswap:30,E0BBF20E70FF367A85383C3A2726EAC7AD04E8732987EC73409BF4C999AD72E1
2026-09-28 05:41:06,Bitget,0x4a777646417b0fd34715d2b21d4a132c06aed330,,ETH.ETH,13.0,=:BTC.BTC:bc1qqmp67f0xu7q624u8k9w9tlc0y65ayffrqkau7h:40171692/0/86:naswap:30,62100683A832E93AB8245FCD4FAA1F3A318B1CDB1F34992F93126EE83F3B8C49
2026-09-28 05:41:36,Bitget,0x4a777646417b0fd34715d2b21d4a132c06aed330,,ETH.ETH,12.0,=:BTC.BTC:bc1qqmp67f0xu7q624u8k9w9tlc0y65ayffrqkau7h:37078735/0/80:naswap:30,1F10763EBA001DD78A625F140136EAD27BF5689F77141D80A17CF52180DFA42E
2026-09-28 05:42:01,Bitget,0xf7bc92103f23ef312658cd9b81dc2713f7b396c3,,ETH.ETH,99.996,=:BTC.BTC:bc1qvqja3gaa73ku037yutpt6h8l788rva70cqj68f:312277781/0/255:naswap:0,7F9A839C3E45EB8F1107EDC95950F59CD50E3C857DAE3665DF03700E98CE0A15
2026-09-28 05:42:01,Bitget,0x4a777646417b0fd34715d2b21d4a132c06aed330,,ETH.ETH,11.0,=:BTC.BTC:bc1qqmp67f0xu7q624u8k9w9tlc0y65ayffrqkau7h:33967015/0/73:naswap:30,C626955A81786D5E30F9F25838519DE3949F4DCD26995320352948DB439532C8
2026-09-28 05:43:03,Bitget,0x4a777646417b0fd34715d2b21d4a132c06aed330,,ETH.ETH,10.0,=:BTC.BTC:bc1qqmp67f0xu7q624u8k9w9tlc0y65ayffrqkau7h:30900411/0/67:naswap:30,E17D1073BC8AA60E826EC881E2743F7C91A4A054B8663F10248FFFBA46790D74
2026-09-28 05:46:14,Bitget,0x4a777646417b0fd34715d2b21d4a132c06aed330,,ETH.ETH,10.0,=:BTC.BTC:bc1qqmp67f0xu7q624u8k9w9tlc0y65ayffrqkau7h:30925761/0/67:naswap:30,350F392359CC81D81A5F797A643C8F4BB8B9D6A0DB5A29858EB79576AA182027
2026-09-28 05:47:53,Bitget,0x4a777646417b0fd34715d2b21d4a132c06aed330,,ETH.ETH,12.0,=:BTC.BTC:bc1qqmp67f0xu7q624u8k9w9tlc0y65ayffrqkau7h:37113451/0/80:naswap:30,F83061C9F3148B57EB341AA2C280473E99BD68C4BF8117733503FE5E4409B3AB
2026-09-28 05:48:30,Bitget,0x4a777646417b0fd34715d2b21d4a132c06aed330,,ETH.ETH,11.0,=:BTC.BTC:bc1qqmp67f0xu7q624u8k9w9tlc0y65ayffrqkau7h:34037500/0/73:naswap:30,2FFC0FADF07DE88C30AE5901D3F595ACDA93A58FCB13037F7DAB8E4040E3BB11
2026-09-28 05:48:42,Bitget,0x4a777646417b0fd34715d2b21d4a132c06aed330,,ETH.ETH,10.0,=:BTC.BTC:bc1qqmp67f0xu7q624u8k9w9tlc0y65ayffrqkau7h:30936196/0/67:naswap:30,7F2506FEC5BC1889AE3A0B2EFF24CDA83C40871467D375809F0DBADA2F9D3E6E
2026-09-28 05:48:42,Bitget,0xf7bc92103f23ef312658cd9b81dc2713f7b396c3,,ETH.ETH,100.0,=:BTC.BTC:bc1qvqja3gaa73ku037yutpt6h8l788rva70cqj68f:312490038/0/255:naswap:0,612EAC8129986ABBFD0720F6F3912CA6916FB2A8324A230A21BDFFB201235D0A
2026-09-28 05:49:01,Bitget,0x4a777646417b0fd34715d2b21d4a132c06aed330,,ETH.ETH,10.0,=:BTC.BTC:bc1qqmp67f0xu7q624u8k9w9tlc0y65ayffrqkau7h:30946021/0/67:naswap:30,4B39072FD52AC37C050CBF26A81F8E7B4B7F95A20184D7525F9F9451867C80BC
2026-09-28 05:50:16,Bitget,0x4a777646417b0fd34715d2b21d4a132c06aed330,,ETH.ETH,10.0,=:BTC.BTC:bc1qqmp67f0xu7q624u8k9w9tlc0y65ayffrqkau7h:30941051/0/67:naswap:30,C31F0E27413BFD97B6BA19120F77ECCD53A64A2D692D3B70C0480E484480A873
2026-09-28 05:50:16,Bitget,0xf7bc92103f23ef312658cd9b81dc2713f7b396c3,,ETH.ETH,100.0,=:BTC.BTC:bc1qvqja3gaa73ku037yutpt6h8l788rva70cqj68f:312490038/0/255:naswap:0,8CD35E5C4B1550723FA78041822659882BE1D8DB759A2BDE72C46080C86A9E4D
2026-09-28 05:50:53,Bitget,0x4a777646417b0fd34715d2b21d4a132c06aed330,,ETH.ETH,10.0,=:BTC.BTC:bc1qqmp67f0xu7q624u8k9w9tlc0y65ayffrqkau7h:30929620/0/67:naswap:30,DCF2B20415608738326BD2488400F872973321554AC5F164CBC3AB48E3F5B72E
2026-09-28 05:51:15,Bitget,0xf7bc92103f23ef312658cd9b81dc2713f7b396c3,,ETH.ETH,100.0,=:BTC.BTC:bc1qvqja3gaa73ku037yutpt6h8l788rva70cqj68f:312600279/0/255:naswap:0,38ECF0363385F942B5E5EE80D736AF63C118B3C37D4AD66228A14F00D26A2832
2026-09-28 05:51:15,Bitget,0x4a777646417b0fd34715d2b21d4a132c06aed330,,ETH.ETH,13.3588026,=:BTC.BTC:bc1qqmp67f0xu7q624u8k9w9tlc0y65ayffrqkau7h:41343193/0/89:naswap:30,2FE40F59D29DA17D14CCE5DCB3D2E902A090CD868F99544AB79D89F4929F8833
2026-09-28 05:51:39,Bitget,0x4a777646417b0fd34715d2b21d4a132c06aed330,,ETH.ETH,10.0,=:BTC.BTC:bc1qqmp67f0xu7q624u8k9w9tlc0y65ayffrqkau7h:30925065/0/67:naswap:30,049999EB457CC74D4C99E2F8D4F21C938EF9BDBE01193560D9B46C363D6CA0F0
2026-09-28 05:52:17,Bitget,0x4a777646417b0fd34715d2b21d4a132c06aed330,,ETH.ETH,11.0,=:BTC.BTC:bc1qqmp67f0xu7q624u8k9w9tlc0y65ayffrqkau7h:34021036/0/73:naswap:30,7C8C256EE5D3067C9CFFF99332FFBE826271D68F3124F5A42CF8B471F9E1B8A7
2026-09-28 05:52:54,Bitget,0x4a777646417b0fd34715d2b21d4a132c06aed330,,ETH.ETH,12.0,=:BTC.BTC:bc1qqmp67f0xu7q624u8k9w9tlc0y65ayffrqkau7h:37109591/0/80:naswap:30,CA53A072EA710F7227B8EBA7FED564E38E7BBA8173BC17CEC331BF840F33A203
2026-09-28 05:55:17,Bitget,0x4a777646417b0fd34715d2b21d4a132c06aed330,,ETH.ETH,10.0,=:BTC.BTC:bc1qqmp67f0xu7q624u8k9w9tlc0y65ayffrqkau7h:30924269/0/67:naswap:30,19627A930B12CA330F92421AF7830532DB7F260B1C3949BD9927567812A5B1BF
2026-09-28 05:56:29,Bitget,0x4a777646417b0fd34715d2b21d4a132c06aed330,,ETH.ETH,10.0,=:BTC.BTC:bc1qqmp67f0xu7q624u8k9w9tlc0y65ayffrqkau7h:30923290/0/67:naswap:30,7F0F7B4251EE5E8D28CEC12D69DDC5E84270A755CB901E31BD193C3ACD80CD7D
2026-09-28 05:57:06,Bitget,0x4a777646417b0fd34715d2b21d4a132c06aed330,,ETH.ETH,10.0,=:BTC.BTC:bc1qqmp67f0xu7q624u8k9w9tlc0y65ayffrqkau7h:30926860/0/67:naswap:30,0827E8CDF341818DF0456A08D7AAE29BFAF3DAABDCA4F2B01A1AF24D8896DA75
2026-09-28 05:57:32,Bitget,0x4a777646417b0fd34715d2b21d4a132c06aed330,,ETH.ETH,12.0,=:BTC.BTC:bc1qqmp67f0xu7q624u8k9w9tlc0y65ayffrqkau7h:37094285/0/80:naswap:30,406F196ADE612CBF232C4CAE6DD96E437FAA647A7C502A3C78964D55158EF099
2026-09-28 05:57:38,Bitget,0x4a777646417b0fd34715d2b21d4a132c06aed330,,ETH.ETH,11.0,=:BTC.BTC:bc1qqmp67f0xu7q624u8k9w9tlc0y65ayffrqkau7h:34001671/0/73:naswap:30,9D584577D9EEDBA29CCED4AA727ECC8BBF6A6796E5E0451FC343C1A59D2D878D
2026-09-28 05:58:02,Bitget,0x4a777646417b0fd34715d2b21d4a132c06aed330,,ETH.ETH,11.0,=:BTC.BTC:bc1qqmp67f0xu7q624u8k9w9tlc0y65ayffrqkau7h:34016466/0/73:naswap:30,0CD2750FB50C87FE5787DB632BD0406D19825AF76A560D4B99D1A2432D1BD7D5
2026-09-28 05:59:03,Bitget,0x4a777646417b0fd34715d2b21d4a132c06aed330,,ETH.ETH,11.999,=:BTC.BTC:bc1qqmp67f0xu7q624u8k9w9tlc0y65ayffrqkau7h:37109075/0/80:naswap:30,F36CE7E906DD98CF48DC7E470407DAED1E07C319EA59D0091E82BE505D94B3BD
2026-09-28 06:00:01,Bitget,0x4a777646417b0fd34715d2b21d4a132c06aed330,,ETH.ETH,6.4836,=:BTC.BTC:bc1qqmp67f0xu7q624u8k9w9tlc0y65ayffrqkau7h:20049985/0/43:naswap:30,60D253AB9027F3E1DD06FC48B8157E64373DC0346B508655CF2EE7A00DEA7870
2026-09-28 06:03:16,Bitget,0xf7bc92103f23ef312658cd9b81dc2713f7b396c3,,ETH.ETH,100.0,=:BTC.BTC:bc1qvqja3gaa73ku037yutpt6h8l788rva70cqj68f:312404933/0/255:naswap:0,36E6C67B452D532BD694950AB4A5329017604FE2AABB49D4DEAC9EB88CB9263B
2026-09-28 06:12:07,Bitget,0xf7bc92103f23ef312658cd9b81dc2713f7b396c3,,ETH.ETH,100.0,=:BTC.BTC:bc1qvqja3gaa73ku037yutpt6h8l788rva70cqj68f:312618160/0/255:naswap:0,12FD6165BB43BAAB994AD64CADFE39D8334FD63829E3318CA755B36FB916CFDB
2026-09-28 06:13:03,Bitget,0x1cdac13e0962e8987e516dead9cd1396d2a4ddb7,,ETH.ETH,3.8,=:BTC.BTC:bc1pcwtw34uqqhr2mzhjn4vsu2r5knvcmt4n5a2p4t2w995lvltk2pksfw677t:11755624/0/26:naswap:30,781C444453B3C7E4873F2B11C778B53A416C3AEAED779FF477171C3960BAE69C
2026-09-28 06:23:07,Bitget,0xf7bc92103f23ef312658cd9b81dc2713f7b396c3,,ETH.ETH,85.7467,=:BTC.BTC:bc1qvqja3gaa73ku037yutpt6h8l788rva70cqj68f:267722583/0/255:naswap:0,C9576AD2D44A982795548789FCA56C8426F8BAA6A5200E000D548D5C0C95E975
2026-09-28 06:27:06,Bitget,0x1cdac13e0962e8987e516dead9cd1396d2a4ddb7,,ETH.ETH,5.0,=:BTC.BTC:bc1pcwtw34uqqhr2mzhjn4vsu2r5knvcmt4n5a2p4t2w995lvltk2pksfw677t:15452289/0/34:naswap:30,6E0C3EF1C87DA602CFFF17D76EAC9DDB9B29C0A27BECFE7ABA6FA37EFB58B2A8
2026-09-28 06:27:25,Bitget,0x1cdac13e0962e8987e516dead9cd1396d2a4ddb7,,ETH.ETH,5.0,=:BTC.BTC:bc1pcwtw34uqqhr2mzhjn4vsu2r5knvcmt4n5a2p4t2w995lvltk2pksfw677t:15452342/0/34:naswap:30,610FCA1D7746834484A38531A9DAB4657C6E7F448625CA6FC1659983F8B2D11F
2026-09-28 06:30:05,Bitget,0x1cdac13e0962e8987e516dead9cd1396d2a4ddb7,,ETH.ETH,5.0,=:BTC.BTC:bc1pcwtw34uqqhr2mzhjn4vsu2r5knvcmt4n5a2p4t2w995lvltk2pksfw677t:15455113/0/34:naswap:30,5B5823EB2A9667C8F82159DE2EFE47D0A38F1B6842B8CE2299ECB40BA565FAA2
2026-09-28 06:30:30,Bitget,0x1cdac13e0962e8987e516dead9cd1396d2a4ddb7,,ETH.ETH,5.0,=:BTC.BTC:bc1pcwtw34uqqhr2mzhjn4vsu2r5knvcmt4n5a2p4t2w995lvltk2pksfw677t:15456653/0/34:naswap:30,D73C4675BD611F62A74ACE99AF8DF1112CC0E193C0DBEC4F541BCB73149904A6
2026-09-28 06:31:14,Bitget,0x1cdac13e0962e8987e516dead9cd1396d2a4ddb7,,ETH.ETH,5.0,=:BTC.BTC:bc1pcwtw34uqqhr2mzhjn4vsu2r5knvcmt4n5a2p4t2w995lvltk2pksfw677t:15455218/0/34:naswap:30,7163592050C249B5746F831E9B820C035392B8182BAEFC09DCDC584269A5F62C
2026-09-28 06:31:27,Bitget,0x1cdac13e0962e8987e516dead9cd1396d2a4ddb7,,ETH.ETH,2.518,=:BTC.BTC:bc1pcwtw34uqqhr2mzhjn4vsu2r5knvcmt4n5a2p4t2w995lvltk2pksfw677t:7784711/0/17:naswap:30,D7BDEE1AE99291C3FFF323FE62B1B413790D1EC8021010873725BCEF62D0F618
2026-09-28 12:21:05,Bitget,0x1cdac13e0962e8987e516dead9cd1396d2a4ddb7,,ETH.ETH,5.0,=:BTC.BTC:bc1pcwtw34uqqhr2mzhjn4vsu2r5knvcmt4n5a2p4t2w995lvltk2pksfw677t:15615191/0/34:naswap:30,8A5F6DBBF9A8CE7CDEFC84A14C6C05E10FA79C6463FD41E63CF37549FDA6F745
2026-09-28 12:21:16,Bitget,0x1cdac13e0962e8987e516dead9cd1396d2a4ddb7,,ETH.ETH,5.0,=:BTC.BTC:bc1pcwtw34uqqhr2mzhjn4vsu2r5knvcmt4n5a2p4t2w995lvltk2pksfw677t:15621927/0/34:naswap:30,8AF57B1A707844D6659DD6099C8003FD6503F2085A6D1943CA03DAD12466419A
2026-09-28 12:21:29,Bitget,0x1cdac13e0962e8987e516dead9cd1396d2a4ddb7,,ETH.ETH,5.0,=:BTC.BTC:bc1pcwtw34uqqhr2mzhjn4vsu2r5knvcmt4n5a2p4t2w995lvltk2pksfw677t:15614847/0/34:naswap:30,E0FEE15CEF05C8903043D4A3FF76E679227FD8EC6B450F8D619C9574867D1377
2026-09-28 12:21:41,Bitget,0x1cdac13e0962e8987e516dead9cd1396d2a4ddb7,,ETH.ETH,5.0,=:BTC.BTC:bc1pcwtw34uqqhr2mzhjn4vsu2r5knvcmt4n5a2p4t2w995lvltk2pksfw677t:15616418/0/34:naswap:30,18BA36AAED47437C6FD60E4415A42AAA605232C3DE753E197D59BC882A759A12
2026-09-28 12:21:54,Bitget,0x1cdac13e0962e8987e516dead9cd1396d2a4ddb7,,ETH.ETH,5.0,=:BTC.BTC:bc1pcwtw34uqqhr2mzhjn4vsu2r5knvcmt4n5a2p4t2w995lvltk2pksfw677t:15616408/0/34:naswap:30,BD20E7BC6D2665056E6A4AAFC1DD763B28AA6560F37C1A3767A94C29605A90B9
2026-09-28 12:22:30,Bitget,0x1cdac13e0962e8987e516dead9cd1396d2a4ddb7,,ETH.ETH,6.422,=:BTC.BTC:bc1pcwtw34uqqhr2mzhjn4vsu2r5knvcmt4n5a2p4t2w995lvltk2pksfw677t:20062876/0/44:naswap:30,3BC171F900BAE6F1E775092EE5F27D3FDBB733F5E44CEA79C2737D03D3F4B126
2026-09-28 12:24:03,Bitget,0x4a777646417b0fd34715d2b21d4a132c06aed330,,ETH.ETH,10.0,=:BTC.BTC:bc1qqmp67f0xu7q624u8k9w9tlc0y65ayffrqkau7h:31234106/0/68:naswap:30,5EF332D15C539B1CDD0572BAB8260D2D511F65465ED1CEC93A4B61284A0FFDFE
2026-09-28 12:25:24,Bitget,0x4a777646417b0fd34715d2b21d4a132c06aed330,,ETH.ETH,12.0,=:BTC.BTC:bc1qqmp67f0xu7q624u8k9w9tlc0y65ayffrqkau7h:37474472/0/81:naswap:30,0E7CC9BA5B3757DB3784BCB78C1005CD2242ED4A69A82F584C8B5FF8CBD440DF
2026-09-28 12:25:38,Bitget,0x4a777646417b0fd34715d2b21d4a132c06aed330,,ETH.ETH,11.0,=:BTC.BTC:bc1qqmp67f0xu7q624u8k9w9tlc0y65ayffrqkau7h:34342397/0/74:naswap:30,DC5B09ABD59689C0333BD565F93F846032D7C90AA83B855D66DB006BA3E3FF3A
2026-09-28 12:26:56,Bitget,0x4a777646417b0fd34715d2b21d4a132c06aed330,,ETH.ETH,15.0,=:BTC.BTC:bc1qqmp67f0xu7q624u8k9w9tlc0y65ayffrqkau7h:46818236/0/101:naswap:30,A2C95E2123C917ABDD8F43CC9FE0DE1EDDA53C81E086D05FA803FE8F5B6FC719
2026-09-28 12:27:15,Bitget,0x4a777646417b0fd34715d2b21d4a132c06aed330,,ETH.ETH,14.0,=:BTC.BTC:bc1qqmp67f0xu7q624u8k9w9tlc0y65ayffrqkau7h:43707184/0/94:naswap:30,0C75B6FF3E982A35DC3F9128D36F3E1E69C63B301FFA4B5FB60533A9F36DAD8C
2026-09-28 12:27:15,Bitget,0x4a777646417b0fd34715d2b21d4a132c06aed330,,ETH.ETH,10.0,=:BTC.BTC:bc1qqmp67f0xu7q624u8k9w9tlc0y65ayffrqkau7h:31204809/0/67:naswap:30,AB70377A8ED8B25AF58D1FDF5DC335A72DCE6486891268FB6CDDCD83509CA64A
2026-09-28 12:27:15,Bitget,0x4a777646417b0fd34715d2b21d4a132c06aed330,,ETH.ETH,16.0,=:BTC.BTC:bc1qqmp67f0xu7q624u8k9w9tlc0y65ayffrqkau7h:49937697/0/108:naswap:30,AAA453F55E6432BECA7238E9716E50E3EA534DAA4F1D2586FEA8BF7B315071B2
2026-09-28 12:27:40,Bitget,0x4a777646417b0fd34715d2b21d4a132c06aed330,,ETH.ETH,16.0,=:BTC.BTC:bc1qqmp67f0xu7q624u8k9w9tlc0y65ayffrqkau7h:49937029/0/108:naswap:30,71771BAEEEAC2C1BFC970E81E826F22E5B809135CDBCF7A5468014A64A0B891D
2026-09-28 12:28:06,Bitget,0x4a777646417b0fd34715d2b21d4a132c06aed330,,ETH.ETH,11.0,=:BTC.BTC:bc1qqmp67f0xu7q624u8k9w9tlc0y65ayffrqkau7h:34333112/0/74:naswap:30,2E08F73DFC7944B1F2F73824DCC1734BFC7BFCFE5C52D421A4820AC82925C177
2026-09-28 12:28:25,Bitget,0x4a777646417b0fd34715d2b21d4a132c06aed330,,ETH.ETH,10.0,=:BTC.BTC:bc1qqmp67f0xu7q624u8k9w9tlc0y65ayffrqkau7h:31193098/0/68:naswap:30,B5655D522831F242838F00FA170945C70BCB8771B638BC1933331A2BB1275D73
2026-09-28 12:29:26,Bitget,0x4a777646417b0fd34715d2b21d4a132c06aed330,,ETH.ETH,10.0,=:BTC.BTC:bc1qqmp67f0xu7q624u8k9w9tlc0y65ayffrqkau7h:31515262/0/68:naswap:30,9AC235B4D1A61006E0B9D4EAB16AA3D3B7C8437430C2202A777C42AEB0281485
2026-09-28 12:30:33,Bitget,0x4a777646417b0fd34715d2b21d4a132c06aed330,,ETH.ETH,12.0,=:BTC.BTC:bc1qqmp67f0xu7q624u8k9w9tlc0y65ayffrqkau7h:37815067/0/81:naswap:30,B00C3E67D91A75F2BE219F138EF9D3CE886DDCCBACF764AFA488A26A0214F08C
2026-09-28 12:31:51,Bitget,0x4a777646417b0fd34715d2b21d4a132c06aed330,,ETH.ETH,13.0,=:BTC.BTC:bc1qqmp67f0xu7q624u8k9w9tlc0y65ayffrqkau7h:40951522/0/88:naswap:30,6C57F5E11DEAE719F07677C5C06E2035AD586AE301573B814C8E6B6A8AA16E88
2026-09-28 12:32:03,Bitget,0x4a777646417b0fd34715d2b21d4a132c06aed330,,ETH.ETH,13.376,=:BTC.BTC:bc1qqmp67f0xu7q624u8k9w9tlc0y65ayffrqkau7h:42149155/0/90:naswap:30,F3096CF0978EF6093F301B89EB96B133C299215EA7D95B8B3029E358C6A5F908
2026-09-28 12:36:29,Bitget,0x4a777646417b0fd34715d2b21d4a132c06aed330,,ETH.ETH,10.0,=:BTC.BTC:bc1qqmp67f0xu7q624u8k9w9tlc0y65ayffrqkau7h:31521593/0/68:naswap:30,CF6745390754D52C31964FE02134EC1172C3887F6D112668CDC4A1777DD88277
2026-09-28 12:37:24,Bitget,0x4a777646417b0fd34715d2b21d4a132c06aed330,,ETH.ETH,11.0,=:BTC.BTC:bc1qqmp67f0xu7q624u8k9w9tlc0y65ayffrqkau7h:34771990/0/74:naswap:30,A399A80D58F72E53A159B6F5F5307B3C8825EF940485770916D70EA0EAECE1C4
2026-09-28 12:38:02,Bitget,0x4a777646417b0fd34715d2b21d4a132c06aed330,,ETH.ETH,13.0,=:BTC.BTC:bc1qqmp67f0xu7q624u8k9w9tlc0y65ayffrqkau7h:41089324/0/88:naswap:30,FB2FDC649FFD5D12BB61290F13A48C335994AE737417D8B309135542859EE0E0
2026-09-28 12:38:02,Bitget,0x4a777646417b0fd34715d2b21d4a132c06aed330,,ETH.ETH,9.0,=:BTC.BTC:bc1qqmp67f0xu7q624u8k9w9tlc0y65ayffrqkau7h:28443489/0/61:naswap:30,714017887ABFA14840DDF266002C78F8EE584B2AD566D72D0F305278F459A500
2026-09-28 12:38:02,Bitget,0x4a777646417b0fd34715d2b21d4a132c06aed330,,ETH.ETH,6.9998,=:BTC.BTC:bc1qqmp67f0xu7q624u8k9w9tlc0y65ayffrqkau7h:22125984/0/47:naswap:30,1AD1BF166B7D0BBBE8AA94ED4B23597B017DF8347A03280EE64A5EE6DBEF9339
2026-09-28 12:39:29,Bitget,0x4a777646417b0fd34715d2b21d4a132c06aed330,,ETH.ETH,10.0,=:BTC.BTC:bc1qqmp67f0xu7q624u8k9w9tlc0y65ayffrqkau7h:31599439/0/67:naswap:30,E5E65EF9DE9BEF305778D25AE69B74EFEADBD63CA192865F0A93DF8F2E27ED1A
2026-09-28 12:40:29,Bitget,0x4a777646417b0fd34715d2b21d4a132c06aed330,,ETH.ETH,13.0,=:BTC.BTC:bc1qqmp67f0xu7q624u8k9w9tlc0y65ayffrqkau7h:41073489/0/88:naswap:30,D9D2CE8732C3F625122072B83A1FA752A0E6346AD80F1EB4E7CBB75D656E178F
2026-09-28 12:41:07,Bitget,0x4a777646417b0fd34715d2b21d4a132c06aed330,,ETH.ETH,14.0,=:BTC.BTC:bc1qqmp67f0xu7q624u8k9w9tlc0y65ayffrqkau7h:44225298/0/94:naswap:30,966A82B6A9BA9DEC5B5F5191746618CE89EA4BE447F56F57280E8FD967284E36
2026-09-28 12:41:13,Bitget,0x4a777646417b0fd34715d2b21d4a132c06aed330,,ETH.ETH,12.0,=:BTC.BTC:bc1qqmp67f0xu7q624u8k9w9tlc0y65ayffrqkau7h:37914947/0/81:naswap:30,FB7A6C6D1BE08ECFDC649A573B62CD9AED6CE917F83047DA55BC9F3CA10F5CA7
2026-09-28 12:41:38,Bitget,0x4a777646417b0fd34715d2b21d4a132c06aed330,,ETH.ETH,15.0,=:BTC.BTC:bc1qqmp67f0xu7q624u8k9w9tlc0y65ayffrqkau7h:47381400/0/101:naswap:30,A957E71F280DD3A598C5D653A24402BC19073A085040B262201F08D7B1341C5C
2026-09-28 12:41:38,Bitget,0x4a777646417b0fd34715d2b21d4a132c06aed330,,ETH.ETH,10.0,=:BTC.BTC:bc1qqmp67f0xu7q624u8k9w9tlc0y65ayffrqkau7h:31591061/0/67:naswap:30,F2528594E0EFC8B1E1FD7C5B6B90636E3B0E4264C42536625A000068CFAD1105
2026-09-28 12:42:40,Bitget,0x1cdac13e0962e8987e516dead9cd1396d2a4ddb7,,ETH.ETH,3.759,=:BTC.BTC:bc1pcwtw34uqqhr2mzhjn4vsu2r5knvcmt4n5a2p4t2w995lvltk2pksfw677t:11712882/0/26:naswap:30,EAE13C75685A491F8375172912FEB6ECC7E0E94DA3657B067B0D8BD1D9F83F53
2026-09-28 12:42:52,Bitget,0x4a777646417b0fd34715d2b21d4a132c06aed330,,ETH.ETH,13.0,=:BTC.BTC:bc1qqmp67f0xu7q624u8k9w9tlc0y65ayffrqkau7h:41064709/0/88:naswap:30,98CC5A53B44DD61464D20F82E3AFCA3A06E405CB0481DEF9EC03739C61A339A2
2026-09-28 12:43:29,Bitget,0x4a777646417b0fd34715d2b21d4a132c06aed330,,ETH.ETH,11.0,=:BTC.BTC:bc1qqmp67f0xu7q624u8k9w9tlc0y65ayffrqkau7h:34740908/0/74:naswap:30,B409D565EA20F8FA66D7EC7979CBC1B76718AD62608D1BA241B7ED9057A39E6B
2026-09-28 12:43:41,Bitget,0x4a777646417b0fd34715d2b21d4a132c06aed330,,ETH.ETH,16.0,=:BTC.BTC:bc1qqmp67f0xu7q624u8k9w9tlc0y65ayffrqkau7h:50526377/0/108:naswap:30,1A80499C0DC92638BF28E7A067F6EC084F7503A8AB6AF40437F88D642AF2CD06
2026-09-28 12:43:53,Bitget,0x4a777646417b0fd34715d2b21d4a132c06aed330,,ETH.ETH,13.0,=:BTC.BTC:bc1qqmp67f0xu7q624u8k9w9tlc0y65ayffrqkau7h:41049072/0/87:naswap:30,DF47F2559071854B26FD073F592D1EB00F974B4C9DFD191396B7CBD897FD6A33
2026-09-28 12:44:17,Bitget,0x4a777646417b0fd34715d2b21d4a132c06aed330,,ETH.ETH,12.0,=:BTC.BTC:bc1qqmp67f0xu7q624u8k9w9tlc0y65ayffrqkau7h:37893705/0/81:naswap:30,9732C7134740FE29C34CE9637C78AE3DD5E719E8173DD7A5DCC51A0B0D5095DF
2026-09-28 12:44:42,Bitget,0x4a777646417b0fd34715d2b21d4a132c06aed330,,ETH.ETH,11.0,=:BTC.BTC:bc1qqmp67f0xu7q624u8k9w9tlc0y65ayffrqkau7h:34736979/0/74:naswap:30,2780E7C6A19675B7C0E91046DC3174537655ECB2DC8E1FB7D220C65ECA8C9531
2026-09-28 12:44:54,Bitget,0x4a777646417b0fd34715d2b21d4a132c06aed330,,ETH.ETH,11.0,=:BTC.BTC:bc1qqmp67f0xu7q624u8k9w9tlc0y65ayffrqkau7h:34735018/0/74:naswap:30,228AC09A85196803645EB5BD486466B6B0543EB64F92F53E5CE33C97722F254B
2026-09-28 12:45:27,Bitget,0x4a777646417b0fd34715d2b21d4a132c06aed330,,ETH.ETH,13.0,=:BTC.BTC:bc1qqmp67f0xu7q624u8k9w9tlc0y65ayffrqkau7h:41060049/0/87:naswap:30,F6CA7C7E62C6905CE39D1FB0D630EA0AF20F0799E0ACF50E33EB4CCB9219432A
2026-09-28 12:45:39,Bitget,0x4a777646417b0fd34715d2b21d4a132c06aed330,,ETH.ETH,11.0,=:BTC.BTC:bc1qqmp67f0xu7q624u8k9w9tlc0y65ayffrqkau7h:34741426/0/74:naswap:30,60818AB2D87B29434842415C1B79C9B66F45557A36AFAF1DB4E4111179693D82
2026-09-28 12:45:51,Bitget,0x4a777646417b0fd34715d2b21d4a132c06aed330,,ETH.ETH,10.0,=:BTC.BTC:bc1qqmp67f0xu7q624u8k9w9tlc0y65ayffrqkau7h:31574394/0/67:naswap:30,73A22FC31EA27883D7BBF8AF1F2286E209040C2EC1AE077B171A4721CC991754
2026-09-28 12:47:18,Bitget,0x4a777646417b0fd34715d2b21d4a132c06aed330,,ETH.ETH,9.0,=:BTC.BTC:bc1qqmp67f0xu7q624u8k9w9tlc0y65ayffrqkau7h:28441134/0/61:naswap:30,429729675E58941ECCC649333E014FEE5F6C3184E0DC709AE840712EF9D679B2
2026-09-28 12:47:29,Bitget,0x4a777646417b0fd34715d2b21d4a132c06aed330,,ETH.ETH,9.1213,=:BTC.BTC:bc1qqmp67f0xu7q624u8k9w9tlc0y65ayffrqkau7h:28827666/0/62:naswap:30,6EB8DCB659481096FC2ED2F5E90250EE0B3074051CD2F2CA911008D1F8414445
2026-09-28 12:48:13,Bitget,0x4a777646417b0fd34715d2b21d4a132c06aed330,,ETH.ETH,10.0,=:BTC.BTC:bc1qqmp67f0xu7q624u8k9w9tlc0y65ayffrqkau7h:31600616/0/67:naswap:30,B9F12F34A1298F44D88F29B538E0D67126DCC97434865B59E8DEEC4DDA7EFD66
2026-09-28 12:57:55,Bitget,0x4a777646417b0fd34715d2b21d4a132c06aed330,,ETH.ETH,10.0,=:BTC.BTC:bc1qqmp67f0xu7q624u8k9w9tlc0y65ayffrqkau7h:31642711/0/68:naswap:30,9A34AD59B197C08D61DA803C9BF836DF537491C2FF5D6FABDE9037A639F586E0
2026-09-28 12:59:05,Bitget,0x4a777646417b0fd34715d2b21d4a132c06aed330,,ETH.ETH,13.0,=:BTC.BTC:bc1qqmp67f0xu7q624u8k9w9tlc0y65ayffrqkau7h:41123316/0/88:naswap:30,63CD428F45C0FA93F378C7AB68B04E1E70CF25394D7CB4BE6ECE873139D6D495
2026-09-28 12:59:05,Bitget,0x4a777646417b0fd34715d2b21d4a132c06aed330,,ETH.ETH,10.0,=:BTC.BTC:bc1qqmp67f0xu7q624u8k9w9tlc0y65ayffrqkau7h:31637196/0/68:naswap:30,B4D8E32E4664180B37A12EE756E0BC5A13C035DDB175EC5F036664CB3535C985
2026-09-28 12:59:53,Bitget,0x4a777646417b0fd34715d2b21d4a132c06aed330,,ETH.ETH,11.0,=:BTC.BTC:bc1qqmp67f0xu7q624u8k9w9tlc0y65ayffrqkau7h:34799396/0/74:naswap:30,134C062A4A4A4DD08D5E21B42388F27E81FD1C2D422421A6E936DDF30C003A8D
2026-09-28 12:59:53,Bitget,0x4a777646417b0fd34715d2b21d4a132c06aed330,,ETH.ETH,12.0,=:BTC.BTC:bc1qqmp67f0xu7q624u8k9w9tlc0y65ayffrqkau7h:37966196/0/81:naswap:30,39AA458792658C358767D4FACB1C2312776C6879F4BB3DE10545650E0E20926E
2026-09-28 13:00:05,Bitget,0x4a777646417b0fd34715d2b21d4a132c06aed330,,ETH.ETH,14.0,=:BTC.BTC:bc1qqmp67f0xu7q624u8k9w9tlc0y65ayffrqkau7h:44292970/0/95:naswap:30,19D9A5FCB86DCDB5A3FDD943AB256F11F410F819B21A4DF321F346462A0E9C1A
2026-09-28 13:00:42,Bitget,0x4a777646417b0fd34715d2b21d4a132c06aed330,,ETH.ETH,16.05550365,=:BTC.BTC:bc1qqmp67f0xu7q624u8k9w9tlc0y65ayffrqkau7h:50803466/0/109:naswap:30,21416D8EFBA2A6ED95A0E60FD9D47E25DAC531737016EE802621CB0DE55E9EA3
2026-09-28 13:33:38,Bitget,0x4a777646417b0fd34715d2b21d4a132c06aed330,,ETH.ETH,10.0,=:BTC.BTC:bc1qqmp67f0xu7q624u8k9w9tlc0y65ayffrqkau7h:31634640/0/68:naswap:30,F9BB2D7BC88CEFBA90B0D74463C9AAD9FBB219DBF053F628DF23D0F7924FF66A
2026-09-28 13:34:15,Bitget,0x4a777646417b0fd34715d2b21d4a132c06aed330,,ETH.ETH,11.0,=:BTC.BTC:bc1qqmp67f0xu7q624u8k9w9tlc0y65ayffrqkau7h:34789925/0/74:naswap:30,8A6799A5794788CF46B0D2E9B34E5AA911416D2783EE68E756FF8A71804BE757
2026-09-28 13:35:54,Bitget,0x4a777646417b0fd34715d2b21d4a132c06aed330,,ETH.ETH,12.0,=:BTC.BTC:bc1qqmp67f0xu7q624u8k9w9tlc0y65ayffrqkau7h:37918494/0/81:naswap:30,9BA9F2B27E238CF4E15A5EC16B05F3664BC0964930F9C150618DA64027C421F4
2026-09-28 13:37:27,Bitget,0x4a777646417b0fd34715d2b21d4a132c06aed330,,ETH.ETH,14.0,=:BTC.BTC:bc1qqmp67f0xu7q624u8k9w9tlc0y65ayffrqkau7h:44241767/0/95:naswap:30,CA13248ADD9C1C397B2DDCDA75CC66774049A891A51D727ACDC078D3269991DF
2026-09-28 13:37:34,Bitget,0x4a777646417b0fd34715d2b21d4a132c06aed330,,ETH.ETH,13.0,=:BTC.BTC:bc1qqmp67f0xu7q624u8k9w9tlc0y65ayffrqkau7h:41076575/0/88:naswap:30,73F183C7B81D4C3CE06CF4C5EAB551E993808A3C137F4B1D7266055F2818C8CE
2026-09-28 13:38:04,Bitget,0x4a777646417b0fd34715d2b21d4a132c06aed330,,ETH.ETH,11.0,=:BTC.BTC:bc1qqmp67f0xu7q624u8k9w9tlc0y65ayffrqkau7h:34762655/0/74:naswap:30,C6B782A22EA676691C89DA53C4919CE919EFA35688E945DE07FE1E59AB075F9F
2026-09-28 13:38:28,Bitget,0x4a777646417b0fd34715d2b21d4a132c06aed330,,ETH.ETH,13.0,=:BTC.BTC:bc1qqmp67f0xu7q624u8k9w9tlc0y65ayffrqkau7h:41087293/0/88:naswap:30,57F4F4D6DC119B967C2B7D147697E674A7FE17E523E48211E987B27C4E2B87A9
2026-09-28 13:38:53,Bitget,0x4a777646417b0fd34715d2b21d4a132c06aed330,,ETH.ETH,11.0,=:BTC.BTC:bc1qqmp67f0xu7q624u8k9w9tlc0y65ayffrqkau7h:34786519/0/74:naswap:30,C913B37E99A8EC2E7AF5A2C041CB28087198C2D25D104E61F2DA79CC2110DEB7
2026-09-28 13:39:42,Bitget,0x4a777646417b0fd34715d2b21d4a132c06aed330,,ETH.ETH,10.9186,=:BTC.BTC:bc1qqmp67f0xu7q624u8k9w9tlc0y65ayffrqkau7h:34539222/0/74:naswap:30,73F00080DD9FCB525BE5A5914C521A90080A5A7448C2AA952966E4AC985073AE
2026-09-28 13:40:39,Bitget,0x4a777646417b0fd34715d2b21d4a132c06aed330,,ETH.ETH,12.0,=:BTC.BTC:bc1qqmp67f0xu7q624u8k9w9tlc0y65ayffrqkau7h:37979699/0/81:naswap:30,805A7C6BFACA532BBF237F68069DFD1670451D7DD8C471EA74B347183C2F7182
2026-09-28 15:36:16,Bitget,0x1cdac13e0962e8987e516dead9cd1396d2a4ddb7,,ETH.ETH,5.0,=:BTC.BTC:bc1pcwtw34uqqhr2mzhjn4vsu2r5knvcmt4n5a2p4t2w995lvltk2pksfw677t:15582821/0/34:naswap:30,9D41AE2BE17381AA41A6B56B1F8D455CEB7B75318396A1F855C7654AB66BAE88
2026-09-28 15:36:40,Bitget,0x1cdac13e0962e8987e516dead9cd1396d2a4ddb7,,ETH.ETH,5.0,=:BTC.BTC:bc1pcwtw34uqqhr2mzhjn4vsu2r5knvcmt4n5a2p4t2w995lvltk2pksfw677t:15583822/0/34:naswap:30,00D18D30972F5828AD39D3BF6CDD558C7C69A37AB644450B28E733226CFC0CA8
2026-09-28 15:37:29,Bitget,0x1cdac13e0962e8987e516dead9cd1396d2a4ddb7,,ETH.ETH,5.0,=:BTC.BTC:bc1pcwtw34uqqhr2mzhjn4vsu2r5knvcmt4n5a2p4t2w995lvltk2pksfw677t:15584778/0/34:naswap:30,1CF4D9D30C0FA936F347FBBE45285E008DDA2D3852C499B8DECF0455A321920F
2026-09-28 15:37:41,Bitget,0x1cdac13e0962e8987e516dead9cd1396d2a4ddb7,,ETH.ETH,5.0,=:BTC.BTC:bc1pcwtw34uqqhr2mzhjn4vsu2r5knvcmt4n5a2p4t2w995lvltk2pksfw677t:15594171/0/34:naswap:30,5A216385A01F54F4995666D2DFD118D5AD7B56936A403D9C51FF43478A4512AA
2026-09-28 15:38:18,Bitget,0x1cdac13e0962e8987e516dead9cd1396d2a4ddb7,,ETH.ETH,5.0,=:BTC.BTC:bc1pcwtw34uqqhr2mzhjn4vsu2r5knvcmt4n5a2p4t2w995lvltk2pksfw677t:15595204/0/34:naswap:30,04E7F41DF8C8C66095E62B9FD55B40A837E25CC3762D8C7A8D2AA2BA05830F89
2026-09-28 15:40:45,Bitget,0x1cdac13e0962e8987e516dead9cd1396d2a4ddb7,,ETH.ETH,6.58,=:BTC.BTC:bc1pcwtw34uqqhr2mzhjn4vsu2r5knvcmt4n5a2p4t2w995lvltk2pksfw677t:20521842/0/45:naswap:30,2F108FC48B6877C50CA6C34F8C49EECDE7C43D0103EFF86429B62BF15111AFA6
2026-09-28 15:47:17,Bitget,0x4a777646417b0fd34715d2b21d4a132c06aed330,,ETH.ETH,10.0,=:BTC.BTC:bc1qfcdpewm264hn8n456x4z5naur0709u5n00m7k8:31509145/0/67:naswap:30,BE11D1784189235FA80069EFCCE4AD454FCB079C5C1B90069034C5EFABECC0BA
2026-09-28 15:48:06,Bitget,0x4a777646417b0fd34715d2b21d4a132c06aed330,,ETH.ETH,11.0,=:BTC.BTC:bc1qfcdpewm264hn8n456x4z5naur0709u5n00m7k8:34654383/0/74:naswap:30,B1FA7D1F18231ED5DF90713BF36472422A1B8F78B7DC9D2521E54C0AED3FBC33
2026-09-28 15:48:18,Bitget,0x4a777646417b0fd34715d2b21d4a132c06aed330,,ETH.ETH,11.0,=:BTC.BTC:bc1qfcdpewm264hn8n456x4z5naur0709u5n00m7k8:34654258/0/74:naswap:30,1CB6604829D03B5DBCC69A84C2C5D71FCC5050597DE2D11B1C8F68025179BC61
2026-09-28 15:50:04,Bitget,0x4a777646417b0fd34715d2b21d4a132c06aed330,,ETH.ETH,10.0,=:BTC.BTC:bc1qqmp67f0xu7q624u8k9w9tlc0y65ayffrqkau7h:31588250/0/67:naswap:30,35DF298FCAD861F9133D95147A54C1BB8D08D7768A179B7F0A3B6157E0CB1F5D
2026-09-28 15:51:27,Bitget,0x4a777646417b0fd34715d2b21d4a132c06aed330,,ETH.ETH,10.0,=:BTC.BTC:bc1qqmp67f0xu7q624u8k9w9tlc0y65ayffrqkau7h:31583910/0/67:naswap:30,41A9541232CFB285F992BF91F58D564EC256DB95BB32BD184ED37913C1FB1BF3
2026-09-28 15:53:04,Bitget,0x4a777646417b0fd34715d2b21d4a132c06aed330,,ETH.ETH,20.0,=:BTC.BTC:bc1qqmp67f0xu7q624u8k9w9tlc0y65ayffrqkau7h:63156068/0/134:naswap:30,D81CEFE52123C5D3D4D4DB327FB1B3199EE9AE9F66B99E83190866E52D0E348F
2026-09-28 15:53:29,Bitget,0x4a777646417b0fd34715d2b21d4a132c06aed330,,ETH.ETH,13.0,=:BTC.BTC:bc1qqmp67f0xu7q624u8k9w9tlc0y65ayffrqkau7h:41071915/0/87:naswap:30,9643A0E3C8A81445E26664A24073E1AACB6A4031B14AE2EC255BAD6D19449404
2026-09-28 15:53:41,Bitget,0x4a777646417b0fd34715d2b21d4a132c06aed330,,ETH.ETH,12.0,=:BTC.BTC:bc1qqmp67f0xu7q624u8k9w9tlc0y65ayffrqkau7h:37910467/0/81:naswap:30,EEE672F4D462C2634565B928423C10EE9C0CB303B9A6E4DA4006435832D50873
2026-09-28 15:53:54,Bitget,0x4a777646417b0fd34715d2b21d4a132c06aed330,,ETH.ETH,12.0,=:BTC.BTC:bc1qqmp67f0xu7q624u8k9w9tlc0y65ayffrqkau7h:37915126/0/81:naswap:30,EB1AA9CC4EC73C1BC6BC08ACA296B06C808D7F1DF3E994AEC842D07A877443E6
2026-09-28 15:54:25,Bitget,0x4a777646417b0fd34715d2b21d4a132c06aed330,,ETH.ETH,15.0,=:BTC.BTC:bc1qqmp67f0xu7q624u8k9w9tlc0y65ayffrqkau7h:47395749/0/101:naswap:30,3FFD3416053871196260D653618411BB3698EF8B4F10AA254AA4CBB565D92747
2026-09-28 15:54:50,Bitget,0x4a777646417b0fd34715d2b21d4a132c06aed330,,ETH.ETH,16.0,=:BTC.BTC:bc1qqmp67f0xu7q624u8k9w9tlc0y65ayffrqkau7h:50552039/0/108:naswap:30,2067566C24870D36EDD279DAAB01CCD554D409C7F6633C7FEDD83F401D3A9A2A
2026-09-28 15:55:26,Bitget,0x4a777646417b0fd34715d2b21d4a132c06aed330,,ETH.ETH,10.0,=:BTC.BTC:bc1qqmp67f0xu7q624u8k9w9tlc0y65ayffrqkau7h:31601679/0/67:naswap:30,C6CF240500FCBAABF09C1238DF77DF2F4ECE18EEA0F6177DA31AF8C3D029C2DD
2026-09-28 15:55:38,Bitget,0x4a777646417b0fd34715d2b21d4a132c06aed330,,ETH.ETH,17.0,=:BTC.BTC:bc1qqmp67f0xu7q624u8k9w9tlc0y65ayffrqkau7h:53715705/0/114:naswap:30,7811699BE934800DB177E75AFA16F2CF6C867D1986DCC342E3FC4AD4BBC510DC
2026-09-28 15:57:18,Bitget,0x4a777646417b0fd34715d2b21d4a132c06aed330,,ETH.ETH,13.0,=:BTC.BTC:bc1qqmp67f0xu7q624u8k9w9tlc0y65ayffrqkau7h:41091300/0/88:naswap:30,ECC02FD622C3C0B0C1B10F12244C2E43A6569C16BC259748A394F9DB5A1BC716
2026-09-28 15:57:51,Bitget,0x4a777646417b0fd34715d2b21d4a132c06aed330,,ETH.ETH,12.0,=:BTC.BTC:bc1qqmp67f0xu7q624u8k9w9tlc0y65ayffrqkau7h:37909484/0/81:naswap:30,CCF915E72C8271E9EA6F14D5F7D230C593A2DEB4102EB2B1EC23D1F11792B22F
2026-09-28 15:58:04,Bitget,0x4a777646417b0fd34715d2b21d4a132c06aed330,,ETH.ETH,6.6,=:BTC.BTC:bc1qqmp67f0xu7q624u8k9w9tlc0y65ayffrqkau7h:34749768/0/74:naswap:30,7C03D2BD9E626EBB9E414E98A445A95CF7EA3C8DE68C51C8C0B4E65039D46A89
2026-09-28 15:58:22,Bitget,0x4a777646417b0fd34715d2b21d4a132c06aed330,,ETH.ETH,6.0,=:BTC.BTC:bc1qqmp67f0xu7q624u8k9w9tlc0y65ayffrqkau7h:31585446/0/67:naswap:30,E55FD57B2B08FE2B12C9D4B591C36A520C8658C7FBDE89243ED00C3CC99BB4E4
2026-09-28 15:58:22,Bitget,0x4a777646417b0fd34715d2b21d4a132c06aed330,,ETH.ETH,4.4,,7C03D2BD9E626EBB9E414E98A445A95CF7EA3C8DE68C51C8C0B4E65039D46A89
2026-09-28 15:58:34,Bitget,0x4a777646417b0fd34715d2b21d4a132c06aed330,,ETH.ETH,4.0,,E55FD57B2B08FE2B12C9D4B591C36A520C8658C7FBDE89243ED00C3CC99BB4E4
2026-09-28 15:58:53,Bitget,0x4a777646417b0fd34715d2b21d4a132c06aed330,,ETH.ETH,14.0,=:BTC.BTC:bc1qqmp67f0xu7q624u8k9w9tlc0y65ayffrqkau7h:44240917/0/94:naswap:30,6905CE3368C7137EB6466247A9049CAAEF702CD16CD1C6C241B50A768FF119B3
2026-09-28 15:59:32,Bitget,0x4a777646417b0fd34715d2b21d4a132c06aed330,,ETH.ETH,13.0,=:BTC.BTC:bc1qqmp67f0xu7q624u8k9w9tlc0y65ayffrqkau7h:41059249/0/88:naswap:30,28A548F7BF2D73039A6BE81DD15C163B23C6DA8C12BD05485602F7783FDC9E1F
2026-09-28 16:01:18,Bitget,0x4a777646417b0fd34715d2b21d4a132c06aed330,,ETH.ETH,4.4,=:BTC.BTC:bc1qqmp67f0xu7q624u8k9w9tlc0y65ayffrqkau7h:34738398/0/74:naswap:30,DDEB902556C92BDB51F0AC1A19BFE37A35BB6C1E38B663458AC6FC869064C53D
2026-09-28 16:01:25,Bitget,0x4a777646417b0fd34715d2b21d4a132c06aed330,,ETH.ETH,6.6,,DDEB902556C92BDB51F0AC1A19BFE37A35BB6C1E38B663458AC6FC869064C53D
2026-09-28 16:01:31,Bitget,0x4a777646417b0fd34715d2b21d4a132c06aed330,,ETH.ETH,12.0,=:BTC.BTC:bc1qqmp67f0xu7q624u8k9w9tlc0y65ayffrqkau7h:37889636/0/81:naswap:30,67235D15CE6B7491E997A8B44EA3D49D2065D6DA81779EFCE6DDB8B7C9421A6C
2026-09-28 16:04:02,Bitget,0x4a777646417b0fd34715d2b21d4a132c06aed330,,ETH.ETH,10.0,=:BTC.BTC:bc1qqmp67f0xu7q624u8k9w9tlc0y65ayffrqkau7h:31554469/0/67:naswap:30,2C60A3BFE7B8FF2196AB5DA2DA76ECD7E3679BE10D47A0C907876F3F06DD198F
2026-09-28 16:06:03,Bitget,0x4a777646417b0fd34715d2b21d4a132c06aed330,,ETH.ETH,10.0,=:BTC.BTC:bc1qqmp67f0xu7q624u8k9w9tlc0y65ayffrqkau7h:31546321/0/67:naswap:30,80EA4303FCDDE447DE00879C58A3BB4B3E58C005F0A1F9081B494097B9F8636D
2026-09-28 16:06:03,Bitget,0x4a777646417b0fd34715d2b21d4a132c06aed330,,ETH.ETH,10.0,=:BTC.BTC:bc1qqmp67f0xu7q624u8k9w9tlc0y65ayffrqkau7h:31548136/0/67:naswap:30,2EC51E3033CF113A7A56E186F4A2CA104EEA77C60A301F1A39C08B8575905913
2026-09-28 16:07:02,Bitget,0x4a777646417b0fd34715d2b21d4a132c06aed330,,ETH.ETH,10.645,=:BTC.BTC:bc1qqmp67f0xu7q624u8k9w9tlc0y65ayffrqkau7h:33580804/0/72:naswap:30,29995CBA5D88B62EF3175568F80C1A19EFAF79839C8A660EC9101C87D83EE7BD
2026-09-28 16:08:28,Bitget,0x4a777646417b0fd34715d2b21d4a132c06aed330,,ETH.ETH,10.0,=:BTC.BTC:bc1qqmp67f0xu7q624u8k9w9tlc0y65ayffrqkau7h:31554744/0/67:naswap:30,BD4A4A4F43F084F5E854C84A087AD6637E9BC74691792BBFAD00AFE1859C76CA
2026-09-28 16:16:30,Bitget,0x4a777646417b0fd34715d2b21d4a132c06aed330,,ETH.ETH,11.0,=:BTC.BTC:bc1qfcdpewm264hn8n456x4z5naur0709u5n00m7k8:34573918/0/74:naswap:30,17140F56D972228BE590802AF8D25E6143A0A068BB6DBCB796ABE5931EABCC03
2026-09-28 16:16:43,Bitget,0x4a777646417b0fd34715d2b21d4a132c06aed330,,ETH.ETH,12.0,=:BTC.BTC:bc1qfcdpewm264hn8n456x4z5naur0709u5n00m7k8:37703490/0/81:naswap:30,3F25D43AB65DE4F1E6AC211BC16F1FFB18DF53EC067CBB7FA1F9BA73BBE1AF48
2026-09-28 16:18:30,Bitget,0x4a777646417b0fd34715d2b21d4a132c06aed330,,ETH.ETH,13.0,=:BTC.BTC:bc1qfcdpewm264hn8n456x4z5naur0709u5n00m7k8:40830595/0/87:naswap:30,D62091ABD838905F9A1D7215890D1D25CFC701D37B4AB8F6F9AF5C815C1E5E92
2026-09-28 16:18:30,Bitget,0x4a777646417b0fd34715d2b21d4a132c06aed330,,ETH.ETH,11.0,=:BTC.BTC:bc1qfcdpewm264hn8n456x4z5naur0709u5n00m7k8:34551852/0/74:naswap:30,A1394E1F1C7C699F822396C0972D07CCBC1FB770553AB8C2611A43BBB1846C0C
2026-09-28 16:18:50,Bitget,0x4a777646417b0fd34715d2b21d4a132c06aed330,,ETH.ETH,11.0,=:BTC.BTC:bc1qfcdpewm264hn8n456x4z5naur0709u5n00m7k8:34551852/0/74:naswap:30,F5E6EE2C477016FED33F0858FBD86A87A9210FF00E35F68FB8B1B1D6B8FAE27F
2026-09-28 16:19:15,Bitget,0x4a777646417b0fd34715d2b21d4a132c06aed330,,ETH.ETH,10.0,,E9C357CB6D7BDECB454928A9366AD0F87E97976C8C63AA49E71581FD00F4086F
2026-09-28 16:20:16,Bitget,0x4a777646417b0fd34715d2b21d4a132c06aed330,,ETH.ETH,12.0,=:BTC.BTC:bc1qfcdpewm264hn8n456x4z5naur0709u5n00m7k8:37745632/0/81:naswap:30,D327BD7FFE8A5DE98312B5180FB1B2C7E73DB2A1B6653350EA1F7359283048D7
2026-09-28 16:21:15,Bitget,0x4a777646417b0fd34715d2b21d4a132c06aed330,,ETH.ETH,10.0,=:BTC.BTC:bc1qfcdpewm264hn8n456x4z5naur0709u5n00m7k8:31444349/0/68:naswap:30,15DA402B169B749A40374803B63A48DEE26CEC2A1A22213BFA760F22EAF098C2
2026-09-28 16:21:54,Bitget,0x4a777646417b0fd34715d2b21d4a132c06aed330,,ETH.ETH,11.0,=:BTC.BTC:bc1qfcdpewm264hn8n456x4z5naur0709u5n00m7k8:34595345/0/74:naswap:30,C7613537BE3B73D89591B32A4A044D475258DD8756A4B3D4B7BD8C10E8966544
2026-09-28 16:23:54,Bitget,0x4a777646417b0fd34715d2b21d4a132c06aed330,,ETH.ETH,13.0,,5757FDCC80650B3AAF6CF057EAD13C9D52281C8EB6A751633105B7612B37E42B
2026-09-28 16:28:06,Bitget,0x4a777646417b0fd34715d2b21d4a132c06aed330,,ETH.ETH,11.0,=:BTC.BTC:bc1qfcdpewm264hn8n456x4z5naur0709u5n00m7k8:34602831/0/75:naswap:30,D66C13169FA168051F451100279338F91CDCD6A6579995E5F197089CABE9C27D
2026-09-28 16:28:19,Bitget,0x4a777646417b0fd34715d2b21d4a132c06aed330,,ETH.ETH,13.0,=:BTC.BTC:bc1qfcdpewm264hn8n456x4z5naur0709u5n00m7k8:40870182/0/88:naswap:30,4047A1EF6778C82801C64C5218C76E21CBD011E4662A9D75424E9453F860D419
2026-09-28 16:29:02,Bitget,0x4a777646417b0fd34715d2b21d4a132c06aed330,,ETH.ETH,13.0,=:BTC.BTC:bc1qfcdpewm264hn8n456x4z5naur0709u5n00m7k8:40870638/0/88:naswap:30,E82E0642AA842D054246F409D2B16838CFE9C35BAC56F9E7BC5C50057391237F
2026-09-28 16:29:33,Bitget,0x4a777646417b0fd34715d2b21d4a132c06aed330,,ETH.ETH,8.75011486,,94A0E381023A5E5B79F033221F5B3F649963A3BCDBF8F848E124786956D4BDBB
2026-09-28 16:30:40,Bitget,0x4a777646417b0fd34715d2b21d4a132c06aed330,,ETH.ETH,11.0,=:BTC.BTC:bc1qfcdpewm264hn8n456x4z5naur0709u5n00m7k8:27480244/0/60:naswap:30,5558C3CF2084845CCC3C6FDFAA6CBA9EFBCF38AA775B1AFFC5CD469239960892
2026-09-28 16:31:39,Bitget,0x4a777646417b0fd34715d2b21d4a132c06aed330,,ETH.ETH,13.0,=:BTC.BTC:bc1qfcdpewm264hn8n456x4z5naur0709u5n00m7k8:40856036/0/88:naswap:30,742D831EBC66D30159EEE413B778125CD14593FBD726BCD6D76C54006877DAB2
2026-09-28 16:32:19,Bitget,0x4a777646417b0fd34715d2b21d4a132c06aed330,,ETH.ETH,12.0,=:BTC.BTC:bc1qfcdpewm264hn8n456x4z5naur0709u5n00m7k8:37715075/0/81:naswap:30,42A9E6323B994ED5E15B04CE887D5E3077AEB3A74C8FEC8E1607523ECD08EE94
2026-09-28 16:32:19,Bitget,0x4a777646417b0fd34715d2b21d4a132c06aed330,,ETH.ETH,11.0,=:BTC.BTC:bc1qfcdpewm264hn8n456x4z5naur0709u5n00m7k8:34566215/0/75:naswap:30,804F1EB2504C9F32FB058787CFE88246BCD177A7042109AD18A360DA22A7FE79
2026-09-28 16:32:25,Bitget,0x4a777646417b0fd34715d2b21d4a132c06aed330,,ETH.ETH,12.0,=:BTC.BTC:bc1qfcdpewm264hn8n456x4z5naur0709u5n00m7k8:37707678/0/81:naswap:30,E9CED79591861F2C11996DE0F7A50BBE4998B8583B2230737D3E2A4ECB6E12BC
2026-09-28 16:33:02,Bitget,0x4a777646417b0fd34715d2b21d4a132c06aed330,,ETH.ETH,10.0,=:BTC.BTC:bc1qqmp67f0xu7q624u8k9w9tlc0y65ayffrqkau7h:31524811/0/68:naswap:30,6D9E8C34A2B2C79B65B95A72AA5D870D77CB9E77A4EBB790EDC89C30931BC549
2026-09-28 16:33:51,Bitget,0x4a777646417b0fd34715d2b21d4a132c06aed330,,ETH.ETH,11.0,=:BTC.BTC:bc1qqmp67f0xu7q624u8k9w9tlc0y65ayffrqkau7h:34679849/0/75:naswap:30,0DD7A25340D5329C16A07D46C9C3CF08C389C701BDDC3B1A5AA9E4805FD88E54
2026-09-28 16:34:28,Bitget,0x4a777646417b0fd34715d2b21d4a132c06aed330,,ETH.ETH,13.0,=:BTC.BTC:bc1qqmp67f0xu7q624u8k9w9tlc0y65ayffrqkau7h:40987249/0/88:naswap:30,A0D217439230DB0EB4D59EA8DF2FE2588D181A15EE57B591C0E5838CF7885198
2026-09-28 16:34:52,Bitget,0x4a777646417b0fd34715d2b21d4a132c06aed330,,ETH.ETH,12.0,=:BTC.BTC:bc1qqmp67f0xu7q624u8k9w9tlc0y65ayffrqkau7h:37824645/0/81:naswap:30,BFA47F31F16C363D90DEC8019D2DD2F4044849FB203DD5A4AAF4A49B6C5FA908
2026-09-28 16:35:29,Bitget,0x4a777646417b0fd34715d2b21d4a132c06aed330,,ETH.ETH,10.0,=:BTC.BTC:bc1qqmp67f0xu7q624u8k9w9tlc0y65ayffrqkau7h:31512579/0/68:naswap:30,186EC78EF53F863D72C53CF647498D48FCB2D5D51B0728F125B1C7E87895A449
2026-09-28 16:36:25,Bitget,0x4a777646417b0fd34715d2b21d4a132c06aed330,,ETH.ETH,10.0,=:BTC.BTC:bc1qqmp67f0xu7q624u8k9w9tlc0y65ayffrqkau7h:31506625/0/68:naswap:30,95D8B12787742DD2015F1C5302105A107F08C5C201884D44ED322251449259A9
2026-09-28 16:36:49,Bitget,0x4a777646417b0fd34715d2b21d4a132c06aed330,,ETH.ETH,11.0,=:BTC.BTC:bc1qqmp67f0xu7q624u8k9w9tlc0y65ayffrqkau7h:34664845/0/75:naswap:30,F03F84811D5F776C40E9AA038BA3D26BF58439278283CA03D1F9885C2EEABE67
2026-09-28 16:37:02,Bitget,0x4a777646417b0fd34715d2b21d4a132c06aed330,,ETH.ETH,11.0,=:BTC.BTC:bc1qqmp67f0xu7q624u8k9w9tlc0y65ayffrqkau7h:34665976/0/75:naswap:30,582DF62BEFFAA24F82D514D5139B3AAFEAC4075E4CBDC689FFA29075141C5E11
2026-09-28 16:38:51,Bitget,0x4a777646417b0fd34715d2b21d4a132c06aed330,,ETH.ETH,20.0,=:BTC.BTC:bc1qqmp67f0xu7q624u8k9w9tlc0y65ayffrqkau7h:63022356/0/135:naswap:30,045039BF6C697C17CB49C128D5A9B61B7D193388BAB881E0236192F66D758F4F
2026-09-28 16:38:51,Bitget,0x1cdac13e0962e8987e516dead9cd1396d2a4ddb7,,ETH.ETH,5.0,=:BTC.BTC:bc1pcwtw34uqqhr2mzhjn4vsu2r5knvcmt4n5a2p4t2w995lvltk2pksfw677t:15549845/0/34:naswap:30,1FC9C6A67548B155A68CC6CC54A35EAB334D2A265639AB53DB67B3F1B99000DE
2026-09-28 16:38:51,Bitget,0x4a777646417b0fd34715d2b21d4a132c06aed330,,ETH.ETH,13.0,=:BTC.BTC:bc1qqmp67f0xu7q624u8k9w9tlc0y65ayffrqkau7h:40975530/0/88:naswap:30,DECB15C922DB76EB61BC1F100469C81AFD19E3F66210218A09482E5929F70ADB
2026-09-28 16:38:51,Bitget,0x1cdac13e0962e8987e516dead9cd1396d2a4ddb7,,ETH.ETH,5.0,=:BTC.BTC:bc1pcwtw34uqqhr2mzhjn4vsu2r5knvcmt4n5a2p4t2w995lvltk2pksfw677t:15546568/0/34:naswap:30,79659247A7491C7CF7B82A9B366E3BACB7BF12B122771614458C50234B1E8434
2026-09-28 16:39:03,Bitget,0x4a777646417b0fd34715d2b21d4a132c06aed330,,ETH.ETH,15.0,=:BTC.BTC:bc1qqmp67f0xu7q624u8k9w9tlc0y65ayffrqkau7h:47264175/0/101:naswap:30,056E3B5C7BF9C18D3FC82FC7C9C4FF8B4AFD164461B6AA53B84EC8A64F35D71B
2026-09-28 16:39:03,Bitget,0x1cdac13e0962e8987e516dead9cd1396d2a4ddb7,,ETH.ETH,5.0,=:BTC.BTC:bc1pcwtw34uqqhr2mzhjn4vsu2r5knvcmt4n5a2p4t2w995lvltk2pksfw677t:15547357/0/34:naswap:30,22AE5DBB786AD33B52B76061B75532A915862D9AEF9CF52CF85D87CA1495A198
2026-09-28 16:39:40,Bitget,0x4a777646417b0fd34715d2b21d4a132c06aed330,,ETH.ETH,14.0,=:BTC.BTC:bc1qqmp67f0xu7q624u8k9w9tlc0y65ayffrqkau7h:44128697/0/95:naswap:30,14A90CEB7333600D4C699A827456FD8FF3F31A2B15ACEC4948319A582B7AC546
2026-09-28 16:39:40,Bitget,0x1cdac13e0962e8987e516dead9cd1396d2a4ddb7,,ETH.ETH,4.1068,=:BTC.BTC:bc1pcwtw34uqqhr2mzhjn4vsu2r5knvcmt4n5a2p4t2w995lvltk2pksfw677t:12767279/0/28:naswap:30,033E4A21C42A0A4E2219B1010FE2CFD8D24F74F7CEB681CA0EACE1A32F55CB9F
2026-09-28 16:39:40,Bitget,0x1cdac13e0962e8987e516dead9cd1396d2a4ddb7,,ETH.ETH,5.0,=:BTC.BTC:bc1pcwtw34uqqhr2mzhjn4vsu2r5knvcmt4n5a2p4t2w995lvltk2pksfw677t:15550524/0/34:naswap:30,3917BFE0F53EB6AD2AB94C244BAADE7121A2FEC32D5C0BF01AE150BF66570B77
2026-09-28 16:39:53,Bitget,0x4a777646417b0fd34715d2b21d4a132c06aed330,,ETH.ETH,6.0,=:BTC.BTC:bc1qqmp67f0xu7q624u8k9w9tlc0y65ayffrqkau7h:31518225/0/68:naswap:30,B46105180ECAD5A5122E79778ABF428E03A1EE6EE15717F653B6216F1CAB685C
2026-09-28 16:39:53,Bitget,0x1cdac13e0962e8987e516dead9cd1396d2a4ddb7,,ETH.ETH,5.0,=:BTC.BTC:bc1pcwtw34uqqhr2mzhjn4vsu2r5knvcmt4n5a2p4t2w995lvltk2pksfw677t:15546979/0/34:naswap:30,8CC7005A8EE9FA91347FAC8452281A35C8C2A2F0B1F7BF0F84821022D9F10B52
2026-09-28 16:40:05,Bitget,0x4a777646417b0fd34715d2b21d4a132c06aed330,,ETH.ETH,4.0,,B46105180ECAD5A5122E79778ABF428E03A1EE6EE15717F653B6216F1CAB685C
2026-09-28 16:40:17,Bitget,0x4a777646417b0fd34715d2b21d4a132c06aed330,,ETH.ETH,10.0,=:BTC.BTC:bc1qqmp67f0xu7q624u8k9w9tlc0y65ayffrqkau7h:31503394/0/68:naswap:30,1364E522FDD317C0DFFB0747A766413F1497C44D82AC9402BF9DD60C247FE949
2026-09-28 16:40:17,Bitget,0x4a777646417b0fd34715d2b21d4a132c06aed330,,ETH.ETH,15.0,=:BTC.BTC:bc1qqmp67f0xu7q624u8k9w9tlc0y65ayffrqkau7h:47276902/0/101:naswap:30,F98D56A514A940ECE12971003D10E047F850987CF8AF29B715FFAFFEA7EF5333
2026-09-28 16:40:29,Bitget,0x4a777646417b0fd34715d2b21d4a132c06aed330,,ETH.ETH,14.0,=:BTC.BTC:bc1qqmp67f0xu7q624u8k9w9tlc0y65ayffrqkau7h:44114815/0/95:naswap:30,AE193E3699C641E39A9079A434F96B3788B29A60E4820D1672841A3003C9E81D
2026-09-28 16:40:43,Bitget,0x4a777646417b0fd34715d2b21d4a132c06aed330,,ETH.ETH,8.1885,=:BTC.BTC:bc1qqmp67f0xu7q624u8k9w9tlc0y65ayffrqkau7h:25802496/0/56:naswap:30,BACF8461A1E76F002ECE4CBBA45F61CD7DAA62105EC5F2BA43A8B2E8E9243B4E
2026-09-28 17:48:44,Bitget,0x4a777646417b0fd34715d2b21d4a132c06aed330,,ETH.ETH,12.0,=:BTC.BTC:bc1qfcdpewm264hn8n456x4z5naur0709u5n00m7k8:37798857/0/81:naswap:30,091C289C7A68E3A7F0D3FBB923A8CC7732991A5A4D4A89C496835FF501F01D51
2026-09-28 17:49:06,Bitget,0x4a777646417b0fd34715d2b21d4a132c06aed330,,ETH.ETH,11.0,=:BTC.BTC:bc1qfcdpewm264hn8n456x4z5naur0709u5n00m7k8:34655371/0/75:naswap:30,092D589A94FAE510CCFBC656BC2E4CCAEE2BDCADD4C63966CC196DAED6DD43B0
2026-09-28 17:51:06,Bitget,0x4a777646417b0fd34715d2b21d4a132c06aed330,,ETH.ETH,11.0,=:BTC.BTC:bc1qfcdpewm264hn8n456x4z5naur0709u5n00m7k8:34649158/0/75:naswap:30,D9C56F997F7D0296D477ADEE627E947CBCD0F0DA9CE3566935F3E1E2369FC8DD
2026-09-28 17:51:49,Bitget,0x4a777646417b0fd34715d2b21d4a132c06aed330,,ETH.ETH,11.0,=:BTC.BTC:bc1qfcdpewm264hn8n456x4z5naur0709u5n00m7k8:34655371/0/75:naswap:30,7CA16F8E6A4A60DDAFB30A86E78E15EB75FE749BD4DD258D9CC3A95514768397
2026-09-28 17:52:19,Bitget,0x4a777646417b0fd34715d2b21d4a132c06aed330,,ETH.ETH,13.0,=:BTC.BTC:bc1qfcdpewm264hn8n456x4z5naur0709u5n00m7k8:40957432/0/88:naswap:30,0BF51AECAF268DAE905C8A34B856AB4B08924B97C0D3480923DF54116F8E2E8E
2026-09-28 17:52:50,Bitget,0x4a777646417b0fd34715d2b21d4a132c06aed330,,ETH.ETH,13.0,=:BTC.BTC:bc1qfcdpewm264hn8n456x4z5naur0709u5n00m7k8:40946644/0/88:naswap:30,12C4B68D17B0F4871FE986F49E3174B10C054E2EE6BEE339CEFE5EC6EC4DAD5A
2026-09-28 17:52:50,Bitget,0x4a777646417b0fd34715d2b21d4a132c06aed330,,ETH.ETH,13.0,=:BTC.BTC:bc1qfcdpewm264hn8n456x4z5naur0709u5n00m7k8:40945733/0/88:naswap:30,7C01880790095B5EC39CBBBF356F28058C8C50F90FC975E825417956393E7F4E
2026-09-28 17:53:39,Bitget,0x4a777646417b0fd34715d2b21d4a132c06aed330,,ETH.ETH,13.0,=:BTC.BTC:bc1qhc3j0vm6wqqtrprj4a5aw84h45nh3sh2lt564l:40945733/0/88:naswap:30,FEA251BB52A6372B020EBB1CD12637427CBBFE17C9A191D0429C8B5DB337D487
2026-09-28 17:54:06,Bitget,0x4a777646417b0fd34715d2b21d4a132c06aed330,,ETH.ETH,11.0,=:BTC.BTC:bc1qhc3j0vm6wqqtrprj4a5aw84h45nh3sh2lt564l:34640772/0/75:naswap:30,95E62216BC0C9BF039829D70CBC98EAB177ACACF09F66B7E05205CB645F79090
2026-09-28 17:54:37,Bitget,0x4a777646417b0fd34715d2b21d4a132c06aed330,,ETH.ETH,13.0,=:BTC.BTC:bc1qhc3j0vm6wqqtrprj4a5aw84h45nh3sh2lt564l:40933036/0/88:naswap:30,CC1D2E3AE973F4479DEF7D2D4F8130A70DF3BB3DF5771744501CCF93A2E31427
2026-09-28 17:55:28,Bitget,0x4a777646417b0fd34715d2b21d4a132c06aed330,,ETH.ETH,11.0,=:BTC.BTC:bc1qhc3j0vm6wqqtrprj4a5aw84h45nh3sh2lt564l:34637506/0/75:naswap:30,08082A0AED1F3FAD175E2FBC427258A90FBBE2CCF4B721F293DF21D0E53868D4
2026-09-28 17:55:46,Bitget,0x4a777646417b0fd34715d2b21d4a132c06aed330,,ETH.ETH,12.0,=:BTC.BTC:bc1qhc3j0vm6wqqtrprj4a5aw84h45nh3sh2lt564l:37787143/0/81:naswap:30,6DF6DF3941EC196C6789303BFB2E116940241C1416C8A1B9B5B3168586D2FC0B
2026-09-28 17:56:05,Bitget,0x4a777646417b0fd34715d2b21d4a132c06aed330,,ETH.ETH,13.0,=:BTC.BTC:bc1qhc3j0vm6wqqtrprj4a5aw84h45nh3sh2lt564l:40926098/0/88:naswap:30,644A89DFAC07F099C7C941C2D884C0C12C4C333F700B487C457ECBFA690AF122
2026-09-28 17:56:17,Bitget,0x4a777646417b0fd34715d2b21d4a132c06aed330,,ETH.ETH,11.0,=:BTC.BTC:bc1qhc3j0vm6wqqtrprj4a5aw84h45nh3sh2lt564l:34627683/0/75:naswap:30,BB570EC928602BB055707EEC912A3FF7D9A245121FF14CD4F4210919628EBE4F
2026-09-28 17:56:53,Bitget,0x4a777646417b0fd34715d2b21d4a132c06aed330,,ETH.ETH,12.0,=:BTC.BTC:bc1qhc3j0vm6wqqtrprj4a5aw84h45nh3sh2lt564l:37766446/0/81:naswap:30,CF436FA414E0161CC3CD9C5B1DEEF11DD4532FF0E57FDA0E05CBF61B7555D5A1
2026-09-28 17:58:06,Bitget,0x4a777646417b0fd34715d2b21d4a132c06aed330,,ETH.ETH,12.0,=:BTC.BTC:bc1qhc3j0vm6wqqtrprj4a5aw84h45nh3sh2lt564l:37765917/0/81:naswap:30,2F65E35F0784A7B99BB74A403AD26192C94374D0FE5F08914E39CCD8EC3DC8B1
2026-09-28 17:58:48,Bitget,0x4a777646417b0fd34715d2b21d4a132c06aed330,,ETH.ETH,12.0,=:BTC.BTC:bc1qhc3j0vm6wqqtrprj4a5aw84h45nh3sh2lt564l:37765917/0/81:naswap:30,8ED444446A5EA838E9E5933FB490F3D641BC17A061DACB8A094E6A4C9BAAB84E
2026-09-28 17:59:07,Bitget,0x4a777646417b0fd34715d2b21d4a132c06aed330,,ETH.ETH,11.0,=:BTC.BTC:bc1qhc3j0vm6wqqtrprj4a5aw84h45nh3sh2lt564l:34636897/0/75:naswap:30,45F60B3049F02F2FEDBAC45AD0B09553B0E7394DC8478613D123960F5906391D
2026-09-28 18:00:28,Bitget,0x4a777646417b0fd34715d2b21d4a132c06aed330,,ETH.ETH,11.0,=:BTC.BTC:bc1qhc3j0vm6wqqtrprj4a5aw84h45nh3sh2lt564l:34636897/0/75:naswap:30,254A3597F6974FA690BE35084A6E52D0D10A4304E0ABF82943943AEFF9A54058
2026-09-28 18:02:27,Bitget,0x4a777646417b0fd34715d2b21d4a132c06aed330,,ETH.ETH,13.0,=:BTC.BTC:bc1qhc3j0vm6wqqtrprj4a5aw84h45nh3sh2lt564l:40924842/0/88:naswap:30,0328B19D25B87A7BC304468E97D779933A407970A0F81453382718F00AAE2B54
2026-09-28 18:03:34,Bitget,0x4a777646417b0fd34715d2b21d4a132c06aed330,,ETH.ETH,11.0,=:BTC.BTC:bc1qhc3j0vm6wqqtrprj4a5aw84h45nh3sh2lt564l:34622505/0/75:naswap:30,23907761877FE2CAC38183EE0B4AF3A58E72071B1C1DC5FB966F77B7D84B43AB
2026-09-28 18:04:15,Bitget,0x4a777646417b0fd34715d2b21d4a132c06aed330,,ETH.ETH,12.0,=:BTC.BTC:bc1qhc3j0vm6wqqtrprj4a5aw84h45nh3sh2lt564l:37769089/0/81:naswap:30,B2D193C2AACA1C049032896AB7D975B3835F6DB3A905FD9690741AF1C312538F
2026-09-28 18:04:15,Bitget,0x4a777646417b0fd34715d2b21d4a132c06aed330,,ETH.ETH,13.0,=:BTC.BTC:bc1qhc3j0vm6wqqtrprj4a5aw84h45nh3sh2lt564l:40924842/0/88:naswap:30,DE13BB6C531E0289564980924FF7EE4C6CCFC4A7D0BFA87BFF85D6FB493BE28D
2026-09-28 18:09:55,Bitget,0x4a777646417b0fd34715d2b21d4a132c06aed330,,ETH.ETH,11.0,=:BTC.BTC:bc1qhc3j0vm6wqqtrprj4a5aw84h45nh3sh2lt564l:34621748/0/75:naswap:30,BF5F4AC853609760EDF8FD75CBA55CCAA7A15EDB33162FDDA8CD10A32ED50FDF
2026-09-28 18:10:13,Bitget,0x4a777646417b0fd34715d2b21d4a132c06aed330,,ETH.ETH,13.61057897,=:BTC.BTC:bc1qhc3j0vm6wqqtrprj4a5aw84h45nh3sh2lt564l:34621744/0/75:naswap:30,C50D7FFBCE7271060661C720565ADB6E98575461652EFD2B69190A4048234D80
2026-09-28 18:18:49,Bitget,0x4a777646417b0fd34715d2b21d4a132c06aed330,,ETH.ETH,13.61057897,=:BTC.BTC:bc1qhc3j0vm6wqqtrprj4a5aw84h45nh3sh2lt564l:42836301/0/92:naswap:30,185BB583E08FA2771CA3024B5A6B66FF2C31E446EF7232F94CA015A95B173953
2026-09-28 18:19:51,Bitget,0x4a777646417b0fd34715d2b21d4a132c06aed330,,ETH.ETH,12.0,=:BTC.BTC:bc1qhc3j0vm6wqqtrprj4a5aw84h45nh3sh2lt564l:37782914/0/81:naswap:30,9848AE7B01B664303CA075612527EC92DC08ED5498968D954E37E5CCA0CB3813
2026-09-28 18:21:24,Bitget,0x4a777646417b0fd34715d2b21d4a132c06aed330,,ETH.ETH,11.0,=:BTC.BTC:bc1qhc3j0vm6wqqtrprj4a5aw84h45nh3sh2lt564l:34625082/0/75:naswap:30,B994A496BE59ECE83E3454E33948813F1E81B02F3E8E337E80A7C13801B87C36
2026-09-28 18:22:43,Bitget,0x4a777646417b0fd34715d2b21d4a132c06aed330,,ETH.ETH,12.0,=:BTC.BTC:bc1qhc3j0vm6wqqtrprj4a5aw84h45nh3sh2lt564l:37774419/0/81:naswap:30,064E1D8A115CA8C7E7CDCBC724138C4D2686E3D7131FD9A0829F86E7DA039E89
2026-09-28 18:23:58,Bitget,0x4a777646417b0fd34715d2b21d4a132c06aed330,,ETH.ETH,13.0,=:BTC.BTC:bc1qhc3j0vm6wqqtrprj4a5aw84h45nh3sh2lt564l:40911786/0/88:naswap:30,51FFDF9163B9DFB813D9E38C630D84AFE6F168C7B9878839A4B441AE6BAF2C65
2026-09-28 18:26:05,Bitget,0x1cdac13e0962e8987e516dead9cd1396d2a4ddb7,,ETH.ETH,5.0,=:BTC.BTC:bc1pcwtw34uqqhr2mzhjn4vsu2r5knvcmt4n5a2p4t2w995lvltk2pksfw677t:15579345/0/34:naswap:30,1285FB256C5BF9D1F1E6A2483BF733B008F96B0D0ED6B3F61EE17C7CA235B23B
2026-09-28 18:26:30,Bitget,0x1cdac13e0962e8987e516dead9cd1396d2a4ddb7,,ETH.ETH,5.0,=:BTC.BTC:bc1pcwtw34uqqhr2mzhjn4vsu2r5knvcmt4n5a2p4t2w995lvltk2pksfw677t:15576738/0/34:naswap:30,0ED05783B2699533F45C75AA3968E3A8F4EE3497539356291D10D32C927EFB33
2026-09-28 18:28:42,Bitget,0x4a777646417b0fd34715d2b21d4a132c06aed330,,ETH.ETH,13.0,=:BTC.BTC:bc1qjwc0sl05h0jescjlwfc2frrazd480pc47t55va:40907755/0/88:naswap:30,46A4396A3678755CC1B1475EFFB3655CCF680B2BC4280D225CEE398CF5661BD7
2026-09-28 18:28:55,Bitget,0x4a777646417b0fd34715d2b21d4a132c06aed330,,ETH.ETH,12.0,=:BTC.BTC:bc1qjwc0sl05h0jescjlwfc2frrazd480pc47t55va:37768829/0/81:naswap:30,56C484FBA9D11FD1C642A57E875D7CBB7B3A94B0CB0ECB72B85E8A120814C876
2026-09-28 18:29:07,Bitget,0x4a777646417b0fd34715d2b21d4a132c06aed330,,ETH.ETH,12.0,=:BTC.BTC:bc1qhc3j0vm6wqqtrprj4a5aw84h45nh3sh2lt564l:37765673/0/81:naswap:30,6DB028E1F67C3E917B608111D3061C979C2AE6DB6E14C1B198B4626D7591E048
2026-09-28 18:29:07,Bitget,0x4a777646417b0fd34715d2b21d4a132c06aed330,,ETH.ETH,12.0,=:BTC.BTC:bc1qhc3j0vm6wqqtrprj4a5aw84h45nh3sh2lt564l:37763565/0/81:naswap:30,46637CB47268572690FFBE1AE8BC94C43B2B4D66A574EDD6E698413BA9953380
2026-09-28 18:29:07,Bitget,0x1cdac13e0962e8987e516dead9cd1396d2a4ddb7,,ETH.ETH,6.741,=:BTC.BTC:bc1pcwtw34uqqhr2mzhjn4vsu2r5knvcmt4n5a2p4t2w995lvltk2pksfw677t:20998391/0/46:naswap:30,BB97C0A7059D398DF5B84E6D1E4E9A1B095714EEF0442EE9CE7041CEDFB993BC
2026-09-28 18:29:50,Bitget,0x4a777646417b0fd34715d2b21d4a132c06aed330,,ETH.ETH,12.0,=:BTC.BTC:bc1qjwc0sl05h0jescjlwfc2frrazd480pc47t55va:37773196/0/81:naswap:30,D015128EE39E815928899D636A509F120544CC7097FE9F13EAA11105CA8598F5
2026-09-28 18:30:02,Bitget,0x4a777646417b0fd34715d2b21d4a132c06aed330,,ETH.ETH,13.0,=:BTC.BTC:bc1qjwc0sl05h0jescjlwfc2frrazd480pc47t55va:40919514/0/88:naswap:30,74CC3154EDD59C1473CD2A30F3E90950C416F78921B6F2ADFF56D2DA3687A75B
2026-09-28 18:30:02,Bitget,0x4a777646417b0fd34715d2b21d4a132c06aed330,,ETH.ETH,12.0,=:BTC.BTC:bc1qjwc0sl05h0jescjlwfc2frrazd480pc47t55va:37766089/0/81:naswap:30,D7B92321CCC4C8D1BAA422FCE9C15E002E3446533D634F23C4EE07A3164D53E0
2026-09-28 18:30:28,Bitget,0x4a777646417b0fd34715d2b21d4a132c06aed330,,ETH.ETH,11.0,=:BTC.BTC:bc1qjwc0sl05h0jescjlwfc2frrazd480pc47t55va:34621596/0/75:naswap:30,084A9DDB8C54D050AC33662EE5755451A63309D619B63A982F4444F5F8E30ED5
2026-09-28 18:30:41,Bitget,0x4a777646417b0fd34715d2b21d4a132c06aed330,,ETH.ETH,11.0,=:BTC.BTC:bc1qjwc0sl05h0jescjlwfc2frrazd480pc47t55va:34621725/0/75:naswap:30,6CD50C2C615A08CE82D4360BF19B4922D6393ADFD9537C9AE162E16BBF8342A5
2026-09-28 18:31:04,Bitget,0x4a777646417b0fd34715d2b21d4a132c06aed330,,ETH.ETH,13.0,=:BTC.BTC:bc1qjwc0sl05h0jescjlwfc2frrazd480pc47t55va:40911673/0/88:naswap:30,70764A0A3FF345F764BC0D22F9F12A8B6BC776724760AF4459E606771B256C91
2026-09-28 18:32:16,Bitget,0x4a777646417b0fd34715d2b21d4a132c06aed330,,ETH.ETH,11.0,=:BTC.BTC:bc1qjwc0sl05h0jescjlwfc2frrazd480pc47t55va:34605084/0/75:naswap:30,270F5D3CD749F7FF748AF93B5D4AACB54E5674210FA65956405A78A503657F0C
2026-09-28 18:33:05,Bitget,0x4a777646417b0fd34715d2b21d4a132c06aed330,,ETH.ETH,13.0,=:BTC.BTC:bc1qjwc0sl05h0jescjlwfc2frrazd480pc47t55va:40910902/0/88:naswap:30,4F0CCA40C348556F927B7F05A2D9976A8699E6BA3010FF3753A09CCB59914C67
2026-09-28 18:33:17,Bitget,0x4a777646417b0fd34715d2b21d4a132c06aed330,,ETH.ETH,12.0,=:BTC.BTC:bc1qjwc0sl05h0jescjlwfc2frrazd480pc47t55va:37756804/0/81:naswap:30,87C4B64BA7196E5CEFFA144A88307F8C0B2FC6B5DC274EAE1677D82C338F772C
2026-09-28 18:34:44,Bitget,0x4a777646417b0fd34715d2b21d4a132c06aed330,,ETH.ETH,4.4889702,,1AE17C58F6DE629EBB392EAA5200A0CA6749A8C4D6BFFCDD63B3164C28416C0F
2026-09-28 18:35:14,Bitget,0x1cdac13e0962e8987e516dead9cd1396d2a4ddb7,,ETH.ETH,5.0,=:BTC.BTC:bc1pcwtw34uqqhr2mzhjn4vsu2r5knvcmt4n5a2p4t2w995lvltk2pksfw677t:15560281/0/34:naswap:30,B378917424F92A06B164140EF5E05C473EAA623C7E7601CF7AD1471D2B068F1E
2026-09-28 18:36:29,Bitget,0x1cdac13e0962e8987e516dead9cd1396d2a4ddb7,,ETH.ETH,4.154,=:BTC.BTC:bc1pcwtw34uqqhr2mzhjn4vsu2r5knvcmt4n5a2p4t2w995lvltk2pksfw677t:12926097/0/28:naswap:30,32CD4B50706E00475FC9CA5D181000F48639DEDE8F7D281A435C52F811E887C7
2026-09-28 18:46:17,Bitget,0x4a777646417b0fd34715d2b21d4a132c06aed330,,ETH.ETH,13.0,=:BTC.BTC:bc1qjwc0sl05h0jescjlwfc2frrazd480pc47t55va:40868299/0/88:naswap:30,73FACB3DD58C8B5E63DFA3EC0DB6DB51A5B1F5509A2198BAB8D98CA15F236D36
2026-09-28 18:46:40,Bitget,0x4a777646417b0fd34715d2b21d4a132c06aed330,,ETH.ETH,12.0,=:BTC.BTC:bc1qjwc0sl05h0jescjlwfc2frrazd480pc47t55va:37722750/0/81:naswap:30,7153881F7668F8EBD20406039EF14A795009EB8D4D360B3829E705F59581B8FA
2026-09-28 18:46:40,Bitget,0x4a777646417b0fd34715d2b21d4a132c06aed330,,ETH.ETH,11.0,=:BTC.BTC:bc1qjwc0sl05h0jescjlwfc2frrazd480pc47t55va:34572585/0/74:naswap:30,BD1BEB3DA4027D4BDC5F39CC0BBD368717B01D4E1EC2C21356DFD4C1F13CCE40
2026-09-28 18:47:05,Bitget,0x4a777646417b0fd34715d2b21d4a132c06aed330,,ETH.ETH,13.0,=:BTC.BTC:bc1qjwc0sl05h0jescjlwfc2frrazd480pc47t55va:40866320/0/88:naswap:30,F7FE3AAD20B6E07AB8F94F30E3A8208ECB8A1EA348F144440EE181F5253F64EE
2026-09-28 18:48:26,Bitget,0x4a777646417b0fd34715d2b21d4a132c06aed330,,ETH.ETH,13.0,=:BTC.BTC:bc1qjwc0sl05h0jescjlwfc2frrazd480pc47t55va:37722110/0/81:naswap:30,5CEC01980C7FF5C9B5BF245F30F65EB6268F08D707E6053411C75DA84D96AB77
2026-09-28 18:48:38,Bitget,0x4a777646417b0fd34715d2b21d4a132c06aed330,,ETH.ETH,11.0,=:BTC.BTC:bc1qjwc0sl05h0jescjlwfc2frrazd480pc47t55va:34587146/0/74:naswap:30,6F48EA8C4C872809B3CEE6ED1A4CDF53CA26E500C0A3395CA0665C6A5C56DAAF
2026-09-28 18:49:03,Bitget,0x4a777646417b0fd34715d2b21d4a132c06aed330,,ETH.ETH,9.0,=:BTC.BTC:bc1qjwc0sl05h0jescjlwfc2frrazd480pc47t55va:28294974/0/61:naswap:30,F58A2DC465666948C89F65046E85140CEB8EC9A06808E917CCE81959382917BB
2026-09-28 18:49:27,Bitget,0x4a777646417b0fd34715d2b21d4a132c06aed330,,ETH.ETH,12.0,=:BTC.BTC:bc1qjwc0sl05h0jescjlwfc2frrazd480pc47t55va:37722110/0/81:naswap:30,83C8C8C8BC323F56D519889DA82B37CE4B1C6E05EF378B796C635A9E127CD1E1
2026-09-28 18:51:05,Bitget,0x4a777646417b0fd34715d2b21d4a132c06aed330,,ETH.ETH,9.50769698,=:BTC.BTC:bc1qjwc0sl05h0jescjlwfc2frrazd480pc47t55va:29897315/0/64:naswap:30,09FBC1F9C735E051B7F72C4EB9FAB970796BAFC7FDEFC1C570AB3833BB99CB77
2026-09-28 19:01:40,Bitget,0x4a777646417b0fd34715d2b21d4a132c06aed330,,ETH.ETH,13.0,=:BTC.BTC:bc1qjwc0sl05h0jescjlwfc2frrazd480pc47t55va:40922807/0/88:naswap:30,9092763F675423B468435BB28942FF2EBDBA4E08969A7E8D3FA4857D6C17E01F
2026-09-28 19:02:38,Bitget,0x4a777646417b0fd34715d2b21d4a132c06aed330,,ETH.ETH,12.0,,9A1B1E9D8754EEE1C781A31534A5845F2B293FF8B6B7E42E0BB83ACD658DC2CA
2026-09-28 19:02:38,Bitget,0x4a777646417b0fd34715d2b21d4a132c06aed330,,ETH.ETH,11.0,=:BTC.BTC:bc1qjwc0sl05h0jescjlwfc2frrazd480pc47t55va:34631955/0/75:naswap:30,79E2C57F14AC36065ADBECAA7549825D1B00936EB0B632A0D6AC916752ED0969
2026-09-28 19:02:56,Bitget,0x4a777646417b0fd34715d2b21d4a132c06aed330,,ETH.ETH,12.0,=:BTC.BTC:bc1qjwc0sl05h0jescjlwfc2frrazd480pc47t55va:37774898/0/81:naswap:30,72C0D13296F46F555D2EFF13578A2A9C1C226A215F4FFB128FEB6A6B30FBCC43
2026-09-28 19:03:02,Bitget,0x4a777646417b0fd34715d2b21d4a132c06aed330,,ETH.ETH,11.0,=:BTC.BTC:bc1qjwc0sl05h0jescjlwfc2frrazd480pc47t55va:34628788/0/75:naswap:30,492E539BC080F82C0A10B570C01CA71869138728ED23E6C5B930E899A8BEB118
2026-09-28 19:03:14,Bitget,0x4a777646417b0fd34715d2b21d4a132c06aed330,,ETH.ETH,13.0,=:BTC.BTC:bc1qjwc0sl05h0jescjlwfc2frrazd480pc47t55va:40918398/0/88:naswap:30,89AAD1A89E98D2B34E547878C6D031FB766A62C9ECE903B658CDFC221296EEA0
2026-09-28 19:03:14,Bitget,0x4a777646417b0fd34715d2b21d4a132c06aed330,,ETH.ETH,11.0,=:BTC.BTC:bc1qjwc0sl05h0jescjlwfc2frrazd480pc47t55va:34613749/0/75:naswap:30,F4837E26190ACB893C1E7B384422A6E2324B7107C482E0190CE417C8C12C430C
2026-09-28 19:03:55,Bitget,0x4a777646417b0fd34715d2b21d4a132c06aed330,,ETH.ETH,11.0,=:BTC.BTC:bc1qjwc0sl05h0jescjlwfc2frrazd480pc47t55va:34604222/0/75:naswap:30,CBAF6B8118B19A221AD5F43BDF734D679AEF8CC6C1B60CD12503D28A90C90CC0
2026-09-28 19:04:28,Bitget,0x4a777646417b0fd34715d2b21d4a132c06aed330,,ETH.ETH,12.0,=:BTC.BTC:bc1qjwc0sl05h0jescjlwfc2frrazd480pc47t55va:37751292/0/81:naswap:30,91D53E44EDA3D5863758FF47AA5BB9C46B8E0CB2E2DFA39D1486FE7E6248A698
2026-09-28 19:04:40,Bitget,0x4a777646417b0fd34715d2b21d4a132c06aed330,,ETH.ETH,11.0,=:BTC.BTC:bc1qjwc0sl05h0jescjlwfc2frrazd480pc47t55va:34608377/0/75:naswap:30,42B208556F0CF7072CD245210D5DEDE094784BCCF647AD94930D93B0F13FD54A
2026-09-28 19:04:59,Bitget,0x4a777646417b0fd34715d2b21d4a132c06aed330,,ETH.ETH,13.0,=:BTC.BTC:bc1qjwc0sl05h0jescjlwfc2frrazd480pc47t55va:40900002/0/88:naswap:30,D2D0C6E3B39F846468FFF05BA4660FF4C951795D6733A26463E9808AB57DAFA7
2026-09-28 19:05:17,Bitget,0x4a777646417b0fd34715d2b21d4a132c06aed330,,ETH.ETH,13.0,=:BTC.BTC:bc1qjwc0sl05h0jescjlwfc2frrazd480pc47t55va:40906204/0/88:naswap:30,95E15F808FCA6D5555EBB8C78D5E10ACD847E482D79D4407037A54D406C82FB5
2026-09-28 19:05:42,Bitget,0x4a777646417b0fd34715d2b21d4a132c06aed330,,ETH.ETH,10.50339759,=:BTC.BTC:bc1qjwc0sl05h0jescjlwfc2frrazd480pc47t55va:33047085/0/71:naswap:30,3CAC1624B76D262F53C991880ACAF0C9152EC4150E39C4E322296747789742EE
2026-09-28 19:12:14,Bitget,0x4a777646417b0fd34715d2b21d4a132c06aed330,,ETH.ETH,11.0,=:BTC.BTC:bc1qjwc0sl05h0jescjlwfc2frrazd480pc47t55va:34583487/0/74:naswap:30,3BF347E6975CA467D96E6F00BCDCB3A32A9697F4EA0AE29BBC61D554CFAE36CF
2026-09-28 19:13:04,Bitget,0x4a777646417b0fd34715d2b21d4a132c06aed330,,ETH.ETH,13.0,=:BTC.BTC:bc1qjwc0sl05h0jescjlwfc2frrazd480pc47t55va:40870374/0/88:naswap:30,8E1852A52268E118029840B2B75D10AE5A64CED9AB15B75D05595F74B456A401
2026-09-28 19:13:28,Bitget,0x4a777646417b0fd34715d2b21d4a132c06aed330,,ETH.ETH,12.0,=:BTC.BTC:bc1qjwc0sl05h0jescjlwfc2frrazd480pc47t55va:37734506/0/81:naswap:30,A263436CFA99EF51559FE0618F9446181683C8AE56E312D01389ED058E29BCBA
2026-09-28 19:13:46,Bitget,0x4a777646417b0fd34715d2b21d4a132c06aed330,,ETH.ETH,13.0,=:BTC.BTC:bc1qjwc0sl05h0jescjlwfc2frrazd480pc47t55va:40869178/0/88:naswap:30,D9D191EDF0CE5F05A768A65287015F67BF49B8B850B7039B69532B07C85776A1
2026-09-28 19:14:15,Bitget,0x4a777646417b0fd34715d2b21d4a132c06aed330,,ETH.ETH,12.0,=:BTC.BTC:bc1qjwc0sl05h0jescjlwfc2frrazd480pc47t55va:37729254/0/81:naswap:30,75A64CB115F81B7DEC26575E62B11143B7FB8A43D464ECB8E8C1274719DE074C
2026-09-28 19:14:41,Bitget,0x4a777646417b0fd34715d2b21d4a132c06aed330,,ETH.ETH,12.0,=:BTC.BTC:bc1qjwc0sl05h0jescjlwfc2frrazd480pc47t55va:37736563/0/81:naswap:30,4118AC69C09F75CF509F662D09AABB83F3C287E12D086BF160A41FF34B6B9153
2026-09-28 19:14:41,Bitget,0x4a777646417b0fd34715d2b21d4a132c06aed330,,ETH.ETH,11.0,=:BTC.BTC:bc1qjwc0sl05h0jescjlwfc2frrazd480pc47t55va:34590103/0/74:naswap:30,42D3BFB2ED0D782554B08BDDE7A8C09967B6DD4686C65B1EE4B601A3294F8BC7
2026-09-28 19:15:42,Bitget,0x4a777646417b0fd34715d2b21d4a132c06aed330,,ETH.ETH,12.0,=:BTC.BTC:bc1qjwc0sl05h0jescjlwfc2frrazd480pc47t55va:37737666/0/81:naswap:30,E0B504BCA9A94D8880F7367D58B5F9F068C0027A41B05BBA1AC6E6F92E92D12D
2026-09-28 19:17:02,Bitget,0x4a777646417b0fd34715d2b21d4a132c06aed330,,ETH.ETH,11.7893073,=:BTC.BTC:bc1qjwc0sl05h0jescjlwfc2frrazd480pc47t55va:37057537/0/80:naswap:30,332EEDFF9C51C55EBD2B7359C1F9BE61BBE3C2E77E27768124332F70985BC28C
2026-09-28 19:24:44,Bitget,0x1cdac13e0962e8987e516dead9cd1396d2a4ddb7,,ETH.ETH,5.0,=:BTC.BTC:bc1pcwtw34uqqhr2mzhjn4vsu2r5knvcmt4n5a2p4t2w995lvltk2pksfw677t:15549521/0/34:naswap:30,4950E3168013252E6055825D46065A1D03B68E12499061BD7AD34CF7BCB1D7F4
2026-09-28 19:25:16,Bitget,0x1cdac13e0962e8987e516dead9cd1396d2a4ddb7,,ETH.ETH,5.0,=:BTC.BTC:bc1pcwtw34uqqhr2mzhjn4vsu2r5knvcmt4n5a2p4t2w995lvltk2pksfw677t:15547655/0/34:naswap:30,FD15FDCB969D504EAA387577CA60B53D7D253A5A332DBEAE479A4BE5E406F8D0
2026-09-28 19:26:17,Bitget,0x1cdac13e0962e8987e516dead9cd1396d2a4ddb7,,ETH.ETH,5.0,=:BTC.BTC:bc1pcwtw34uqqhr2mzhjn4vsu2r5knvcmt4n5a2p4t2w995lvltk2pksfw677t:15549762/0/34:naswap:30,E42F28C0ADBD0C62822D0A67B4F77E4E0B8C94A5CC0666A1A2FEB9005B7755FB
2026-09-28 19:27:55,Bitget,0x4a777646417b0fd34715d2b21d4a132c06aed330,,ETH.ETH,6.0,=:BTC.BTC:bc1qjwc0sl05h0jescjlwfc2frrazd480pc47t55va:18853565/0/41:naswap:30,809B8052A055D275C22BF56F65330E0E4ED0E20B8C50564EF8931F85D34E0050
2026-09-28 19:27:55,Bitget,0x1cdac13e0962e8987e516dead9cd1396d2a4ddb7,,ETH.ETH,5.0,=:BTC.BTC:bc1pcwtw34uqqhr2mzhjn4vsu2r5knvcmt4n5a2p4t2w995lvltk2pksfw677t:15548992/0/34:naswap:30,C2FF8BFCB4D70408DFABE391EE7DF27D38717B3B757F9F1266425CF1DC7A5938
2026-09-28 19:28:02,Bitget,0x4a777646417b0fd34715d2b21d4a132c06aed330,,ETH.ETH,7.0,=:BTC.BTC:bc1qjwc0sl05h0jescjlwfc2frrazd480pc47t55va:21996812/0/47:naswap:30,90211E6904346E08743479C05E5FC3D0E64ABFB5934AB8EE64675E8E919FFD38
2026-09-28 19:28:45,Bitget,0x4a777646417b0fd34715d2b21d4a132c06aed330,,ETH.ETH,6.0,,5378C69117879D924574DD4A3EC14E2FB780B6536078F3EEBCB2FF2CBD1EAA2C
2026-09-28 19:28:45,Bitget,0x4a777646417b0fd34715d2b21d4a132c06aed330,,ETH.ETH,5.0,,D01F236EBDBE07EED563C293C6F721310C98D67BFFE36796C806CF1BB8D460A7
2026-09-28 19:28:52,Bitget,0x4a777646417b0fd34715d2b21d4a132c06aed330,,ETH.ETH,8.0,=:BTC.BTC:bc1qjwc0sl05h0jescjlwfc2frrazd480pc47t55va:25138974/0/54:naswap:30,8F07FCCB092802393B3F4F5993FCD2AA7BC73B808738297C70FC60A53B871C33
2026-09-28 19:29:50,Bitget,0x4a777646417b0fd34715d2b21d4a132c06aed330,,ETH.ETH,6.0,=:BTC.BTC:bc1qjwc0sl05h0jescjlwfc2frrazd480pc47t55va:18854269/0/41:naswap:30,22D07F28FD318A93CCC2F2111DEF438946FB28ADD3C53507C650E472F3CAF49C
2026-09-28 19:30:09,Bitget,0x4a777646417b0fd34715d2b21d4a132c06aed330,,ETH.ETH,4.0,=:BTC.BTC:bc1qjwc0sl05h0jescjlwfc2frrazd480pc47t55va:12568957/0/27:naswap:30,E90B8E4B037D6E4280564235E0A07BB4A8397DF5F28BB795BABBEEF4B06E45F8
2026-09-28 19:30:09,Bitget,0x1cdac13e0962e8987e516dead9cd1396d2a4ddb7,,ETH.ETH,7.068,=:BTC.BTC:bc1pcwtw34uqqhr2mzhjn4vsu2r5knvcmt4n5a2p4t2w995lvltk2pksfw677t:21979080/0/48:naswap:30,F4631949C41388B30EEA3A6D98283937E1C32FCAB0620F1384028A9557B6342B
2026-09-28 19:30:09,Bitget,0x4a777646417b0fd34715d2b21d4a132c06aed330,,ETH.ETH,5.0,=:BTC.BTC:bc1qjwc0sl05h0jescjlwfc2frrazd480pc47t55va:15710017/0/34:naswap:30,58FA817E55BCA3B88063712F1D611C1F236D640E697365C1FB46C0399BBED836
2026-09-28 19:30:28,Bitget,0x4a777646417b0fd34715d2b21d4a132c06aed330,,ETH.ETH,7.0,=:BTC.BTC:bc1qjwc0sl05h0jescjlwfc2frrazd480pc47t55va:21999685/0/47:naswap:30,2288499D556337C872BA1B0AD9138AAE53AB75FF50B5DD17677BB08F28EFBBEA
2026-09-28 19:30:41,Bitget,0x4a777646417b0fd34715d2b21d4a132c06aed330,,ETH.ETH,5.0,=:BTC.BTC:bc1qjwc0sl05h0jescjlwfc2frrazd480pc47t55va:15707765/0/34:naswap:30,D115661C800FD5DEED930BAF6BF185F2F34A12FA6334DF6D56CC43641AE446C9
2026-09-28 19:31:05,Bitget,0x1cdac13e0962e8987e516dead9cd1396d2a4ddb7,,ETH.ETH,5.0,=:BTC.BTC:bc1pcwtw34uqqhr2mzhjn4vsu2r5knvcmt4n5a2p4t2w995lvltk2pksfw677t:15547497/0/34:naswap:30,CF40E4E64BD46624D253CEA1E59922B691A34D18DEC0BFCAAF7F1A68CCC5CEB1
2026-09-28 19:31:11,Bitget,0x4a777646417b0fd34715d2b21d4a132c06aed330,,ETH.ETH,4.0,,F5D940293F43F5E35818B292C49F23579164CA40D6E3C2F6FF30BBB0114165F0
2026-09-28 19:31:17,Bitget,0x4a777646417b0fd34715d2b21d4a132c06aed330,,ETH.ETH,5.0,=:BTC.BTC:bc1qjwc0sl05h0jescjlwfc2frrazd480pc47t55va:15707765/0/34:naswap:30,802DDB1A182F6733947F950AFCC98138E8B4FDC0868DA3DDE88291AAD1A60004
2026-09-28 19:31:42,Bitget,0x4a777646417b0fd34715d2b21d4a132c06aed330,,ETH.ETH,5.0,=:BTC.BTC:bc1qjwc0sl05h0jescjlwfc2frrazd480pc47t55va:15707765/0/34:naswap:30,B7A1D3374F25EA919744F109593DC621B2BC0FD39E5FBF285BBC3E162619BE99
2026-09-28 19:32:31,Bitget,0x4a777646417b0fd34715d2b21d4a132c06aed330,,ETH.ETH,7.0,=:BTC.BTC:bc1qjwc0sl05h0jescjlwfc2frrazd480pc47t55va:21987593/0/47:naswap:30,6097C2A1E616F02ED55486A490EDAA536511DF3FCB34C1B2CD1E720B7FF4D29F
2026-09-28 19:32:49,Bitget,0x4a777646417b0fd34715d2b21d4a132c06aed330,,ETH.ETH,6.24909927,=:BTC.BTC:bc1qjwc0sl05h0jescjlwfc2frrazd480pc47t55va:19634916/0/42:naswap:30,BC65E948F6F73A0F9987254ACA0073C5D2B8AA0906A39790C11F11CD82F54149
2026-09-28 19:40:27,Bitget,0x4a777646417b0fd34715d2b21d4a132c06aed330,,ETH.ETH,6.24909927,=:BTC.BTC:bc1qjwc0sl05h0jescjlwfc2frrazd480pc47t55va:19634844/0/42:naswap:30,74440BC24B964DBD6F28EA16B40B149D1DE58240E7766E8A66AE55513466B027
2026-09-28 19:40:52,Bitget,0x4a777646417b0fd34715d2b21d4a132c06aed330,,ETH.ETH,8.75034918,=:BTC.BTC:bc1qjwc0sl05h0jescjlwfc2frrazd480pc47t55va:27485832/0/59:naswap:30,DDF3372898B7FCF99493BEF0D500C790C0DF943A10E3DD97D8AEAE7C32311488
2026-09-28 19:43:14,Bitget,0x4a777646417b0fd34715d2b21d4a132c06aed330,,ETH.ETH,8.75034918,=:BTC.BTC:bc1qjwc0sl05h0jescjlwfc2frrazd480pc47t55va:27485726/0/59:naswap:30,5A304AA22A80628E386BCEFF18B26199643A52178DE73B7026B62B2A535396ED
2026-09-28 19:43:27,Bitget,0x4a777646417b0fd34715d2b21d4a132c06aed330,,ETH.ETH,5.0,=:BTC.BTC:bc1qjwc0sl05h0jescjlwfc2frrazd480pc47t55va:15720860/0/34:naswap:30,FD8754FF7785CC1267DFCB18F85D18BFC225A2A2CA0F8F9EB8F7E35CEC2D8842
2026-09-28 19:43:40,Bitget,0x4a777646417b0fd34715d2b21d4a132c06aed330,,ETH.ETH,6.0,=:BTC.BTC:bc1qjwc0sl05h0jescjlwfc2frrazd480pc47t55va:15720860/0/34:naswap:30,09A8E5A62CB77F47F38E477A293AC402B4033A0FA906E69117EE952486DC41D8
2026-09-28 19:43:54,Bitget,0x4a777646417b0fd34715d2b21d4a132c06aed330,,ETH.ETH,7.0,=:BTC.BTC:bc1qjwc0sl05h0jescjlwfc2frrazd480pc47t55va:22010604/0/47:naswap:30,42A49708166BB29027CE22E9811B0CC4E75356A6F815769B58ED9799AC018C46
2026-09-28 19:44:06,Bitget,0x4a777646417b0fd34715d2b21d4a132c06aed330,,ETH.ETH,5.0,=:BTC.BTC:bc1qjwc0sl05h0jescjlwfc2frrazd480pc47t55va:15725948/0/34:naswap:30,D5BF2896444572F41ABC8BF900C337615E52B6D7D184ECC1E8026298D31B3FE3
2026-09-28 19:45:31,Bitget,0x4a777646417b0fd34715d2b21d4a132c06aed330,,ETH.ETH,6.0,=:BTC.BTC:bc1qjwc0sl05h0jescjlwfc2frrazd480pc47t55va:18859031/0/41:naswap:30,BFA51DF84324DD41807325F103E1B1DAD6803954863C39BCBCCBC07F468D605D
2026-09-28 19:45:43,Bitget,0x4a777646417b0fd34715d2b21d4a132c06aed330,,ETH.ETH,5.0,=:BTC.BTC:bc1qjwc0sl05h0jescjlwfc2frrazd480pc47t55va:15717380/0/34:naswap:30,77212FEC08B6A484A68D8BD7DD0A63C0E677E8324ACC2EEAA57BE7ADCEBDC337
2026-09-28 19:46:14,Bitget,0x4a777646417b0fd34715d2b21d4a132c06aed330,,ETH.ETH,4.0,=:BTC.BTC:bc1qjwc0sl05h0jescjlwfc2frrazd480pc47t55va:12575277/0/27:naswap:30,4CDC29DC1BCB6FB3936955DFD7DF5C62D3AE6B73E6ACAB20B99A39464C03F047
2026-09-28 19:46:14,Bitget,0x4a777646417b0fd34715d2b21d4a132c06aed330,,ETH.ETH,6.0,=:BTC.BTC:bc1qjwc0sl05h0jescjlwfc2frrazd480pc47t55va:18862785/0/41:naswap:30,8B465D112DF1B6534807205E082129DA43B7C5E6FE9CEC7726530D869AE4E57B
2026-09-28 19:46:43,Bitget,0x4a777646417b0fd34715d2b21d4a132c06aed330,,ETH.ETH,6.0,=:BTC.BTC:bc1qjwc0sl05h0jescjlwfc2frrazd480pc47t55va:18864855/0/41:naswap:30,F11BA0951E3C1553127A146FABCFA894E66B51944841F45B81CFD9130EAC395D
2026-09-28 19:47:01,Bitget,0x4a777646417b0fd34715d2b21d4a132c06aed330,,ETH.ETH,4.0,=:BTC.BTC:bc1qjwc0sl05h0jescjlwfc2frrazd480pc47t55va:12572981/0/27:naswap:30,BB3102FF5B92A0C8C3ED7FF27829ABD3AC03B6868F958FA69940059BC03ADD45
2026-09-28 19:47:01,Bitget,0x4a777646417b0fd34715d2b21d4a132c06aed330,,ETH.ETH,5.0,=:BTC.BTC:bc1qjwc0sl05h0jescjlwfc2frrazd480pc47t55va:15717759/0/34:naswap:30,55F6AD9ADAA3123D0E1C2E70FD097467A623FAC9DC6EECAC874034923622D8A1
2026-09-28 19:47:20,Bitget,0x4a777646417b0fd34715d2b21d4a132c06aed330,,ETH.ETH,6.0,=:BTC.BTC:bc1qjwc0sl05h0jescjlwfc2frrazd480pc47t55va:18862554/0/41:naswap:30,103DFFB9EF56289CFC458F208239AA93B5081BBDA5AD8275F51F8F8440CE8564
2026-09-28 19:48:04,Bitget,0x4a777646417b0fd34715d2b21d4a132c06aed330,,ETH.ETH,6.0,=:BTC.BTC:bc1qjwc0sl05h0jescjlwfc2frrazd480pc47t55va:18858919/0/41:naswap:30,63C087C2A604FB91FBDD9C424427B31A6A45B176211366A6DFF1B7353424ED7F
2026-09-28 19:49:49,Bitget,0x4a777646417b0fd34715d2b21d4a132c06aed330,,ETH.ETH,5.0,=:BTC.BTC:bc1qjwc0sl05h0jescjlwfc2frrazd480pc47t55va:15711360/0/34:naswap:30,78E76B8D8F63B48D5CEC43CC1F63E3A142670CE2646892F57FE6F1C24112FAD5
2026-09-28 19:57:42,Bitget,0x4a777646417b0fd34715d2b21d4a132c06aed330,,ETH.ETH,7.46089776,=:BTC.BTC:bc1qjwc0sl05h0jescjlwfc2frrazd480pc47t55va:23450358/0/50:naswap:30,8CC030F4D304A4C6B96BC0D45C02F3188C32BB99EBE79E5724ABC42384C22C72
2026-09-28 20:05:27,Bitget,0x4a777646417b0fd34715d2b21d4a132c06aed330,,ETH.ETH,5.0,=:BTC.BTC:bc1qjwc0sl05h0jescjlwfc2frrazd480pc47t55va:15729990/0/34:naswap:30,B4C769E84C8616BDEA369CEBB2F3EFCEE0DAF9FBB2D08D4EF40220F317CF193E
2026-09-28 20:06:14,Bitget,0x4a777646417b0fd34715d2b21d4a132c06aed330,,ETH.ETH,7.0,=:BTC.BTC:bc1qjwc0sl05h0jescjlwfc2frrazd480pc47t55va:22021161/0/47:naswap:30,79D4C061DA5BFE19101DAF56F8F4875BB2D582606AB1CA50E54C829E221E2AA8
2026-09-28 20:06:41,Bitget,0x4a777646417b0fd34715d2b21d4a132c06aed330,,ETH.ETH,6.0,=:BTC.BTC:bc1qjwc0sl05h0jescjlwfc2frrazd480pc47t55va:18879496/0/41:naswap:30,54406D42991085544C3CA403EA20554290A15E2940D54973ED4F6C7209FA6DD7
2026-09-28 20:06:54,Bitget,0x4a777646417b0fd34715d2b21d4a132c06aed330,,ETH.ETH,6.0,=:BTC.BTC:bc1qjwc0sl05h0jescjlwfc2frrazd480pc47t55va:18876836/0/41:naswap:30,5210AA12BB9E5B48FCCCE4C756D062966176F8CFF5E85F3333E2FC6EB90DE77E
2026-09-28 20:07:53,Bitget,0x4a777646417b0fd34715d2b21d4a132c06aed330,,ETH.ETH,7.0,=:BTC.BTC:bc1qjwc0sl05h0jescjlwfc2frrazd480pc47t55va:22028177/0/47:naswap:30,1D055C74A434FFCDC7E6278F516A09330C3F581EF0718F91FC93A002A6439C76
2026-09-28 20:08:18,Bitget,0x4a777646417b0fd34715d2b21d4a132c06aed330,,ETH.ETH,6.0,=:BTC.BTC:bc1qjwc0sl05h0jescjlwfc2frrazd480pc47t55va:18884061/0/41:naswap:30,5BC8B8DE7F6A901CBEBEEA58FB51380C2D9617A4F7F5AA366FCD40CD965F7610
2026-09-28 20:08:18,Bitget,0x4a777646417b0fd34715d2b21d4a132c06aed330,,ETH.ETH,5.0,=:BTC.BTC:bc1qjwc0sl05h0jescjlwfc2frrazd480pc47t55va:15737663/0/34:naswap:30,A44E4968152017D49C25971ACA9E7B13BAB4031E8F65956A7D68FE69D6F82BBD
2026-09-28 20:09:19,Bitget,0x4a777646417b0fd34715d2b21d4a132c06aed330,,ETH.ETH,5.0,=:BTC.BTC:bc1qjwc0sl05h0jescjlwfc2frrazd480pc47t55va:15729200/0/34:naswap:30,60C21D208063FD992E70A245C6AB9EB0D879B79FD6997B55ECDBBE3CF78B369C
2026-09-28 20:10:08,Bitget,0x4a777646417b0fd34715d2b21d4a132c06aed330,,ETH.ETH,7.0,=:BTC.BTC:bc1qjwc0sl05h0jescjlwfc2frrazd480pc47t55va:22040033/0/47:naswap:30,E2841A0C4AF468A7C9E58A6D228F590F8A27EB4C335A28DFDE264948203D0234
2026-09-28 20:10:15,Bitget,0x4a777646417b0fd34715d2b21d4a132c06aed330,,ETH.ETH,5.0,,A4C947E9F28133EA52BBE6824D8D87D5B446F6C948435E8B48F57DD9453F0E4C
2026-09-28 20:10:40,Bitget,0x4a777646417b0fd34715d2b21d4a132c06aed330,,ETH.ETH,6.0,=:BTC.BTC:bc1qjwc0sl05h0jescjlwfc2frrazd480pc47t55va:18890566/0/41:naswap:30,33038DDE5CAF6E7B518A9C5D4C42C1B05525157264929D9F0C5AE86E91B3EACE
2026-09-28 20:10:40,Bitget,0x4a777646417b0fd34715d2b21d4a132c06aed330,,ETH.ETH,5.0,=:BTC.BTC:bc1qjwc0sl05h0jescjlwfc2frrazd480pc47t55va:15739136/0/34:naswap:30,BCB3E0545AA39E022D79B1FE97750A3BFD2DBBA04E41133A9ACD586148DF3FB0
2026-09-28 20:10:40,Bitget,0x4a777646417b0fd34715d2b21d4a132c06aed330,,ETH.ETH,6.0,=:BTC.BTC:bc1qjwc0sl05h0jescjlwfc2frrazd480pc47t55va:18886883/0/41:naswap:30,DFBA8C36E8BD40D604F505E15930AA19952BC2B35A4FD55A9CA26B7ADA711A7E
2026-09-28 20:10:40,Bitget,0x4a777646417b0fd34715d2b21d4a132c06aed330,,ETH.ETH,7.0,=:BTC.BTC:bc1qjwc0sl05h0jescjlwfc2frrazd480pc47t55va:22037554/0/47:naswap:30,49CE1CAED7A75EA7CF1B338D79C424EE258BCA1C4153F48164FE8A7807D0EF4D
2026-09-28 20:11:41,Bitget,0x4a777646417b0fd34715d2b21d4a132c06aed330,,ETH.ETH,7.62396029,=:BTC.BTC:bc1qjwc0sl05h0jescjlwfc2frrazd480pc47t55va:24000777/0/52:naswap:30,741884DB9405D6AA212FF2C3F772BC337794B9129C88B3B63910BFC872002DFB
2026-09-28 20:11:41,Bitget,0x4a777646417b0fd34715d2b21d4a132c06aed330,,ETH.ETH,5.0,=:BTC.BTC:bc1qjwc0sl05h0jescjlwfc2frrazd480pc47t55va:15743492/0/34:naswap:30,3357A0A61B18504EEC7E8B40154D3FA205F337BFA09C5BBEE2030E4609DDF839
2026-09-28 20:12:50,Bitget,0x4a777646417b0fd34715d2b21d4a132c06aed330,,ETH.ETH,5.0,=:BTC.BTC:bc1qjwc0sl05h0jescjlwfc2frrazd480pc47t55va:15742720/0/34:naswap:30,566D249C947EF050CD5F20C718798A786319DB6BDF60C9C122A3C7F48263CE11
